rank,title,domestic_revenue,release_year,distributor
1,Star Wars: Episode VII - The Force Awakens,936662225,2015,Walt Disney Studios Motion Pictures
2,Avengers: Endgame,858373000,2019,Walt Disney Studios Motion Pictures
3,Spider-Man: No Way Home,814866759,2021,Sony Pictures Releasing
4,Avatar,785221649,2009,
5,Top Gun: Maverick,718732821,2022,Paramount Pictures
6,Black Panther,700426566,2018,Walt Disney Studios Motion Pictures
7,Avatar: The Way of Water,688459501,2022,20th Century Studios
8,Avengers: Infinity War,678815482,2018,Walt Disney Studios Motion Pictures
9,Titanic,674354882,1997,
10,Jurassic World,653406625,2015,Universal Pictures
11,Inside Out 2,652980194,2024,Walt Disney Studios Motion Pictures
12,Deadpool & Wolverine,636745858,2024,Walt Disney Studios Motion Pictures
13,Barbie,636238421,2023,Warner Bros.
14,The Avengers,623357910,2012,Walt Disney Studios Motion Pictures
15,Star Wars: Episode VIII - The Last Jedi,620181382,2017,Walt Disney Studios Motion Pictures
16,Incredibles 2,608581744,2018,Walt Disney Studios Motion Pictures
17,The Super Mario Bros. Movie,574934330,2023,Universal Pictures
18,The Lion King,543638043,2019,Walt Disney Studios Motion Pictures
19,The Dark Knight,534987076,2008,
20,Rogue One: A Star Wars Story,533539991,2016,Walt Disney Studios Motion Pictures
21,Star Wars: Episode IX - The Rise of Skywalker,515202542,2019,Walt Disney Studios Motion Pictures
22,Beauty and the Beast,504481165,2017,Walt Disney Studios Motion Pictures
23,Star Wars: Episode I - The Phantom Menace,487576624,1999,
24,Finding Dory,486295561,2016,Walt Disney Studios Motion Pictures
25,Frozen II,477373578,2019,Walt Disney Studios Motion Pictures
26,Wicked,474983975,2024,Universal Pictures
27,Star Wars: Episode IV - A New Hope,460998507,1977,
28,Moana 2,460405297,2024,Walt Disney Studios Motion Pictures
29,Avengers: Age of Ultron,459005868,2015,Walt Disney Studios Motion Pictures
30,Black Panther: Wakanda Forever,453829060,2022,Walt Disney Studios Motion Pictures
31,The Dark Knight Rises,448149584,2012,Warner Bros.
32,Shrek 2,444978202,2004,
33,E.T. the Extra-Terrestrial,439454989,1982,
34,Toy Story 4,434038008,2019,Walt Disney Studios Motion Pictures
35,Captain Marvel,426829839,2019,Walt Disney Studios Motion Pictures
36,The Lion King,424979720,1994,
37,The Hunger Games: Catching Fire,424668047,2013,Lionsgate
38,A Minecraft Movie,423949195,2025,Warner Bros.
39,Lilo & Stitch,423778855,2025,Walt Disney Studios Motion Pictures
40,Pirates of the Caribbean: Dead Man's Chest,423315812,2006,
41,Jurassic World: Fallen Kingdom,417719760,2018,Universal Pictures
42,Toy Story 3,415004880,2010,Walt Disney Studios Motion Pictures
43,Star Wars: Episode III - Revenge of the Sith,414378291,2005,
44,Wonder Woman,412845172,2017,Warner Bros.
45,Doctor Strange in the Multiverse of Madness,411331607,2022,Walt Disney Studios Motion Pictures
46,Iron Man 3,409013994,2013,Walt Disney Studios Motion Pictures
47,Spider-Man,408524875,2002,
48,Captain America: Civil War,408084349,2016,Walt Disney Studios Motion Pictures
49,The Hunger Games,408010692,2012,Lionsgate
50,Jurassic Park,407185075,1993,
51,Jumanji: Welcome to the Jungle,404540171,2017,Sony Pictures Releasing
52,Transformers: Revenge of the Fallen,402111870,2009,
53,Frozen,400953009,2013,Walt Disney Studios Motion Pictures
54,Spider-Man: Far from Home,391283774,2019,Sony Pictures Releasing
55,Guardians of the Galaxy Vol. 2,389813101,2017,Walt Disney Studios Motion Pictures
56,The Lord of the Rings: The Return of the King,381878219,2003,
57,Spider-Man: Across the Spider-Verse,381593754,2023,Columbia Pictures
58,Harry Potter and the Deathly Hallows: Part 2,381447587,2011,Warner Bros.
59,Finding Nemo,380843261,2003,
60,Jurassic World: Dominion,376851080,2022,Universal Pictures
61,Spider-Man 2,375087840,2004,
62,The Passion of the Christ,370782930,2004,
63,Minions: The Rise of Gru,370549695,2022,Universal Pictures
64,The Batman,369345583,2022,Warner Bros.
65,The Secret Life of Pets,368623860,2016,Universal Pictures
66,Despicable Me 2,368065385,2013,Universal Pictures
67,The Jungle Book,364001123,2016,Walt Disney Studios Motion Pictures
68,Deadpool,363070709,2016,Twentieth Century Fox
69,Despicable Me 4,361004205,2024,Universal Pictures
70,Guardians of the Galaxy Vol. 3,358995815,2023,Walt Disney Studios Motion Pictures
71,Inside Out,356461711,2015,Walt Disney Studios Motion Pictures
72,Aladdin,355559216,2019,Walt Disney Studios Motion Pictures
73,Superman,354184465,2025,Warner Bros.
74,Furious 7,353007020,2015,Universal Pictures
75,Transformers: Dark of the Moon,352390543,2011,DreamWorks
76,American Sniper,350159020,2014,
77,The Lord of the Rings: The Two Towers,345518923,2002,
78,Thor: Love and Thunder,343256830,2022,Walt Disney Studios Motion Pictures
79,Zootopia,341268248,2016,Walt Disney Studios Motion Pictures
80,Jurassic World: Rebirth,339640400,2025,Universal Pictures
81,Spider-Man 3,338032318,2007,
82,The Hunger Games: Mockingjay - Part 1,337135885,2014,Lionsgate
83,Minions,336045770,2015,Universal Pictures
84,Joker,335477657,2019,Warner Bros.
85,Aquaman,335104314,2018,Warner Bros.
86,Spider-Man: Homecoming,334952829,2017,Sony Pictures Releasing
87,Alice in Wonderland,334191110,2010,Walt Disney Studios Motion Pictures
88,Guardians of the Galaxy,333718600,2014,Walt Disney Studios Motion Pictures
89,Forrest Gump,330455270,1994,
90,Batman v Superman: Dawn of Justice,330360194,2016,Warner Bros.
91,Oppenheimer,330078895,2023,Universal Pictures
92,It,328874981,2017,Warner Bros.
93,Suicide Squad,325100054,2016,Warner Bros.
94,Deadpool 2,324591735,2018,Twentieth Century Fox
95,Shrek the Third,322719944,2007,
96,Wicked: For Good,322429685,2025,Universal Pictures
97,Jumanji: The Next Level,320314960,2019,Sony Pictures Releasing
98,The Lord of the Rings: The Fellowship of the Ring,319372078,2001,
99,Transformers,319246193,2007,
100,Iron Man,319034126,2008,
101,Harry Potter and the Sorcerer's Stone,318886962,2001,
102,Indiana Jones and the Kingdom of the Crystal Skull,317101119,2008,
103,Star Wars: Episode VI - Return of the Jedi,316566101,1983,
104,Thor: Ragnarok,315058289,2017,Walt Disney Studios Motion Pictures
105,Iron Man 2,312433331,2010,Paramount Pictures
106,Star Wars: Episode II - Attack of the Clones,310676740,2002,
107,Pirates of the Caribbean: At World's End,309420425,2007,
108,Independence Day,306169268,1996,
109,Pirates of the Caribbean: The Curse of the Black Pearl,305413918,2003,
110,Skyfall,304360277,2012,Sony Pictures Releasing
111,The Hobbit: An Unexpected Journey,303030651,2012,Warner Bros.
112,Harry Potter and the Half-Blood Prince,302334374,2009,
113,The Twilight Saga: Eclipse,300840764,2010,Summit Entertainment
114,The Twilight Saga: New Moon,298410482,2009,
115,The Little Mermaid,298172056,2023,Walt Disney Studios Motion Pictures
116,Harry Potter and the Deathly Hallows: Part 1,296374621,2010,Warner Bros.
117,Beetlejuice Beetlejuice,294100435,2024,Warner Bros.
118,The Sixth Sense,293506292,1999,
119,The Twilight Saga: Breaking Dawn - Part 2,293144686,2012,Lionsgate
120,Up,293004164,2009,
121,Star Wars: Episode V - The Empire Strikes Back,292753960,1980,
122,Inception,292587330,2010,Warner Bros.
123,Harry Potter and the Order of the Phoenix,292382727,2007,
124,"The Chronicles of Narnia: The Lion, the Witch and the Wardrobe",291710957,2005,
125,Man of Steel,291045518,2013,Warner Bros.
126,"Monsters, Inc.",290642256,2001,
127,Harry Potter and the Goblet of Fire,290469928,2005,
128,Zootopia 2,287506867,2025,Walt Disney Studios Motion Pictures
129,Home Alone,285761243,1990,
130,Dune: Part Two,282144358,2024,Warner Bros.
131,The Twilight Saga: Breaking Dawn - Part 1,281797623,2011,Summit Entertainment
132,The Hunger Games: Mockingjay - Part 2,281723902,2015,Lionsgate
133,The Matrix Reloaded,281576461,2003,
134,Jaws,280083300,1975,
135,Sinners,279653537,2025,Warner Bros.
136,Meet the Fockers,279261160,2004,
137,The Hangover,277339746,2009,
138,The Fantastic Four: First Steps,274286610,2025,Walt Disney Studios Motion Pictures
139,Gravity,274092705,2013,Warner Bros.
140,The Grinch,272504456,2018,Universal Pictures
141,Sing,270578425,2016,Universal Pictures
142,Shrek,268698241,2001,
143,Monsters University,268492764,2013,Walt Disney Studios Motion Pictures
144,Twisters,267762265,2024,Universal Pictures
145,How the Grinch Stole Christmas,264869335,2000,
146,Despicable Me 3,264624300,2017,Universal Pictures
147,How to Train Your Dragon,262958100,2025,Universal Pictures International (UPI)
148,The Amazing Spider-Man,262782352,2012,Sony Pictures Releasing
149,Harry Potter and the Chamber of Secrets,262641637,2002,
150,The Incredibles,261441092,2004,
151,Captain America: The Winter Soldier,259766572,2014,Walt Disney Studios Motion Pictures
152,The Hobbit: The Desolation of Smaug,258387334,2013,Warner Bros.
153,The Lego Movie,257966122,2014,Warner Bros.
154,Star Trek,257730019,2009,
155,I Am Legend,256393010,2007,
156,The Blind Side,255982860,2009,
157,The Hobbit: The Battle of the Five Armies,255138261,2014,Warner Bros.
158,Mufasa: The Lion King,254567693,2024,Walt Disney Studios Motion Pictures
159,The Hangover Part II,254464305,2011,Warner Bros.
160,Despicable Me,251683815,2010,Universal Pictures
161,Batman,251409241,1989,
162,Night at the Museum,250863268,2006,
163,Men in Black,250690539,1997,
164,Harry Potter and the Prisoner of Azkaban,250105651,2004,
165,Moana,248757044,2016,Walt Disney Studios Motion Pictures
166,Raiders of the Lost Ark,248159971,1981,
167,Toy Story 2,245852179,1999,
168,Transformers: Age of Extinction,245439076,2014,Paramount Pictures
169,Cars,244082982,2006,
170,Ghostbusters,243640120,1984,
171,Bruce Almighty,242829261,2003,
172,Twister,241830615,1996,
173,My Big Fat Greek Wedding,241438208,2002,
174,Maleficent,241410378,2014,Walt Disney Studios Motion Pictures
175,Pirates of the Caribbean: On Stranger Tides,241071802,2011,Walt Disney Studios Motion Pictures
176,Shrek Forever After,238736787,2010,DreamWorks
177,Fast & Furious 6,238679850,2013,Universal Pictures
178,Brave,237283207,2012,Walt Disney Studios Motion Pictures
179,Sonic the Hedgehog 3,236115100,2024,Paramount Pictures
180,Oz the Great and Powerful,234911825,2013,Walt Disney Studios Motion Pictures
181,Beverly Hills Cop,234760478,1984,
182,X-Men: The Last Stand,234362462,2006,
183,War of the Worlds,234280354,2005,
184,Fantastic Beasts and Where to Find Them,234037575,2016,Warner Bros.
185,X-Men: Days of Future Past,233921534,2014,Twentieth Century Fox
186,Cast Away,233632142,2000,
187,The Exorcist,233005644,1973,
188,Doctor Strange,232641920,2016,Walt Disney Studios Motion Pictures
189,Toy Story,229947062,1995,
190,The Lost World: Jurassic Park,229086679,1997,
191,Justice League,229024295,2017,Warner Bros.
192,Star Trek Into Darkness,228778661,2013,Paramount Pictures
193,The Martian,228433663,2015,Twentieth Century Fox
194,Signs,227966634,2002,
195,Hancock,227946274,2008,
196,The Bourne Ultimatum,227471070,2007,
197,Logan,226277068,2017,Twentieth Century Fox
198,Rush Hour 2,226164286,2001,
199,The Fate of the Furious,226008385,2017,Universal Pictures
200,Shang-Chi and the Legend of the Ten Rings,224543292,2021,Walt Disney Studios Motion Pictures
201,WALL·E,223808164,2008,
202,Big Hero 6,222527828,2014,Walt Disney Studios Motion Pictures
203,Back to the Future,222476852,1985,
204,Mission: Impossible - Fallout,220159104,2018,Paramount Pictures
205,National Treasure: Book of Secrets,219964115,2007,
206,Alvin and the Chipmunks: The Squeakquel,219614612,2009,
207,Mrs. Doubtfire,219195243,1993,
208,Beauty and the Beast,218967620,1991,
209,Ted,218815487,2012,Universal Pictures
210,Wonka,218402312,2023,Warner Bros.
211,King Kong,218080025,2005,
212,Ghost,217631306,1990,
213,How to Train Your Dragon,217581231,2010,DreamWorks
214,The Da Vinci Code,217536138,2006,
215,Aladdin,217350219,1992,
216,Alvin and the Chipmunks,217326974,2007,
217,Saving Private Ryan,217049603,1998,
218,Bohemian Rhapsody,216668042,2018,Twentieth Century Fox
219,Ant-Man and the Wasp,216648740,2018,Walt Disney Studios Motion Pictures
220,Madagascar 3: Europe's Most Wanted,216391482,2012,DreamWorks
221,Kung Fu Panda,216064546,2008,
222,Mission: Impossible II,215409889,2000,
223,A Star Is Born,215333122,2018,Warner Bros.
224,X2: X-Men United,214949694,2003,
225,Ant-Man and the Wasp: Quantumania,214504909,2023,Walt Disney Studios Motion Pictures
226,The Lorax,214494550,2012,Universal Pictures
227,Solo: A Star Wars Story,213767512,2018,Walt Disney Studios Motion Pictures
228,Venom: Let There Be Carnage,213550366,2021,Sony Pictures Releasing
229,Venom,213515506,2018,Sony Pictures Releasing
230,Austin Powers in Goldmember,213307889,2002,
231,It: Chapter Two,211622525,2019,Warner Bros.
232,300,210629101,2007,
233,Coco,210460015,2017,Walt Disney Studios Motion Pictures
234,Fast Five,209837675,2011,Universal Pictures
235,Mission: Impossible - Ghost Protocol,209397903,2011,Paramount Pictures
236,Wedding Crashers,209273411,2005,
237,Sherlock Holmes,209028679,2009,
238,Dawn of the Planet of the Apes,208545589,2014,Twentieth Century Fox
239,Batman Begins,206863479,2005,
240,Charlie and the Chocolate Factory,206459076,2005,
241,Ratatouille,206445654,2007,
242,Thor: The Dark World,206362140,2013,Walt Disney Studios Motion Pictures
243,Bad Boys for Life,206305244,2020,Sony Pictures Releasing
244,Austin Powers: The Spy Who Shagged Me,206040086,1999,
245,Terminator 2: Judgment Day,205881154,1991,
246,The Amazing Spider-Man 2,203605622,2014,Sony Pictures Releasing
247,Interstellar,203227580,2014,Paramount Pictures
248,World War Z,202807711,2013,Paramount Pictures
249,The Mummy Returns,202019785,2001,
250,Armageddon,201578182,1998,
251,Cinderella,201151353,2015,Walt Disney Studios Motion Pictures
252,Ralph Breaks the Internet,201091711,2018,Walt Disney Studios Motion Pictures
253,Gone with the Wind,200882193,1939,
254,Tangled,200821936,2010,Walt Disney Studios Motion Pictures
255,Godzilla,200676069,2014,Warner Bros.
256,Captain America: Brave New World,200500001,2025,Walt Disney Studios Motion Pictures
257,Superman Returns,200081192,2006,
258,Spectre,200074609,2015,Sony Pictures Releasing
259,Pearl Harbor,198542554,2001,
260,Monsters vs. Aliens,198351526,2009,
261,Happy Feet,198000317,2006,
262,Mission: Impossible - The Final Reckoning,197413515,2025,Paramount Pictures International
263,Indiana Jones and the Last Crusade,197171806,1989,
264,Ice Age: Dawn of the Dinosaurs,196573705,2009,
265,Godzilla x Kong: The New Empire,196350016,2024,Warner Bros.
266,Twilight,195553813,2008,
267,Ice Age 2: The Meltdown,195330621,2006,
268,Mission: Impossible - Rogue Nation,195042377,2015,Paramount Pictures
269,Men in Black II,193735288,2002,
270,Madagascar,193595521,2005,
271,Kung Fu Panda 4,193590620,2024,Universal Pictures
272,Bad Boys: Ride or Die,193573217,2024,Sony Pictures Releasing
273,22 Jump Street,191719337,2014,Sony Pictures Releasing
274,Cars 2,191452396,2011,Walt Disney Studios Motion Pictures
275,Teenage Mutant Ninja Turtles,191204754,2014,Paramount Pictures
276,Sonic the Hedgehog 2,190872904,2022,Paramount Pictures
277,Thunderbolts*,190274328,2025,Walt Disney Studios Motion Pictures
278,Spider-Man: Into the Spider-Verse,190241310,2018,Sony Pictures Releasing
279,Grease,190071103,1978,
280,Dunkirk,189740665,2017,Warner Bros.
281,The Polar Express,189528738,2004,
282,F1: The Movie,189527111,2025,Warner Bros.
283,Wreck-It Ralph,189422889,2012,Walt Disney Studios Motion Pictures
284,A Quiet Place,188024361,2018,Paramount Pictures
285,Gladiator,187705427,2000,
286,The Croods,187168425,2013,Twentieth Century Fox
287,John Wick: Chapter 4,187131806,2023,Lionsgate
288,Sherlock Holmes: A Game of Shadows,186848418,2011,Warner Bros.
289,The Day After Tomorrow,186740799,2004,
290,Mr. & Mrs. Smith,186336279,2005,
291,Puss in Boots: The Last Wish,186090535,2022,Universal Pictures
292,Snow White and the Seven Dwarfs,184925486,1937,
293,Pitch Perfect 2,184296230,2015,Universal Pictures
294,Dances with Wolves,184208848,1990,
295,Sound of Freedom,184178046,2023,Angel
296,Batman Forever,184069126,1995,
297,The Fugitive,183875760,1993,
298,Black Widow,183651655,2021,Walt Disney Studios Motion Pictures
299,The Revenant,183637894,2015,
300,Ocean's Eleven,183417150,2001,
301,The Simpsons Movie,183135014,2007,
302,What Women Want,182811707,2000,
303,The Perfect Storm,182618434,2000,
304,Lincoln,182207973,2012,Walt Disney Studios Motion Pictures
305,Liar Liar,181410615,1997,
306,Jurassic Park III,181171875,2001,
307,Thor,181030624,2011,Paramount Pictures
308,Mission: Impossible,180981856,1996,
309,Taylor Swift: The Eras Tour,180756269,2023,AMC Theatres
310,Top Gun,180258178,1986,
311,Ant-Man,180202163,2015,Walt Disney Studios Motion Pictures
312,Planet of the Apes,180011740,2001,
313,Madagascar: Escape 2 Africa,180010950,2008,
314,X-Men Origins: Wolverine,179883157,2009,
315,Indiana Jones and the Temple of Doom,179870271,1984,
316,Hitch,179495555,2005,
317,Men in Black³,179020854,2012,Sony Pictures Releasing
318,Pretty Woman,178406268,1990,
319,Elf,178053220,2003,
320,The Conjuring: Last Rites,177753512,2025,Warner Bros.
321,Home,177397510,2015,Twentieth Century Fox
322,Night at the Museum: Battle of the Smithsonian,177243721,2009,
323,Tootsie,177200000,1982,
324,How to Train Your Dragon 2,177002924,2014,Twentieth Century Fox
325,Rise of the Planet of the Apes,176760185,2011,Twentieth Century Fox
326,Captain America: The First Avenger,176654505,2011,Paramount Pictures
327,The Karate Kid,176591618,2010,Sony Pictures Releasing
328,There's Something About Mary,176484651,1998,
329,Ice Age,176387405,2002,
330,The Bourne Supremacy,176241941,2004,
331,Get Out,176196665,2017,Universal Pictures
332,The Lego Batman Movie,175936671,2017,Warner Bros.
333,Us,175084580,2019,Universal Pictures
334,The Boss Baby,175003033,2017,Twentieth Century Fox
335,Crazy Rich Asians,174837452,2018,Warner Bros.
336,Crocodile Dundee,174803506,1986,
337,Apollo 13,174692658,1995,
338,Indiana Jones and the Dial of Destiny,174480468,2023,Walt Disney Studios Motion Pictures
339,The Greatest Showman,174340174,2017,Twentieth Century Fox
340,Fast & Furious Presents: Hobbs & Shaw,173956935,2019,Universal Pictures
341,Home Alone 2: Lost in New York,173585516,1992,
342,National Treasure,173008894,2004,
343,F9: The Fast Saga,173005945,2021,Universal Pictures
344,Air Force One,172956409,1997,
345,Rain Man,172825435,1988,
346,Mission: Impossible - Dead Reckoning Part One,172640980,2023,Paramount Pictures
347,Pirates of the Caribbean: Dead Men Tell No Tales,172558876,2017,Walt Disney Studios Motion Pictures
348,Gladiator II,172438016,2024,Paramount Pictures
349,The Matrix,172076928,1999,
350,Tron: Legacy,172062763,2010,Walt Disney Studios Motion Pictures
351,Mary Poppins Returns,171958438,2018,Walt Disney Studios Motion Pictures
352,True Grit,171243005,2010,Paramount Pictures
353,Kingdom of the Planet of the Apes,171130165,2024,20th Century Studios
354,Tarzan,171091819,1999,
355,John Wick: Chapter 3 - Parabellum,171015687,2019,Lionsgate
356,A Beautiful Mind,170742341,2001,
357,Chicago,170687518,2002,
358,The Help,169708112,2011,Walt Disney Studios Motion Pictures
359,Hotel Transylvania 2,169700110,2015,Sony Pictures Releasing
360,Hidden Figures,169607287,2016,
361,Bridesmaids,169106725,2011,Universal Pictures
362,Quantum of Solace,168368427,2008,
363,Wild Hogs,168273550,2007,
364,Black Adam,168152111,2022,Warner Bros.
365,Kong: Skull Island,168052812,2017,Warner Bros.
366,Three Men and a Baby,167780960,1987,
367,Gone Girl,167767189,2014,Twentieth Century Fox
368,Hotel Transylvania 3: Summer Vacation,167510016,2018,Sony Pictures Releasing
369,Casino Royale,167445960,2006,
370,The Hunger Games: The Ballad of Songbirds & Snakes,166350594,2023,Lionsgate
371,Meet the Parents,166244045,2000,
372,Fifty Shades of Grey,166167230,2015,Universal Pictures
373,2012,166112167,2009,
374,Robin Hood: Prince of Thieves,165493908,1991,
375,Knives Out,165363234,2019,Lionsgate
376,Kung Fu Panda 2,165249063,2011,DreamWorks
377,Hannibal,165092268,2001,
378,Eternals,164870234,2021,Walt Disney Studios Motion Pictures
379,Catch Me If You Can,164615351,2002,
380,The Proposal,163958031,2009,
381,The Pursuit of Happyness,163566459,2006,
382,Big Daddy,163479795,1999,
383,Clash of the Titans,163214888,2010,Warner Bros.
384,The SpongeBob Movie: Sponge Out of Water,162994032,2015,Paramount Pictures
385,Batman Returns,162924631,1992,
386,Django Unchained,162805434,2012,The Weinstein Company
387,A Bug's Life,162798565,1998,
388,Sing 2,162790990,2021,Universal Pictures
389,Jason Bourne,162434410,2016,Universal Pictures
390,Grown Ups,162001186,2010,Sony Pictures Releasing
391,The Waterboy,161491646,1998,
392,Ice Age: Continental Drift,161321843,2012,Twentieth Century Fox
393,Straight Outta Compton,161197785,2015,Universal Pictures
394,How to Train Your Dragon: The Hidden World,160945505,2019,Universal Pictures
395,Die Another Day,160942139,2002,
396,No Time to Die,160891007,2021,Metro-Goldwyn-Mayer (MGM)
397,The Sound of Music,160888776,1965,
398,Shark Tale,160861908,2004,
399,A Quiet Place Part II,160072261,2021,Paramount Pictures
400,The Heat,159582188,2013,Twentieth Century Fox
401,Fantastic Beasts: The Crimes of Grindelwald,159555901,2018,Warner Bros.
402,Halloween,159342015,2018,Universal Pictures
403,1917,159227644,2019,
404,The Secret Life of Pets 2,158980250,2019,Universal Pictures
405,Star Trek Beyond,158848340,2016,Paramount Pictures
406,The Firm,158348367,1993,
407,The Longest Yard,158119460,2005,
408,Transformers: Rise of the Beasts,157341749,2023,Paramount Pictures
409,X-Men,157299718,2000,
410,The Mummy,157095368,1999,
411,Scary Movie,157019771,2000,
412,Fatal Attraction,156645693,1987,
413,Who Framed Roger Rabbit,156452370,1988,
414,Creed III,156248615,2023,United Artists Releasing
415,The Sting,156000000,1973,
416,What Lies Beneath,155464351,2000,
417,X-Men: Apocalypse,155442489,2016,Twentieth Century Fox
418,Snow White and the Huntsman,155332381,2012,Universal Pictures
419,San Andreas,155190832,2015,Warner Bros.
420,Fast & Furious,155064265,2009,
421,Over the Hedge,155019340,2006,
422,Fantastic Four,154696080,2005,
423,Horton Hears a Who!,154529439,2008,
424,Elemental,154426697,2023,Walt Disney Studios Motion Pictures
425,Mad Max: Fury Road,154280290,2015,Warner Bros.
426,Trolls,154174089,2016,Twentieth Century Fox
427,Jerry Maguire,153952592,1996,
428,Beverly Hills Cop II,153665036,1987,
429,Gremlins,153642180,1984,
430,Scooby-Doo,153322074,2002,
431,Cars 3,152901115,2017,Walt Disney Studios Motion Pictures
432,Sex and the City,152647258,2008,
433,Runaway Bride,152257509,1999,
434,Weapons,151550044,2025,Warner Bros.
435,La La Land,151101803,2016,Lionsgate
436,Elvis,151040048,2022,Warner Bros.
437,Divergent,150947895,2014,Lionsgate
438,Rambo: First Blood Part II,150415432,1985,
439,We're the Millers,150394119,2013,Warner Bros.
440,Terminator 3: Rise of the Machines,150371112,2003,
441,Daddy's Home,150357137,2015,Paramount Pictures
442,G.I. Joe: The Rise of Cobra,150201498,2009,
443,Neighbors,150157400,2014,Universal Pictures
444,American Hustle,150117807,2013,Sony Pictures Releasing
445,Puss in Boots,149260504,2011,DreamWorks
446,Les Misérables,149260140,2012,Universal Pictures
447,Sonic the Hedgehog,148974665,2020,Paramount Pictures
448,Knocked Up,148768917,2007,
449,Uncharted,148648820,2022,Sony Pictures Releasing
450,It Ends with Us,148518266,2024,Sony Pictures Releasing
451,As Good as It Gets,148478011,1997,
452,Little Fockers,148438600,2010,Universal Pictures
453,Hotel Transylvania,148426305,2012,Sony Pictures Releasing
454,Megamind,148415853,2010,DreamWorks
455,Talladega Nights: The Ballad of Ricky Bobby,148213377,2006,
456,Gran Torino,148095302,2008,
457,Lethal Weapon 2,147253986,1989,
458,War for the Planet of the Apes,146880162,2017,Twentieth Century Fox
459,X-Men: First Class,146408305,2011,Twentieth Century Fox
460,Paul Blart: Mall Cop,146336178,2009,
461,True Lies,146282411,1994,
462,Fast X,146126015,2023,Universal Pictures
463,Lilo & Stitch,145794338,2002,
464,The Santa Clause,145539357,1994,
465,The Meg,145522784,2018,Warner Bros.
466,American Pie 2,145103595,2001,
467,Taken,145000989,2009,
468,One Hundred and One Dalmatians,144880014,1961,
469,The Great Gatsby,144857996,2013,Warner Bros.
470,"I, Robot",144801023,2004,
471,The Fast and the Furious,144745925,2001,
472,Lethal Weapon 3,144731527,1992,
473,Mamma Mia!,144330569,2008,
474,Pokémon: Detective Pikachu,144174568,2019,Warner Bros.
475,Doctor Dolittle,144156605,1998,
476,The Wild Robot,143901945,2024,Universal Pictures
477,Rio,143619809,2011,Twentieth Century Fox
478,Kung Fu Panda 3,143528619,2016,Twentieth Century Fox
479,Juno,143495265,2007,
480,Marley & Me,143153751,2008,
481,The Smurfs,142614158,2011,Sony Pictures Releasing
482,Once Upon a Time... in Hollywood,142502728,2019,Sony Pictures Releasing
483,xXx,142109382,2002,
484,The Jungle Book,141843612,1967,
485,The Chronicles of Narnia: Prince Caspian,141621490,2008,
486,National Lampoon's Animal House,141600000,1978,
487,Pocahontas,141579773,1995,
488,A Few Good Men,141340178,1992,
489,Slumdog Millionaire,141319928,2008,
490,Rush Hour,141186864,1998,
491,The Blair Witch Project,140539099,1999,
492,Shazam!,140480049,2019,Warner Bros.
493,Deep Impact,140464664,1998,
494,Ocean's Eight,140295726,2018,Warner Bros.
495,Rush Hour 3,140125968,2007,
496,Look Who's Talking,140088813,1989,
497,Stuart Little,140035367,1999,
498,Taken 2,139854287,2012,Twentieth Century Fox
499,Venom: The Last Dance,139755882,2024,Sony Pictures Releasing
500,Sister Act,139605150,1992,
501,The Matrix Revolutions,139313948,2003,
502,The Santa Clause 2,139236327,2002,
503,A Quiet Place: Day One,139051884,2024,Paramount Pictures
504,The King's Speech,138797449,2010,The Weinstein Company
505,Cheaper by the Dozen,138614544,2003,
506,Bad Boys II,138608444,2003,
507,Platoon,138530565,1986,
508,21 Jump Street,138447667,2012,Sony Pictures Releasing
509,Good Will Hunting,138433435,1997,
510,Split,138291365,2017,Universal Pictures
511,Final Destination: Bloodlines,138130814,2025,Warner Bros.
512,A Christmas Carol,137855863,2009,
513,Dinosaur,137748063,2000,
514,Ready Player One,137715350,2018,Warner Bros.
515,The Conjuring,137446368,2013,Warner Bros.
516,Click,137355633,2006,
517,Five Nights at Freddy's,137275620,2023,Universal Pictures
518,The Green Mile,136801374,1999,
519,Ransom,136492681,1996,
520,The Godfather,136381073,1972,
521,Godzilla,136314294,1998,
522,101 Dalmatians,136189294,1996,
523,Argo,136025503,2012,Warner Bros.
524,Anger Management,135645823,2003,
525,Chicken Little,135386665,2005,
526,Teenage Mutant Ninja Turtles,135384756,1990,
527,Close Encounters of the Third Kind,135189114,1977,
528,Patch Adams,135026902,1998,
529,Ride Along,134938200,2014,Universal Pictures
530,The Incredible Hulk,134806913,2008,
531,Live Free or Die Hard,134529403,2007,
532,Wanted,134508551,2008,
533,Identity Thief,134506920,2013,Universal Pictures
534,Superman,134478449,1978,
535,Demon Slayer: Kimetsu no Yaiba Infinity Castle,134434100,2025,Sony Pictures Releasing
536,The Rock,134069511,1996,
537,Mission: Impossible III,134029801,2006,
538,Grown Ups 2,133668525,2013,Sony Pictures Releasing
539,Troy,133378256,2004,
540,Angels & Demons,133375846,2009,
541,Alvin and the Chipmunks: Chipwrecked,133110742,2011,Twentieth Century Fox
542,Bringing Down the House,132716677,2003,
543,The Wolverine,132556852,2013,Twentieth Century Fox
544,Wonder,132422809,2017,Lionsgate
545,The Departed,132399394,2006,
546,Hulk,132177234,2003,
547,Silver Linings Playbook,132092958,2012,The Weinstein Company
548,Minority Report,132072926,2002,
549,Fantastic Four: Rise of the Silver Surfer,131921738,2007,
550,The Last Airbender,131772187,2010,Paramount Pictures
551,Rio 2,131538435,2014,Twentieth Century Fox
552,Lara Croft: Tomb Raider,131168070,2001,
553,The Silence of the Lambs,130742922,1991,
554,"Honey, I Shrunk the Kids",130724172,1989,
555,The Flintstones,130531208,1994,
556,Lethal Weapon 4,130444603,1998,
557,Get Smart,130319208,2008,
558,The Divergent Series: Insurgent,130179072,2015,Lionsgate
559,The Peanuts Movie,130178411,2015,Twentieth Century Fox
560,Transformers: The Last Knight,130168683,2017,Paramount Pictures
561,American Gangster,130164645,2007,
562,American Beauty,130096601,1999,
563,An Officer and a Gentleman,129795554,1982,
564,Ghostbusters: Afterlife,129471867,2021,Sony Pictures Releasing
565,The Ring,129128133,2002,
566,The Nutty Professor,128814019,1996,
567,"Crouching Tiger, Hidden Dragon",128530421,2000,
568,Borat,128505958,2006,
569,Ghostbusters,128350574,2016,Sony Pictures Releasing
570,Kingsman: The Secret Service,128261724,2015,Twentieth Century Fox
571,Robots,128200012,2005,
572,Coming to America,128152301,1988,
573,Shutter Island,128012934,2010,Paramount Pictures
574,Into the Woods,128002372,2014,Walt Disney Studios Motion Pictures
575,Rocky IV,127873716,1985,
576,Enchanted,127807262,2007,
577,Migration,127630880,2023,Universal Pictures
578,The Curious Case of Benjamin Button,127509326,2008,
579,Central Intelligence,127440871,2016,Warner Bros.
580,Anchorman 2: The Legend Continues,127352707,2013,Paramount Pictures
581,Sweet Home Alabama,127223418,2002,
582,Bumblebee,127195589,2018,Paramount Pictures
583,Dumb and Dumber,127190327,1994,
584,2 Fast 2 Furious,127154901,2003,
585,My Best Friend's Wedding,127120029,1997,
586,Super 8,127004179,2011,Paramount Pictures
587,The World Is Not Enough,126943684,1999,
588,Sleepless in Seattle,126808165,1993,
589,Smokey and the Bandit,126737428,1977,
590,Lucy,126663600,2014,Universal Pictures
591,The Legend of Tarzan,126643061,2016,Warner Bros.
592,Bee Movie,126631277,2007,
593,Prometheus,126477084,2012,Twentieth Century Fox
594,Safe House,126373434,2012,Universal Pictures
595,Mr. Deeds,126293452,2002,
596,The Truman Show,125618201,1998,
597,Erin Brockovich,125595205,2000,
598,Ocean's Twelve,125544280,2004,
599,Terminator Salvation,125322469,2009,
600,Charlie's Angels,125305545,2000,
601,Tomorrow Never Dies,125304276,1997,
602,Lone Survivor,125095601,2013,
603,Sully,125070033,2016,Warner Bros.
604,Rocky III,125049125,1982,
605,The Vow,125014030,2012,Screen Gems
606,Life of Pi,124987023,2012,Twentieth Century Fox
607,The Fault in Our Stars,124872350,2014,Twentieth Century Fox
608,Cloudy with a Chance of Meatballs,124870275,2009,
609,The Devil Wears Prada,124740460,2006,
610,Something's Gotta Give,124728738,2003,
611,Aquaman and the Lost Kingdom,124481226,2023,Warner Bros.
612,Traffic,124115725,2000,
613,The Birdcage,124060553,1996,
614,City Slickers,124033791,1991,
615,"Good Morning, Vietnam",123922370,1987,
616,Rango,123477607,2011,Paramount Pictures
617,Nutty Professor II: The Klumps,123309890,2000,
618,Nope,123277080,2022,Universal Pictures
619,The Good Dinosaur,123087120,2015,Walt Disney Studios Motion Pictures
620,G.I. Joe: Retaliation,122523060,2013,Paramount Pictures
621,Clear and Present Danger,122187717,1994,
622,The Bodyguard,122046449,1992,
623,The Hunt for Red October,122012643,1990,
624,Wayne's World,121697323,1992,
625,The Bourne Identity,121661683,2002,
626,Free Guy,121626598,2021,20th Century Studios
627,Superbad,121463226,2007,
628,Speed,121248145,1994,
629,50 First Dates,120908074,2004,
630,Mamma Mia! Here We Go Again,120634935,2018,Universal Pictures
631,Mulan,120620254,1998,
632,Inglourious Basterds,120540719,2009,
633,Seabiscuit,120277854,2003,
634,Van Helsing,120177084,2004,
635,Four Christmases,120146040,2008,
636,I Now Pronounce You Chuck & Larry,120059556,2007,
637,The Mask,119938730,1994,
638,Cloudy with a Chance of Meatballs 2,119793567,2013,Sony Pictures Releasing
639,Hook,119654823,1991,
640,Blazing Saddles,119616663,1974,
641,Walk the Line,119519402,2005,
642,G-Force,119436770,2009,
643,Total Recall,119412921,1990,
644,Back to the Future Part II,119361197,1989,
645,On Golden Pond,119285432,1981,
646,The Other Guys,119219978,2010,Sony Pictures Releasing
647,Fahrenheit 9/11,119194771,2004,
648,Hairspray,118946291,2007,
649,The Sum of All Fears,118907036,2002,
650,The Break-Up,118703275,2006,
651,Teenage Mutant Ninja Turtles: Mutant Mayhem,118700272,2023,Paramount Pictures
652,A Series of Unfortunate Events,118634549,2004,
653,Blades of Glory,118594548,2007,
654,Salt,118311368,2010,Sony Pictures Releasing
655,Lightyear,118307188,2022,Walt Disney Studios Motion Pictures
656,Basic Instinct,117727224,1992,
657,Now You See Me,117723989,2013,Lionsgate
658,Ford v Ferrari,117624357,2019,Twentieth Century Fox
659,Big Momma's House,117559438,2000,
660,Die Hard 2,117540947,1990,
661,Horrible Bosses,117538559,2011,Warner Bros.
662,The Nun,117481222,2018,Warner Bros.
663,Rocky,117235147,1976,
664,Jackass 3D,117229692,2010,Paramount Pictures
665,Ocean's Thirteen,117154724,2007,
666,Jungle Cruise,116987516,2021,Walt Disney Studios Motion Pictures
667,S.W.A.T.,116934650,2003,
668,The Wolf of Wall Street,116900694,2013,Paramount Pictures
669,Coraline,116896576,2009,
670,8 Mile,116750901,2002,
671,Double Jeopardy,116741558,1999,
672,The Butler,116632095,2013,The Weinstein Company
673,Green Lantern,116601172,2011,Warner Bros.
674,Notting Hill,116089678,1999,
675,The Towering Inferno,116000000,1974,
676,You've Got Mail,115821495,1998,
677,Ghost Rider,115802596,2007,
678,Remember the Titans,115719751,2000,
679,Creed II,115715889,2018,Metro-Goldwyn-Mayer (MGM)
680,District 9,115646235,2009,
681,Unbroken,115637895,2014,Universal Pictures
682,Peter Rabbit,115253424,2018,Sony Pictures Releasing
683,Big,115227281,1988,
684,Girls Trip,115171585,2017,Universal Pictures
685,The Karate Kid Part II,115103979,1986,
686,American Graffiti,115000000,1973,
687,Dumbo,114766307,2019,Walt Disney Studios Motion Pictures
688,Fifty Shades Darker,114581250,2017,Universal Pictures
689,Dodgeball: A True Underdog Story,114326736,2004,
690,The Village,114197520,2004,
691,Bolt,114053579,2008,
692,Maleficent: Mistress of Evil,113929605,2019,Walt Disney Studios Motion Pictures
693,Wild Wild West,113804681,1999,
694,Magic Mike,113781613,2012,Warner Bros.
695,Night at the Museum: Secret of the Tomb,113746621,2014,Twentieth Century Fox
696,The Addams Family,113502426,1991,
697,Ghostbusters: Frozen Empire,113376590,2024,Sony Pictures Releasing
698,The Patriot,113330342,2000,
699,Bad Moms,113257297,2016,STX Entertainment
700,The Bourne Legacy,113203870,2012,Universal Pictures
701,The Pacifier,113086868,2005,
702,The Rocky Horror Picture Show,113028197,1975,
703,Dr. Dolittle 2,112952899,2001,
704,It's Complicated,112735375,2009,
705,Spy Kids,112719001,2001,
706,Ghostbusters II,112494738,1989,
707,Face/Off,112276146,1997,
708,The Hangover Part III,112200072,2013,Warner Bros.
709,Twins,111938388,1988,
710,Spy Kids 3: Game Over,111761982,2003,
711,Doctor Zhivago,111721910,1965,
712,Enemy of the State,111549836,1998,
713,The Little Mermaid,111543479,1989,
714,Mr. Peabody & Sherman,111506430,2014,Twentieth Century Fox
715,IF,111375918,2024,Paramount Pictures
716,Porky's,111289673,1982,
717,The Last Samurai,111127263,2003,
718,Glass,111048468,2019,Universal Pictures
719,Five Nights at Freddy's 2,111020240,2025,Universal Pictures International (UPI)
720,Spy,110825712,2015,Twentieth Century Fox
721,Valentine's Day,110528528,2010,Warner Bros.
722,Tropic Thunder,110515313,2008,
723,Godzilla: King of the Monsters,110500138,2019,Warner Bros.
724,The Grudge,110359362,2004,
725,Fun with Dick and Jane,110332737,2005,
726,Freaky Friday,110230332,2003,
727,Trainwreck,110225700,2015,Universal Pictures
728,Bedtime Stories,110101975,2008,
729,Scary Movie 3,110003217,2003,
730,Creed,109778883,2015,Warner Bros.
731,Star Trek IV: The Voyage Home,109713132,1986,
732,The 40-Year-Old Virgin,109484237,2005,
733,Crocodile Dundee II,109306210,1988,
734,Couples Retreat,109204945,2009,
735,One Flew Over the Cuckoo's Nest,108981275,1975,
736,Dune: Part One,108897830,2021,Warner Bros.
737,A Time to Kill,108766007,1996,
738,Black Hawk Down,108638745,2001,
739,Hop,108498305,2011,Universal Pictures
740,Terms of Endearment,108423489,1983,
741,Scream VI,108391107,2023,Paramount Pictures
742,Ace Ventura: When Nature Calls,108385533,1995,
743,The Upside,108252517,2019,STX Entertainment
744,The Princess Diaries,108248956,2001,
745,Superman II,108185706,1981,
746,The Flash,108133313,2023,Warner Bros.
747,Little Women,108101214,2019,Sony Pictures Releasing
748,Pulp Fiction,107928762,1994,
749,Paranormal Activity,107918810,2009,
750,Baby Driver,107825862,2017,TriStar Pictures
751,Black Swan,107770258,2010,Fox Searchlight Pictures
752,A League of Their Own,107533928,1992,
753,Epic,107518682,2013,Twentieth Century Fox
754,Watchmen,107509799,2009,
755,The Angry Birds Movie,107509366,2016,Sony Pictures Releasing
756,Batman & Robin,107353792,1997,
757,Captain Phillips,107100855,2013,Sony Pictures Releasing
758,Chicken Run,107071709,2000,
759,Analyze This,106885658,1999,
760,Miss Congeniality,106807667,2000,
761,Indecent Proposal,106614059,1993,
762,Driving Miss Daisy,106593296,1989,
763,300: Rise of an Empire,106580051,2014,Warner Bros.
764,Love Story,106550690,1970,
765,GoldenEye,106429941,1995,
766,Kramer vs. Kramer,106260000,1979,
767,The Italian Job,106128601,2003,
768,The Lego Movie 2: The Second Part,105956290,2019,Warner Bros.
769,Smile,105935048,2022,Paramount Pictures
770,How to Lose a Guy in 10 Days,105813373,2003,
771,The First Wives Club,105489203,1996,
772,The Lost City,105344029,2022,Paramount Pictures
773,Alien: Romulus,105313091,2024,20th Century Studios
774,Robin Hood,105269730,2010,Universal Pictures
775,Interview with the Vampire,105264608,1994,
776,George of the Jungle,105263257,1997,
777,Hustlers,104963598,2019,STX Entertainment
778,The Graduate,104945305,1967,
779,Pitch Perfect 3,104897530,2017,Universal Pictures
780,Phenomenon,104636382,1996,
781,American Wedding,104565114,2003,
782,Road to Perdition,104454762,2002,
783,The Princess and the Frog,104400899,2009,
784,The Chronicles of Narnia: The Voyage of the Dawn Treader,104386950,2010,Twentieth Century Fox
785,Daddy Day Care,104297061,2003,
786,Daddy's Home 2,104029443,2017,Paramount Pictures
787,Paranormal Activity 3,104028807,2011,Paramount Pictures
788,Journey 2: The Mysterious Island,103887748,2012,Warner Bros.
789,The Mule,103804407,2018,Warner Bros.
790,Dick Tracy,103738726,1990,
791,Rise of the Guardians,103412758,2012,DreamWorks
792,Bullet Train,103368602,2022,Sony Pictures Releasing
793,Dreamgirls,103365956,2006,
794,9 to 5,103290500,1980,
795,Trolls Band Together,103270155,2023,Universal Pictures
796,Independence Day: Resurgence,103144286,2016,Twentieth Century Fox
797,The Expendables,103068524,2010,Lionsgate
798,Scream,103046663,1996,
799,Just Go with It,103028109,2011,Sony Pictures Releasing
800,Murder on the Orient Express,102826543,2017,Twentieth Century Fox
801,The General's Daughter,102705852,1999,
802,Casper,102677077,1995,
803,The Aviator,102610330,2004,
804,American Pie,102561004,1999,
805,Daredevil,102543518,2003,
806,The Conjuring 2,102516140,2016,Warner Bros.
807,The Girl with the Dragon Tattoo,102515793,2011,Sony Pictures Releasing
808,The Mummy: Tomb of the Dragon Emperor,102491776,2008,
809,Avatar: Fire and Ash,102483177,2025,20th Century Studios
810,The Maze Runner,102427862,2014,Twentieth Century Fox
811,In the Line of Fire,102314823,1993,
812,Butch Cassidy and the Sundance Kid,102308889,1969,
813,Mary Poppins,102272727,1964,
814,Bambi,102247150,1942,
815,Annabelle: Creation,102092201,2017,Warner Bros.
816,The Equalizer 2,102084362,2018,Sony Pictures Releasing
817,Jackass Presents: Bad Grandpa,102003019,2013,Paramount Pictures
818,Pacific Rim,101802906,2013,Warner Bros.
819,Journey to the Center of the Earth,101704370,2008,
820,Gone in 60 Seconds,101648571,2000,
821,Maverick,101631272,1994,
822,Sleeping with the Enemy,101599005,1991,
823,The Equalizer,101530738,2014,Sony Pictures Releasing
824,This Is the End,101470202,2013,Sony Pictures Releasing
825,Eagle Eye,101440743,2008,
826,The Prince of Egypt,101413188,1998,
827,Scream 2,101363301,1997,
828,Stir Crazy,101300000,1980,
829,Eraser,101295562,1996,
830,Noah,101200044,2014,Paramount Pictures
831,Unforgiven,101167799,1992,
832,The Cat in the Hat,101149285,2003,
833,Con Air,101117573,1997,
834,Sleepy Hollow,101071502,1999,
835,Seven,101040643,1995,
836,Rampage,101028233,2018,Warner Bros.
837,Collateral,101005703,2004,
838,Contact,100920329,1997,
839,Godzilla vs. Kong,100916094,2021,Warner Bros.
840,Charlie's Angels: Full Throttle,100830111,2003,
841,The Pelican Brief,100768056,1993,
842,The Addams Family,100723831,2019,United Artists Releasing
843,Vanilla Sky,100618344,2001,
844,Arrival,100546139,2016,Paramount Pictures
845,Due Date,100539043,2010,Warner Bros.
846,Jumanji,100499940,1995,
847,The Rugrats Movie,100494675,1998,
848,Million Dollar Baby,100492203,2004,
849,Airport,100489151,1970,
850,A Wrinkle in Time,100478608,2018,Walt Disney Studios Motion Pictures
851,Step Brothers,100468793,2008,
852,Evan Almighty,100462298,2007,
853,Fifty Shades Freed,100407760,2018,Universal Pictures
854,Shakespeare in Love,100317794,1998,
855,Bad Teacher,100292856,2011,Sony Pictures Releasing
856,Yogi Bear,100246011,2010,Warner Bros.
857,Cowboys & Aliens,100240551,2011,Universal Pictures
858,Kingsman: The Golden Circle,100234838,2017,Twentieth Century Fox
859,Edge of Tomorrow,100206256,2014,Warner Bros.
860,The Hunchback of Notre Dame,100138851,1996,
861,Parenthood,100047830,1989,
862,You Don't Mess with the Zohan,100018837,2008,
863,Passengers,100014699,2016,Sony Pictures Releasing
864,Die Hard with a Vengeance,100012499,1995,
865,Gnomeo & Juliet,99967670,2011,Walt Disney Studios Motion Pictures
866,Christopher Robin,99215042,2018,Walt Disney Studios Motion Pictures
867,Hercules,99112101,1997,
868,Olympus Has Fallen,98925640,2013,FilmDistrict
869,The Green Hornet,98780042,2011,Sony Pictures Releasing
870,Date Night,98711404,2010,Twentieth Century Fox
871,The Color Purple,98467863,1985,
872,Dog Man,97970355,2025,Universal Pictures
873,Meet the Robinsons,97822171,2007,
874,Yes Man,97690976,2008,
875,Sausage Party,97685686,2016,Sony Pictures Releasing
876,The Bad Guys,97459240,2022,Universal Pictures
877,Inspector Gadget,97403112,1999,
878,Public Enemies,97104620,2009,
879,Red One,97000759,2024,Amazon MGM Studios
880,Bob Marley: One Love,96981216,2024,Paramount Pictures
881,The Social Network,96962694,2010,Sony Pictures Releasing
882,Schindler's List,96898818,1993,
883,Downton Abbey,96853865,2019,Focus Features
884,The Others,96578502,2001,
885,Legally Blonde,96520674,2001,
886,Panic Room,96397334,2002,
887,Rocketman,96368160,2019,Paramount Pictures
888,Encanto,96093622,2021,Walt Disney Studios Motion Pictures
889,Apocalypse Now,96074376,1979,
890,Dead Poets Society,95860116,1989,
891,Fantastic Beasts: The Secrets of Dumbledore,95850844,2022,Warner Bros.
892,Zero Dark Thirty,95720716,2012,
893,Norbit,95673607,2007,
894,Cold Mountain,95636509,2003,
895,Nosferatu,95608235,2024,Focus Features
896,Arthur,95461682,1981,
897,Sex and the City 2,95347692,2010,Warner Bros.
898,Michael,95318203,1996,
899,The Princess Diaries 2: Royal Engagement,95170481,2004,
900,M3GAN,95159005,2023,Universal Pictures
901,42,95059709,2013,Warner Bros.
902,Unbreakable,95011339,2000,
903,The Book of Eli,94835059,2010,Warner Bros.
904,"10,000 BC",94784201,2008,
905,The Nightmare Before Christmas,94707435,1993,
906,Beverly Hills Chihuahua,94514402,2008,
907,Saturday Night Fever,94213184,1977,
908,Freakier Friday,94186236,2025,Walt Disney Studios Motion Pictures
909,Julie & Julia,94125426,2009,
910,The Mask of Zorro,94095523,1998,
911,Maid in Manhattan,94011225,2002,
912,He's Just Not That Into You,93953653,2009,
913,Master and Commander: The Far Side of the World,93927920,2003,
914,Flight,93772375,2012,Paramount Pictures
915,DC League of Super-Pets,93657117,2022,Warner Bros.
916,The Fighter,93617009,2010,Paramount Pictures
917,America's Sweethearts,93607673,2001,
918,Lady and the Tramp,93602326,1955,
919,Dungeons & Dragons: Honor Among Thieves,93549650,2023,Paramount Pictures
920,The Bucket List,93466502,2007,
921,Tomorrowland,93436322,2015,Walt Disney Studios Motion Pictures
922,The Magnificent Seven,93432655,2016,Sony Pictures Releasing
923,Cats & Dogs,93385515,2001,
924,Space Station 3D,93383953,2002,
925,Two Weeks Notice,93354851,2002,
926,Red Dragon,93149898,2002,
927,Cinderella,93141149,1950,
928,When Harry Met Sally...,93117425,1989,
929,Elysium,93050117,2013,TriStar Pictures
930,Flubber,92977226,1997,
931,Flashdance,92921203,1983,
932,The Fall Guy,92900355,2024,Universal Pictures
933,The Equalizer 3,92373751,2023,Columbia Pictures
934,The Town,92186262,2010,Warner Bros.
935,Non-Stop,92168600,2014,Universal Pictures
936,The Client,92115211,1994,
937,Blade Runner 2049,92071675,2017,Warner Bros.
938,John Wick: Chapter 2,92029184,2017,Lionsgate
939,Star Trek: First Contact,92027888,1996,
940,Halloween Kills,92002155,2021,Universal Pictures
941,The Garfield Movie,91956547,2024,Sony Pictures Releasing
942,Think Like a Man,91547205,2012,Screen Gems
943,Kindergarten Cop,91457688,1990,
944,Heaven Is for Real,91443253,2014,TriStar Pictures
945,The Haunting,91411151,1999,
946,Crimson Tide,91387195,1995,
947,Back to School,91258000,1986,
948,Ride Along 2,91221830,2016,Universal Pictures
949,Stepmom,91137662,1998,
950,The Imitation Game,91125683,2014,The Weinstein Company
951,The Karate Kid,91077276,1984,
952,Save the Last Dance,91057006,2001,
953,The Scorpion King,91047077,2002,
954,Prince of Persia: The Sands of Time,90759676,2010,Walt Disney Studios Motion Pictures
955,Antz,90757863,1998,
956,Scary Movie 4,90710620,2006,
957,Predator: Badlands,90687363,2025,20th Century Studios
958,The Game Plan,90648202,2007,
959,Space Jam,90594962,1996,
960,"Me, Myself & Irene",90570999,2000,
961,High School Musical 3: Senior Year,90559416,2008,
962,Madea Goes to Jail,90508336,2009,
963,Space Cowboys,90464773,2000,
964,Get Hard,90411453,2015,Warner Bros.
965,Trading Places,90404800,1983,
966,RED,90380162,2010,Summit Entertainment
967,Planes,90288712,2013,Walt Disney Studios Motion Pictures
968,Where the Crawdads Sing,90230760,2022,Sony Pictures Releasing
969,"Legally Blonde 2: Red, White & Blonde",90186328,2003,
970,Mystic River,90135191,2003,
971,The Black Phone,90123230,2022,Universal Pictures
972,Terminator Genisys,89760956,2015,Paramount Pictures
973,Flightplan,89707299,2005,
974,The Emperor's New Groove,89636687,2000,
975,Father of the Bride,89325780,1991,
976,The Lone Ranger,89302115,2013,Walt Disney Studios Motion Pictures
977,Taken 3,89256424,2015,Twentieth Century Fox
978,Don't Breathe,89217875,2016,Screen Gems
979,Scream 3,89143175,2000,
980,Oblivion,89107235,2013,Universal Pictures
981,The Ugly Truth,88915214,2009,
982,Percy Jackson & the Olympians: The Lightning Thief,88768303,2010,Twentieth Century Fox
983,Failure to Launch,88715192,2006,
984,The Muppets,88631237,2011,Walt Disney Studios Motion Pictures
985,Inside Man,88513495,2006,
986,Anyone But You,88319668,2023,Columbia Pictures
987,Back to the Future Part III,88277583,1990,
988,Waterworld,88246220,1995,
989,Starsky & Hutch,88237754,2004,
990,Along Came Polly,88097164,2004,
991,The Hand That Rocks the Cradle,88036683,1992,
992,Entrapment,87704396,1999,
993,Peter Pan,87404651,1953,
994,Pineapple Express,87341380,2008,
995,Miss Peregrine's Home for Peculiar Children,87242834,2016,Twentieth Century Fox
996,Snow White,87203963,2025,Walt Disney Studios Motion Pictures
997,Everest,87178599,1998,
998,Out of Africa,87071205,1985,
999,Sisters,87044645,2015,Universal Pictures
1000,Saw II,87039965,2005,
1001,The Naked Gun 2½: The Smell of Fear,86930411,1991,
1002,The Campaign,86907746,2012,Warner Bros.
1003,The War of the Roses,86888546,1989,
1004,The Amityville Horror,86432000,1979,
1005,Presumed Innocent,86303188,1990,
1006,Young Frankenstein,86273333,1974,
1007,The Nun II,86267073,2023,Warner Bros.
1008,The Accountant,86260045,2016,Warner Bros.
1009,Dumb and Dumber To,86208010,2014,Universal Pictures
1010,Cruella,86103234,2021,Walt Disney Studios Motion Pictures
1011,The Emoji Movie,86089513,2017,Sony Pictures Releasing
1012,Mean Girls,86058055,2004,
1013,Annie,85911262,2014,Sony Pictures Releasing
1014,Die Hard,85892546,1988,
1015,Alvin and the Chipmunks: The Road Chip,85886987,2015,Twentieth Century Fox
1016,Spy Kids 2: Island of Lost Dreams,85846429,2002,
1017,Alita: Battle Angel,85838210,2019,Twentieth Century Fox
1018,Fury,85817906,2014,Sony Pictures Releasing
1019,Pokémon: The First Movie - Mewtwo Strikes Back,85744662,1999,
1020,Real Steel,85468508,2011,Walt Disney Studios Motion Pictures
1021,The SpongeBob SquarePants Movie,85417988,2004,
1022,Power Rangers,85364450,2017,Lionsgate
1023,Brother Bear,85336277,2003,
1024,Stripes,85297000,1981,
1025,Anchorman: The Legend of Ron Burgundy,85288303,2004,
1026,Every Which Way But Loose,85196485,1978,
1027,Rocky II,85182160,1979,
1028,Aliens,85160248,1986,
1029,Open Season,85105259,2006,
1030,Green Book,85080171,2018,Universal Pictures
1031,The Expendables 2,85028192,2012,Lionsgate
1032,Dangerous Minds,84919401,1995,
1033,Paranormal Activity 2,84752907,2010,Paramount Pictures
1034,Steel Magnolias,84614512,1989,
1035,The Poseidon Adventure,84563118,1972,
1036,Tammy,84525432,2014,Warner Bros.
1037,The Marvels,84500223,2023,Walt Disney Studios Motion Pictures
1038,The Santa Clause 3: The Escape Clause,84500122,2006,
1039,Ferdinand,84410380,2017,Twentieth Century Fox
1040,"Crazy, Stupid, Love.",84379584,2011,Warner Bros.
1041,Annabelle,84284252,2014,Warner Bros.
1042,Pinocchio,84254167,1940,
1043,Scooby-Doo 2: Monsters Unleashed,84239132,2004,
1044,Alien,84206106,1979,
1045,Birds of Prey and the Fantabulous Emancipation of One Harley Quinn,84172791,2020,Warner Bros.
1046,Brokeback Mountain,84111816,2005,
1047,Atlantis: The Lost Empire,84056472,2001,
1048,Cliffhanger,84049211,1993,
1049,The Other Woman,83911193,2014,Twentieth Century Fox
1050,The X Files,83898313,1998,
1051,Penguins of Madagascar,83850911,2014,Twentieth Century Fox
1052,Up in the Air,83823381,2009,
1053,Wrath of the Titans,83670083,2012,Warner Bros.
1054,Insidious: Chapter 2,83586447,2013,FilmDistrict
1055,Under Siege,83563139,1992,
1056,Battle Los Angeles,83552429,2011,Sony Pictures Releasing
1057,Immortals,83504017,2011,Relativity Media
1058,I Can Only Imagine,83482352,2018,Roadside Attractions
1059,Airplane!,83453539,1980,
1060,Patriot Games,83351587,1992,
1061,Smallfoot,83315531,2018,Warner Bros.
1062,Saving Mr. Banks,83301580,2013,Walt Disney Studios Motion Pictures
1063,Good Boys,83140306,2019,Universal Pictures
1064,Valkyrie,83077833,2008,
1065,Turbo,83028128,2013,Twentieth Century Fox
1066,Disclosure,83015089,1994,
1067,Charlotte's Web,82985708,2006,
1068,Monster-in-Law,82931301,2005,
1069,Are We There Yet?,82674398,2005,
1070,Days of Thunder,82670733,1990,
1071,Freddy vs. Jason,82633448,2003,
1072,Star Trek: The Motion Picture,82604699,1979,
1073,Meg 2: The Trench,82600317,2023,Warner Bros.
1074,The Bad Guys 2,82593605,2025,Universal Pictures
1075,The Descendants,82584160,2011,Fox Searchlight Pictures
1076,Cheaper by the Dozen 2,82571173,2005,
1077,Mr. Holland's Opus,82569971,1995,
1078,Dracula,82522790,1992,
1079,Fried Green Tomatoes,82418501,1991,
1080,Let's Be Cops,82390774,2014,Twentieth Century Fox
1081,Blade II,82348319,2002,
1082,Beowulf,82280579,2007,
1083,Bridge to Terabithia,82272442,2007,
1084,The Pink Panther,82226474,2006,
1085,Insidious: The Red Door,82156962,2023,Screen Gems
1086,Teenage Mutant Ninja Turtles: Out of the Shadows,82051601,2016,Paramount Pictures
1087,The Post,81903458,2017,
1088,Jaws 2,81766007,1978,
1089,Maze Runner: The Scorch Trials,81697192,2015,Twentieth Century Fox
1090,Scream,81641405,2022,Paramount Pictures
1091,Heaven Can Wait,81640278,1978,
1092,Eight Below,81612565,2006,
1093,M*A*S*H,81600000,1970,
1094,Unstoppable,81562942,2010,Twentieth Century Fox
1095,Payback,81526121,1999,
1096,Ted 2,81476385,2015,Universal Pictures
1097,The Notebook,81417274,2004,
1098,The Talented Mr. Ripley,81298265,1999,
1099,School of Rock,81261177,2003,
1100,Police Academy,81198894,1984,
1101,Snow Dogs,81172560,2002,
1102,21,81159365,2008,
1103,While You Were Sleeping,81057016,1995,
1104,Congo,81022101,1995,
1105,Jimmy Neutron: Boy Genius,80936232,2001,
1106,Another 48 Hrs.,80818974,1990,
1107,Moonstruck,80640528,1987,
1108,Eat Pray Love,80574010,2010,Sony Pictures Releasing
1109,The Texas Chainsaw Massacre,80571655,2003,
1110,Zookeeper,80360843,2011,Sony Pictures Releasing
1111,Alien vs. Predator,80282231,2004,
1112,What Happens in Vegas,80277646,2008,
1113,The Dukes of Hazzard,80270227,2005,
1114,The Wedding Singer,80245725,1998,
1115,Saw III,80238724,2006,
1116,The Mummy,80227895,2017,Universal Pictures
1117,Disturbia,80209692,2007,
1118,Nacho Libre,80197993,2006,
1119,Jumper,80172128,2008,
1120,Goosebumps,80080379,2015,Sony Pictures Releasing
1121,Jack Reacher,80070736,2012,Paramount Pictures
1122,Cloverfield,80048433,2008,
1123,Footloose,80035402,1984,
1124,Dear John,80014842,2010,Screen Gems
1125,Men in Black: International,80001807,2019,Sony Pictures Releasing
1126,A Star Is Born,80000000,1976,
1127,Knowing,79957634,2009,
1128,War Horse,79884879,2011,Walt Disney Studios Motion Pictures
1129,The Golden Child,79817937,1986,
1130,Dark Shadows,79727149,2012,Warner Bros.
1131,Star Trek II: The Wrath of Khan,79707906,1982,
1132,Earthquake,79666653,1974,
1133,Hannah Montana: The Movie,79576189,2009,
1134,WarGames,79567667,1983,
1135,The Day the Earth Stood Still,79366978,2008,
1136,Limitless,79249455,2011,Relativity Media
1137,The Purge: Election Year,79213375,2016,Universal Pictures
1138,Cape Fear,79091969,1991,
1139,48 Hrs.,78868508,1982,
1140,The Naked Gun: From the Files of Police Squad!,78756177,1988,
1141,Pixels,78747585,2015,Sony Pictures Releasing
1142,City of Angels,78685114,1998,
1143,The English Patient,78676425,1996,
1144,Teenage Mutant Ninja Turtles II: The Secret of the Ooze,78656813,1991,
1145,A.I. Artificial Intelligence,78616689,2001,
1146,Cocktail,78222753,1988,
1147,We Were Soldiers,78122718,2002,
1148,Tower Heist,78046570,2011,Universal Pictures
1149,The Monuments Men,78031620,2014,Sony Pictures Releasing
1150,Hooper,78000000,1978,
1151,Man on Fire,77911774,2004,
1152,The Terminal,77872883,2004,
1153,Backdraft,77868585,1991,
1154,Gangs of New York,77812000,2002,
1155,Free Willy,77709806,1993,
1156,The Adventures of Tintin,77591831,2011,Paramount Pictures
1157,Philadelphia,77446440,1993,
1158,March of the Penguins,77437223,2005,
1159,Black Phone 2,77378880,2025,Universal Pictures
1160,Night School,77339130,2018,Universal Pictures
1161,Parental Guidance,77267296,2012,Twentieth Century Fox
1162,Where the Wild Things Are,77233467,2009,
1163,The A-Team,77222099,2010,Twentieth Century Fox
1164,Everything Everywhere All at Once,77191785,2022,A24
1165,Poltergeist,77177301,1982,
1166,U-571,77122415,2000,
1167,Dolittle,77047065,2020,Universal Pictures
1168,Alice Through the Looking Glass,77041381,2016,Walt Disney Studios Motion Pictures
1169,27 Dresses,76808654,2008,
1170,Training Day,76631907,2001,
1171,Father of the Bride Part II,76594107,1995,
1172,Romancing the Stone,76572238,1984,
1173,Rugrats in Paris,76507756,2000,
1174,Star Trek III: The Search for Spock,76471046,1984,
1175,Knight and Day,76423035,2010,
1176,Fantasia,76408097,1941,
1177,Paddington,76271832,2015,Dimension Films
1178,The Untouchables,76270454,1987,
1179,White Men Can't Jump,76253806,1992,
1180,Pete's Dragon,76233151,2016,Walt Disney Studios Motion Pictures
1181,The Ring Two,76231249,2005,
1182,Cocoon,76113124,1985,
1183,Hellboy II: The Golden Army,75986503,2008,
1184,Conspiracy Theory,75982834,1997,
1185,Constantine,75976178,2005,
1186,The Jewel of the Nile,75973200,1985,
1187,The Haunted Mansion,75847266,2003,
1188,The Family Man,75793305,2000,
1189,Barbershop,75782105,2002,
1190,The Intern,75764672,2015,Warner Bros.
1191,Star Trek: Generations,75671125,1994,
1192,Contagion,75658097,2011,Warner Bros.
1193,"You, Me and Dupree",75628110,2006,
1194,We Bought a Zoo,75624550,2011,Twentieth Century Fox
1195,2 Guns,75612460,2013,Universal Pictures
1196,Braveheart,75609945,1995,
1197,Moneyball,75605492,2011,Sony Pictures Releasing
1198,The Rookie,75600072,2002,
1199,Zombieland,75590286,2009,
1200,Old School,75585093,2003,
1201,Any Given Sunday,75530832,1999,
1202,The Last of the Mohicans,75505856,1992,
1203,The Hitman's Bodyguard,75468583,2017,Lionsgate
1204,The Girl on the Train,75395035,2016,Universal Pictures
1205,The Horse Whisperer,75383563,1998,
1206,Garfield: The Movie,75369589,2004,
1207,Ray,75331600,2004,
1208,The Exorcism of Emily Rose,75072454,2005,
1209,Eragon,75030163,2006,
1210,A Complete Unknown,75001720,2024,Searchlight Pictures
1211,Star Trek VI: The Undiscovered Country,74888996,1991,
1212,10,74865517,1979,
1213,The Prince of Tides,74787599,1991,
1214,Beetlejuice,74664632,1988,
1215,Ladder 49,74541707,2004,
1216,National Lampoon's Christmas Vacation,74515899,1989,
1217,Four Brothers,74494381,2005,
1218,Ben-Hur,74432704,1959,
1219,Longlegs,74346140,2024,Neon
1220,Six Days Seven Nights,74339294,1998,
1221,No Country for Old Men,74283625,2007,
1222,Alien: Covenant,74262031,2017,Twentieth Century Fox
1223,Jack and Jill,74158157,2011,Sony Pictures Releasing
1224,Annabelle Comes Home,74152591,2019,Warner Bros.
1225,Oliver & Company,74151346,1988,
1226,Sin City,74103820,2005,
1227,Along Came a Spider,74078174,2001,
1228,Captain Underpants: The First Epic Movie,73921000,2017,Twentieth Century Fox
1229,Morbius,73865530,2022,Columbia Pictures
1230,Hugo,73864507,2011,Paramount Pictures
1231,Christmas with the Kranks,73780539,2004,
1232,The Jerk,73691419,1979,
1233,Monster House,73661010,2006,
1234,Deep Blue Sea,73648142,1999,
1235,Law Abiding Citizen,73357727,2009,
1236,Yesterday,73286650,2019,Universal Pictures
1237,Spirit: Stallion of the Cimarron,73280117,2002,
1238,A Madea Family Funeral,73257045,2019,Lionsgate
1239,Hollow Man,73209340,2000,
1240,Boo! A Madea Halloween,73206343,2016,Lionsgate
1241,Tron: Ares,73161014,2025,Walt Disney Studios Motion Pictures
1242,Zombieland: Double Tap,73123082,2019,Sony Pictures Releasing
1243,White House Down,73103784,2013,Sony Pictures Releasing
1244,John Carter,73078100,2012,Walt Disney Studios Motion Pictures
1245,Hotel for Dogs,73034460,2009,
1246,Dinner for Schmucks,73026337,2010,DreamWorks
1247,Justin Bieber: Never Say Never,73013910,2011,Paramount Pictures
1248,Elio,72987454,2025,Walt Disney Studios Motion Pictures
1249,Storks,72800603,2016,Warner Bros.
1250,Jackass Number Two,72778712,2006,
1251,The Interpreter,72708161,2005,
1252,Hercules,72688614,2014,Paramount Pictures
1253,Barnyard,72637803,2006,
1254,I Know What You Did Last Summer,72586134,1997,
1255,Mean Girls,72581770,2024,Paramount Pictures
1256,My Fair Lady,72560711,1964,
1257,Blue Beetle,72488072,2023,Warner Bros.
1258,Bridge of Spies,72313754,2015,Walt Disney Studios Motion Pictures
1259,Dolphin Tale,72286779,2011,Warner Bros.
1260,Vantage Point,72266306,2008,
1261,Ace Ventura: Pet Detective,72217396,1994,
1262,The Cannonball Run,72179579,1981,
1263,A Bad Moms Christmas,72110659,2017,STX Entertainment
1264,Get Shorty,72101622,1995,
1265,This Is It,72091016,2009,
1266,10 Cloverfield Lane,72082998,2016,Paramount Pictures
1267,Fred Claus,72006777,2007,
1268,1408,71985628,2007,
1269,The Purge: Anarchy,71962800,2014,Universal Pictures
1270,John Q,71756802,2002,
1271,RV,71726025,2006,
1272,Mama,71628180,2013,Universal Pictures
1273,Ruthless People,71624879,1986,
1274,Three Men and a Little Lady,71609321,1990,
1275,Galaxy Quest,71583916,1999,
1276,Stargate,71567262,1994,
1277,Bridget Jones's Diary,71543427,2001,
1278,Grumpier Old Men,71518503,1995,
1279,The Bridges of Madison County,71516617,1995,
1280,Chocolat,71509363,2000,
1281,Sideways,71503593,2004,
1282,One Battle After Another,71468736,2025,IMAX
1283,"I Love You, Man",71440011,2009,
1284,Safe Haven,71349120,2013,Relativity Media
1285,Scary Movie 2,71308997,2001,
1286,The Rescuers,71215869,1977,
1287,The Spiderwick Chronicles,71195053,2008,
1288,Groundhog Day,71107962,1993,
1289,The Score,71107711,2001,
1290,Turner & Hooch,71079915,1989,
1291,Paul Blart: Mall Cop 2,71038190,2015,Sony Pictures Releasing
1292,The Smurfs 2,71017784,2013,Sony Pictures Releasing
1293,Bird on a Wire,70978012,1990,
1294,Shallow Hal,70839203,2001,
1295,White Chicks,70831760,2004,
1296,Broken Arrow,70770147,1996,
1297,Any Which Way You Can,70687344,1980,
1298,No Strings Attached,70662220,2011,Paramount Pictures
1299,All the President's Men,70600000,1976,
1300,Space Jam: A New Legacy,70592228,2021,Warner Bros.
1301,The Best Man Holiday,70525195,2013,Universal Pictures
1302,V for Vendetta,70511035,2006,
1303,Mortal Kombat,70454098,1995,
1304,28 Years Later,70446897,2025,Sony Pictures Releasing
1305,The Invisible Man,70410000,2020,Universal Pictures
1306,JFK,70405498,1991,
1307,Shaft,70334258,2000,
1308,Moonraker,70308099,1979,
1309,World Trade Center,70278893,2006,
1310,Rocky Balboa,70270943,2006,
1311,Purple Rain,70261052,1984,
1312,The Big Short,70259870,2015,Paramount Pictures
1313,Fool's Gold,70231041,2008,
1314,Star Trek: Insurrection,70187658,1998,
1315,Grumpy Old Men,70172621,1993,
1316,Big Momma's House 2,70165972,2006,
1317,Ferris Bueller's Day Off,70136369,1986,
1318,The Golden Compass,70107728,2007,
1319,Kill Bill: Vol. 1,70099045,2003,
1320,Blade,70087718,1998,
1321,Boomerang,70052444,1992,
1322,Act of Valor,70012847,2012,Relativity Media
1323,Born on the Fourth of July,70001698,1989,
1324,Seven Pounds,69951824,2008,
1325,Private Benjamin,69847348,1980,
1326,Splash,69821334,1984,
1327,Swordfish,69772969,2001,
1328,The Best Little Whorehouse in Texas,69701637,1982,
1329,The Kid,69691949,2000,
1330,Nine Months,69684532,1995,
1331,Divine Secrets of the Ya-Ya Sisterhood,69599016,2002,
1332,The First Purge,69488745,2018,Universal Pictures
1333,Hot Shots!,69467617,1991,
1334,The Thomas Crown Affair,69305181,1999,
1335,Game Night,69268230,2018,Warner Bros.
1336,Vertical Limit,69243859,2000,
1337,Lost in Space,69117629,1998,
1338,Angel Has Fallen,69030436,2019,Lionsgate
1339,Smile 2,69012586,2024,Paramount Pictures
1340,Scary Stories to Tell in the Dark,68947075,2019,Lionsgate
1341,Guess Who,68915888,2005,
1342,Cool Runnings,68856263,1993,
1343,Civil War,68756072,2024,A24
1344,Witness,68706993,1985,
1345,Sahara,68671925,2005,
1346,Book Club,68566296,2018,Paramount Pictures
1347,Percy Jackson: Sea of Monsters,68559554,2013,Twentieth Century Fox
1348,The House with a Clock in Its Walls,68549695,2018,Universal Pictures
1349,Road Trip,68540777,2000,
1350,Blue Streak,68518533,1999,
1351,Skyscraper,68420120,2018,Universal Pictures
1352,Bring It On,68379000,2000,
1353,Ticket to Paradise,68275985,2022,Universal Pictures
1354,Obsessed,68261644,2009,
1355,Mr. Popper's Penguins,68224452,2011,Twentieth Century Fox
1356,Killers of the Flower Moon,68035488,2023,Paramount Pictures
1357,Octopussy,67893619,1983,
1358,War Room,67790117,2015,TriStar Pictures
1359,Insidious: The Last Key,67745330,2018,Universal Pictures
1360,Outbreak,67659560,1995,
1361,Haunted Mansion,67653287,2023,Walt Disney Studios Motion Pictures
1362,Sudden Impact,67642693,1983,
1363,A Perfect Murder,67638368,1998,
1364,The Tourist,67631157,2010,Sony Pictures Releasing
1365,This Is 40,67544505,2012,Universal Pictures
1366,Furiosa: A Mad Max Saga,67475791,2024,Warner Bros.
1367,Heat,67436818,1995,
1368,Holes,67406573,2003,
1369,Instant Family,67363237,2018,Paramount Pictures
1370,Insomnia,67355513,2002,
1371,A Good Day to Die Hard,67349198,2013,Twentieth Century Fox
1372,The Woman King,67328130,2022,TriStar Pictures
1373,Hidalgo,67303450,2004,
1374,Role Models,67294270,2008,
1375,Lights Out,67268835,2016,Warner Bros.
1376,Coach Carter,67264877,2005,
1377,Evil Dead Rise,67233054,2023,Warner Bros.
1378,Hacksaw Ridge,67209615,2016,Lionsgate
1379,Coal Miner's Daughter,67182787,1980,
1380,Race to Witch Mountain,67172594,2009,
1381,The Forgotten,67133509,2004,
1382,Dante's Peak,67127760,1997,
1383,The Bounty Hunter,67061228,2010,Sony Pictures Releasing
1384,Waiting to Exhale,67052156,1995,
1385,The Secret of My Success,66995879,1987,
1386,102 Dalmatians,66957026,2000,
1387,"Alexander and the Terrible, Horrible, No Good, Very Bad Day",66954149,2014,Walt Disney Studios Motion Pictures
1388,Kangaroo Jack,66934963,2003,
1389,End of Days,66889043,1999,
1390,The Mexican,66845033,2001,
1391,Changing Lanes,66818548,2002,
1392,Big Fish,66809693,2003,
1393,The Godfather Part III,66761392,1990,
1394,Uncle Buck,66758538,1989,
1395,Spies in Disguise,66757013,2019,Twentieth Century Fox
1396,Charlie Wilson's War,66661095,2007,
1397,Legends of the Fall,66638883,1994,
1398,Contraband,66528000,2012,Universal Pictures
1399,The Bone Collector,66518655,1999,
1400,Looper,66486205,2012,TriStar Pictures
1401,The Final Destination,66477700,2009,
1402,The League of Extraordinary Gentlemen,66465204,2003,
1403,The Muppet Movie,66458405,1979,
1404,Bowfinger,66384775,1999,
1405,Warm Bodies,66380662,2013,Lionsgate
1406,The Parent Trap,66308518,1998,
1407,The Beekeeper,66220535,2024,Metro-Goldwyn-Mayer (MGM)
1408,Kill Bill: Vol. 2,66208183,2004,
1409,The Divergent Series: Allegiant,66184051,2016,Lionsgate
1410,Smokey and the Bandit II,66132626,1980,
1411,Herbie: Fully Loaded,66023816,2005,
1412,Magic Mike XXL,66013057,2015,Warner Bros.
1413,"What's Up, Doc?",66000000,1972,
1414,The Manchurian Candidate,65955630,2004,
1415,Anaconda,65885767,1997,
1416,X-Men: Dark Phoenix,65845974,2019,Twentieth Century Fox
1417,Bad Boys,65807024,1995,
1418,Ever After: A Cinderella Story,65705771,1998,
1419,Stakeout,65673233,1987,
1420,Lara Croft: Tomb Raider - The Cradle of Life,65660196,2003,
1421,Madea's Witness Protection,65653242,2012,Lionsgate
1422,The Conjuring: The Devil Made Me Do It,65631050,2021,Warner Bros.
1423,Deuce Bigalow: Male Gigolo,65538755,1999,
1424,The Exorcist: Believer,65537395,2023,Universal Pictures
1425,The Accountant 2,65523366,2025,Amazon MGM Studios
1426,The Ten Commandments,65500000,1956,
1427,The Taking of Pelham 123,65452312,2009,
1428,Battleship,65422625,2012,Universal Pictures
1429,PAW Patrol: The Mighty Movie,65343309,2023,Paramount Pictures
1430,Step Up,65328121,2006,
1431,Pitch Perfect,65298093,2012,Universal Pictures
1432,Hannah Montana and Miley Cyrus: Best of Both Worlds Concert,65281781,2008,
1433,The Amityville Horror,65233369,2005,
1434,Lethal Weapon,65207127,1987,
1435,The Visit,65206105,2015,Universal Pictures
1436,Jack the Giant Slayer,65187603,2013,Warner Bros.
1437,Think Like a Man Too,65182182,2014,Screen Gems
1438,Barbershop 2: Back in Business,65111277,2004,
1439,Now You See Me 2,65075540,2016,Lionsgate
1440,About Schmidt,65016287,2002,
1441,Exodus: Gods and Kings,65014513,2014,Twentieth Century Fox
1442,Wolf,65002597,1994,
1443,Friday the 13th,65002019,2009,
1444,Stuart Little 2,64956806,2002,
1445,Mirror Mirror,64935167,2012,Relativity Media
1446,Staying Alive,64892670,1983,
1447,Mr. Mom,64783827,1983,
1448,Cocaine Bear,64670240,2023,Universal Pictures
1449,Flushed Away,64665672,2006,
1450,L.A. Confidential,64616940,1997,
1451,Dirty Dancing,64577242,1987,
1452,Chronicle,64575175,2012,Twentieth Century Fox
1453,Field of Dreams,64532235,1989,
1454,A Dog's Purpose,64508620,2017,Universal Pictures
1455,The Happening,64506874,2008,
1456,The Purge,64473115,2013,Universal Pictures
1457,The Wedding Ringer,64460211,2015,Screen Gems
1458,Miracle,64378093,2004,
1459,A Man Called Otto,64267657,2022,
1460,Jackass: The Movie,64255312,2002,
1461,The Nut Job,64251541,2014,Open Road Films (II)
1462,Down to Earth,64186502,2001,
1463,17 Again,64167069,2009,
1464,Halloween Ends,64079860,2022,Universal Pictures
1465,Ice Age: Collision Course,64063008,2016,Twentieth Century Fox
1466,Deja Vu,64038616,2006,
1467,Life,64016268,1999,
1468,Happy Feet Two,64006466,2011,Warner Bros.
1469,Diary of a Wimpy Kid,64003625,2010,Twentieth Century Fox
1470,Wish,63973821,2023,Walt Disney Studios Motion Pictures
1471,Sky High,63946815,2005,
1472,Last Vegas,63914167,2013,CBS Films
1473,Mona Lisa Smile,63860942,2003,
1474,The Shape of Water,63859435,2017,Fox Searchlight Pictures
1475,In & Out,63856929,1997,
1476,The Fifth Element,63820180,1997,
1477,Working Girl,63779477,1988,
1478,The Witches of Eastwick,63766510,1987,
1479,The Goonies,63711145,1985,
1480,What About Bob?,63707829,1991,
1481,Unknown,63686397,2011,Warner Bros.
1482,Babe,63658910,1995,
1483,Thunderball,63595658,1965,
1484,Risky Business,63541777,1983,
1485,Hope Springs,63536011,2012,Sony Pictures Releasing
1486,The Fox and the Hound,63456988,1981,
1487,Miami Vice,63450470,2006,
1488,The Time Traveler's Wife,63414846,2009,
1489,Tango & Cash,63408614,1989,
1490,She's All That,63366989,1999,
1491,Madea's Family Reunion,63318000,2006,
1492,Bewitched,63313159,2005,
1493,Saw IV,63300095,2007,
1494,The Boss,63285885,2016,Universal Pictures
1495,Dave,63270710,1993,
1496,The Holiday,63224849,2006,
1497,Rising Sun,63179523,1993,
1498,Forgetting Sarah Marshall,63172463,2008,
1499,The Sorcerer's Apprentice,63150991,2010,Walt Disney Studios Motion Pictures
1500,Beavis and Butt-Head Do America,63118386,1996,
1501,Scent of a Woman,63095253,1992,
1502,A Nightmare on Elm Street,63075011,2010,Warner Bros.
1503,The Last Song,62950384,2010,Walt Disney Studios Motion Pictures
1504,Jarhead,62658220,2005,
1505,Black Mass,62575678,2015,Warner Bros.
1506,The Crying Game,62548947,1992,
1507,London Has Fallen,62524260,2016,Focus Features
1508,The Fast and the Furious: Tokyo Drift,62514415,2006,
1509,The Adjustment Bureau,62495645,2011,Universal Pictures
1510,A Fish Called Wanda,62493712,1988,
1511,Spy Game,62362560,2001,
1512,The Call of the Wild,62342368,2020,20th Century Studios
1513,Underworld: Awakening,62321039,2012,Screen Gems
1514,Underworld: Evolution,62318875,2006,
1515,Terminator: Dark Fate,62253077,2019,Paramount Pictures
1516,Down and Out in Beverly Hills,62134225,1986,
1517,The Wolfman,61979680,2010,Universal Pictures
1518,Mousehunt,61917389,1997,
1519,The Electric Horseman,61801971,1979,
1520,Dog,61778069,2022,United Artists Releasing
1521,Patton,61749765,1970,
1522,Ender's Game,61737191,2013,Lionsgate
1523,Miracles from Heaven,61705123,2016,TriStar Pictures
1524,A Beautiful Day in the Neighborhood,61704055,2019,Sony Pictures Releasing
1525,Cinderella Man,61649911,2005,
1526,Onward,61555145,2020,Walt Disney Studios Motion Pictures
1527,Napoleon,61524375,2023,Columbia Pictures
1528,Flatliners,61489265,1990,
1529,Deepwater Horizon,61433527,2016,Lionsgate
1530,National Lampoon's Vacation,61418063,1983,
1531,The Saint,61363304,1997,
1532,Stomp the Yard,61356221,2007,
1533,Rules of Engagement,61335230,2000,
1534,The Cell,61334059,2000,
1535,Misery,61276872,1990,
1536,Abominable,61270390,2019,Universal Pictures
1537,Friday Night Lights,61255921,2004,
1538,Now You See Me: Now You Don't,61200387,2025,Lionsgate
1539,Candyman,61186570,2021,Universal Pictures
1540,The Shaggy Dog,61123569,2006,
1541,Prisoners,61002302,2013,Warner Bros.
1542,Get Him to the Greek,60974475,2010,Universal Pictures
1543,The Devil's Advocate,60944660,1997,
1544,The Omen,60922980,1976,
1545,Mission to Mars,60883407,2000,
1546,Harlem Nights,60864870,1989,
1547,Coyote Ugly,60786269,2000,
1548,God's Not Dead,60755732,2014,Freestyle Releasing
1549,Poseidon,60674817,2006,
1550,Fantasia 2000,60655420,2000,
1551,Three Kings,60652036,1999,
1552,The Color Purple,60619191,2023,Warner Bros.
1553,Jingle All the Way,60592389,1996,
1554,Kiss the Girls,60527873,1997,
1555,After Earth,60522097,2013,Sony Pictures Releasing
1556,Baby Mama,60494212,2008,
1557,2001: A Space Odyssey,60481243,1968,
1558,Dora and the Lost City of Gold,60477943,2019,Paramount Pictures
1559,Shanghai Knights,60476872,2003,
1560,The Lucky One,60457138,2012,Warner Bros.
1561,The Wedding Planner,60400856,2001,
1562,Burn After Reading,60355347,2008,
1563,Love Actually,60352285,2003,
1564,Scrooged,60328558,1988,
1565,Why Him?,60323786,2016,Twentieth Century Fox
1566,Blockers,60311495,2018,Universal Pictures
1567,The King of Kings,60270106,2025,Angel
1568,The Cable Guy,60240295,1996,
1569,Resident Evil: Afterlife,60128566,2010,Screen Gems
1570,Spies Like Us,60106536,1985,
1571,Why Did I Get Married Too?,60095852,2010,Lionsgate
1572,The American President,60079496,1995,
1573,Species,60074103,1995,
1574,The Family Stone,60062868,2005,
1575,Bad Santa,60060328,2003,
1576,Brüno,60054530,2009,
1577,Hope Floats,60053195,1998,
1578,Tooth Fairy,60022256,2010,Twentieth Century Fox
1579,Snow Day,60020107,2000,
1580,The Good Shepherd,59952835,2006,
1581,Superman III,59950623,1983,
1582,Jungle 2 Jungle,59927618,1997,
1583,Little Miss Sunshine,59891098,2006,
1584,Pacific Rim: Uprising,59874525,2018,Universal Pictures
1585,The Benchwarmers,59843754,2006,
1586,Predator,59735548,1987,
1587,Secretariat,59713955,2010,Walt Disney Studios Motion Pictures
1588,Son of God,59700064,2014,Twentieth Century Fox
1589,Gothika,59694580,2003,
1590,My Big Fat Greek Wedding 2,59689605,2016,Universal Pictures
1591,The Dictator,59650222,2012,Paramount Pictures
1592,Hellboy,59623958,2004,
1593,The Last Boy Scout,59509925,1991,
1594,My Girl,59489799,1991,
1595,The Stepford Wives,59484742,2004,
1596,The Lego Ninjago Movie,59364177,2017,Warner Bros.
1597,The Grand Budapest Hotel,59301324,2014,Fox Searchlight Pictures
1598,Planes: Fire & Rescue,59165787,2014,Walt Disney Studios Motion Pictures
1599,Transformers One,59098421,2024,Paramount Pictures
1600,Courage Under Fire,59031057,1996,
1601,Dawn of the Dead,59020957,2004,
1602,The Aristocats,59000000,1970,
1603,Chariots of Fire,58972904,1981,
1604,Vacation,58884188,2015,Warner Bros.
1605,Far and Away,58883840,1992,
1606,Total Recall,58877969,2012,Sony Pictures Releasing
1607,Surf's Up,58867694,2007,
1608,Behind Enemy Lines,58856790,2001,
1609,The Blue Lagoon,58853106,1980,
1610,Bride Wars,58715510,2009,
1611,Water for Elephants,58709717,2011,Twentieth Century Fox
1612,Jack Reacher: Never Go Back,58697076,2016,Paramount Pictures
1613,"Honey, I Blew Up the Kid",58662452,1992,
1614,Little Man,58645052,2006,
1615,Jack,58620973,1996,
1616,RoboCop,58607007,2014,Sony Pictures Releasing
1617,Sea of Love,58571513,1989,
1618,The Croods: A New Age,58568815,2020,Universal Pictures
1619,Tenet,58504105,2020,Warner Bros.
1620,HouseSitter,58500635,1992,
1621,Death Becomes Her,58422650,1992,
1622,Anastasia,58406347,1997,
1623,Easy A,58401464,2010,Screen Gems
1624,Curious George,58360760,2006,
1625,Open Range,58331254,2003,
1626,Joker: Folie à Deux,58300287,2024,Warner Bros.
1627,Halloween,58272029,2007,
1628,Tomb Raider,58250803,2018,Warner Bros.
1629,The Secret Life of Walter Mitty,58236838,2013,Twentieth Century Fox
1630,Bicentennial Man,58223861,1999,
1631,Ali,58203105,2001,
1632,Without a Paddle,58169327,2004,
1633,Baywatch,58060186,2017,Paramount Pictures
1634,Demolition Man,58055768,1993,
1635,Ballerina,58051327,2025,Lionsgate
1636,Maze Runner: The Death Cure,58032443,2018,Twentieth Century Fox
1637,Step Up 2 the Streets,58017783,2008,
1638,The Lincoln Lawyer,58009200,2011,Lionsgate
1639,The Butterfly Effect,57938693,2004,
1640,Throw Momma from the Train,57915972,1987,
1641,Red Eye,57891803,2005,
1642,Shall We Dance?,57890460,2004,
1643,Invincible,57806952,2006,
1644,Cleopatra,57777778,1963,
1645,The Chronicles of Riddick,57761012,2004,
1646,Takers,57744720,2010,Screen Gems
1647,Jackass Forever,57743451,2022,Paramount Pictures
1648,The Animal,57743062,2001,
1649,Fences,57682904,2016,Paramount Pictures
1650,Shazam! Fury of the Gods,57638006,2023,Warner Bros.
1651,Life Is Beautiful,57563264,1998,
1652,The Cider House Rules,57545092,1999,
1653,Boyz n the Hood,57504069,1991,
1654,Memoirs of a Geisha,57490508,2005,
1655,Pet Sematary,57469467,1989,
1656,Dragnet,57387516,1987,
1657,Moulin Rouge!,57386607,2001,
1658,The Shack,57386418,2017,Lionsgate
1659,Blood Diamond,57377916,2006,
1660,The Specialist,57362582,1994,
1661,Next Friday,57328603,2000,
1662,Sister Act 2: Back in the Habit,57319029,1993,
1663,The Boss Baby 2: Family Business,57300280,2021,Universal Pictures
1664,Willow,57269863,1988,
1665,The Whole Nine Yards,57262492,2000,
1666,13 Going on 30,57231747,2004,
1667,The Blues Brothers,57229890,1980,
1668,U.S. Marshals,57167405,1998,
1669,Godzilla Minus One,57144669,2023,Toho International
1670,12 Monkeys,57141459,1995,
1671,Unlawful Entry,57138719,1992,
1672,Beethoven,57114049,1992,
1673,Annie,57059003,1982,
1674,Beaches,57041866,1988,
1675,The Perfect Guy,57027435,2015,Screen Gems
1676,Escape from Planet Earth,57012977,2013,The Weinstein Company
1677,American Reunion,57011521,2012,Universal Pictures
1678,Escape Room,57005601,2019,Sony Pictures Releasing
1679,The Man in the Iron Mask,56968902,1998,
1680,Shanghai Noon,56937502,2000,
1681,Midway,56846802,2019,Lionsgate
1682,The Time Machine,56832494,2002,
1683,Midnight in Paris,56817045,2011,Sony Pictures Classics
1684,Saw V,56746769,2008,
1685,A Civil Action,56709981,1998,
1686,12 Years a Slave,56671993,2013,Fox Searchlight Pictures
1687,Guess Who's Coming to Dinner,56666667,1967,
1688,Clueless,56631572,1995,
1689,Rat Race,56618055,2001,
1690,A Knight's Tale,56569702,2001,
1691,Executive Decision,56569216,1996,
1692,Tombstone,56505065,1993,
1693,The Addams Family 2,56489153,2021,United Artists Releasing
1694,Darkest Hour,56468410,2017,Focus Features
1695,Joy,56451232,2015,Twentieth Century Fox
1696,The Queen,56441711,2006,
1697,The Big Chill,56399659,1983,
1698,Drumline,56399184,2002,
1699,White Noise,56386759,2005,
1700,Edward Scissorhands,56362352,1990,
1701,Once Upon a Time in Mexico,56359780,2003,
1702,Dracula Untold,56280355,2014,Universal Pictures
1703,Me Before You,56245075,2016,Warner Bros.
1704,Just Married,56127162,2003,
1705,Fantastic Four,56117548,2015,Twentieth Century Fox
1706,Primal Fear,56116183,1996,
1707,Wallace & Gromit: The Curse of the Were-Rabbit,56110897,2005,
1708,Be Cool,56046979,2005,
1709,ParaNorman,56003051,2012,Focus Features
1710,Saw,56000369,2004,
1711,Romeo Must Die,55973336,2000,
1712,Forever Young,55956187,1992,
1713,The Suicide Squad,55817425,2021,Warner Bros.
1714,Friends with Benefits,55802754,2011,Screen Gems
1715,Free Birds,55750480,2013,Relativity Media
1716,Hansel & Gretel: Witch Hunters,55703475,2013,Paramount Pictures
1717,Eyes Wide Shut,55691208,1999,
1718,Happy Death Day,55683845,2017,Universal Pictures
1719,Legend of the Guardians: The Owls of Ga'Hoole,55675313,2010,Warner Bros.
1720,Police Academy 2: Their First Assignment,55600000,1985,
1721,Snake Eyes,55591409,1998,
1722,The BFG,55483770,2016,Walt Disney Studios Motion Pictures
1723,Never Been Kissed,55474756,1999,
1724,Alien³,55473545,1992,
1725,Neighbors 2: Sorority Rising,55455765,2016,Universal Pictures
1726,Never Say Never Again,55432841,1983,
1727,The Haunting in Connecticut,55389516,2009,
1728,What Dreams May Come,55382927,1998,
1729,Ghosts of Girlfriends Past,55250026,2009,
1730,Why Did I Get Married?,55204525,2007,
1731,The Shallows,55124043,2016,Sony Pictures Releasing
1732,I Am Number Four,55100437,2011,Walt Disney Studios Motion Pictures
1733,Halloween H20: 20 Years Later,55041738,1998,
1734,The Guardian,55011732,2006,
1735,Don't Say a Word,55001642,2001,
1736,The Abyss,54981151,1989,
1737,The Jackal,54930280,1997,
1738,Spawn,54870175,1997,
1739,The Nutcracker and the Four Realms,54858851,2018,Walt Disney Studios Motion Pictures
1740,Doc Hollywood,54830779,1991,
1741,Starship Troopers,54814377,1997,
1742,For Your Eyes Only,54812802,1981,
1743,Office Christmas Party,54767494,2016,Paramount Pictures
1744,Ordinary People,54766923,1980,
1745,This Means War,54760791,2012,Twentieth Century Fox
1746,The Curse of La Llorona,54733739,2019,Warner Bros.
1747,Project X,54731865,2012,Warner Bros.
1748,Tag,54730625,2018,Warner Bros.
1749,Pet Sematary,54724696,2019,Paramount Pictures
1750,Raya and the Last Dragon,54723032,2021,Walt Disney Studios Motion Pictures
1751,Source Code,54712227,2011,Summit Entertainment
1752,Small Soldiers,54682547,1998,
1753,Assassin's Creed,54647948,2016,Twentieth Century Fox
1754,What Men Want,54611903,2019,Paramount Pictures
1755,The Omen,54607383,2006,
1756,Crash,54580300,2005,
1757,New Year's Eve,54544638,2011,Warner Bros.
1758,"Three Billboards Outside Ebbing, Missouri",54513740,2017,Fox Searchlight Pictures
1759,Horrible Bosses 2,54445357,2014,Warner Bros.
1760,The Woman in Black,54333290,2012,CBS Films
1761,The Hundred-Foot Journey,54240821,2014,Walt Disney Studios Motion Pictures
1762,Evil Dead,54239856,2013,TriStar Pictures
1763,The Count of Monte Cristo,54234062,2002,
1764,La Bamba,54215416,1987,
1765,TMNT,54149098,2007,
1766,The Hateful Eight,54117416,2015,The Weinstein Company
1767,Final Destination 3,54098051,2006,
1768,Barbershop: The Next Cut,54058961,2016,Warner Bros.
1769,Insidious,54009150,2011,FilmDistrict
1770,Terrifier 3,53981071,2024,Cineverse
1771,The Verdict,53977250,1982,
1772,Austin Powers: International Man of Mystery,53911748,1997,
1773,The Three Musketeers,53898845,1993,
1774,Paranormal Activity 4,53885000,2012,Paramount Pictures
1775,Focus,53862963,2015,Warner Bros.
1776,Tin Cup,53854588,1996,
1777,Parasite,53847897,2019,Neon
1778,House of Gucci,53809574,2021,United Artists Releasing
1779,Paycheck,53790451,2003,
1780,Rambo III,53715611,1988,
1781,Hero,53710019,2004,
1782,P.S. I Love You,53706790,2007,
1783,Sabrina,53672080,1995,
1784,Rookie of the Year,53615089,1993,
1785,Saw X,53607898,2023,Lionsgate
1786,3:10 to Yuma,53606916,2007,
1787,A Simple Favor,53548586,2018,Lionsgate
1788,Problem Child,53470891,1990,
1789,Beethoven's 2nd,53443066,1993,
1790,RoboCop,53424681,1987,
1791,"Yours, Mine & Ours",53412862,2005,
1792,Corpse Bride,53401527,2005,
1793,Life as We Know It,53374681,2010,Warner Bros.
1794,T-Rex: Back to the Cretaceous,53354743,1998,
1795,Madea's Big Happy Family,53345287,2011,Lionsgate
1796,Final Destination,53331147,2000,
1797,Sleepers,53315285,1996,
1798,Papillon,53267000,1973,
1799,RED 2,53262560,2013,Lionsgate
1800,The Devil Inside,53261944,2012,Paramount Pictures
1801,Arachnophobia,53208180,1990,
1802,The Prestige,53089891,2006,
1803,Life of the Party,53059911,2018,Warner Bros.
1804,Letters to Juliet,53032453,2010,Summit Entertainment
1805,Blow,52990775,2001,
1806,My Cousin Vinny,52929168,1992,
1807,Forces of Nature,52900680,1999,
1808,Sweeney Todd: The Demon Barber of Fleet Street,52898073,2007,
1809,Varsity Blues,52894169,1999,
1810,Message in a Bottle,52880016,1999,
1811,Outrageous Fortune,52864741,1987,
1812,13 Hours,52853219,2016,Paramount Pictures
1813,Kicking & Screaming,52842724,2005,
1814,The Recruit,52802140,2003,
1815,Unfaithful,52775765,2002,
1816,Gandhi,52767889,1982,
1817,Four Weddings and a Funeral,52700832,1994,
1818,Diary of a Wimpy Kid: Rodrick Rules,52698535,2011,Twentieth Century Fox
1819,The Naked Gun,52647396,2025,Paramount Pictures International
1820,The Boys in the Boat,52641306,2023,Amazon MGM Studios
1821,King Kong,52614445,1976,
1822,The Strangers,52597610,2008,
1823,Karate Kid: Legends,52547391,2025,Sony Pictures Releasing
1824,No Good Deed,52543632,2014,Screen Gems
1825,A Madea Christmas,52543354,2013,Lionsgate
1826,Hubble,52522904,2010,Warner Bros.
1827,Wall Street: Money Never Sleeps,52474616,2010,Twentieth Century Fox
1828,Air,52460106,2023,Amazon MGM Studios
1829,Southpaw,52421953,2015,The Weinstein Company
1830,Blade: Trinity,52411906,2004,
1831,The Royal Tenenbaums,52364010,2001,
1832,Radio,52333738,2003,
1833,The Lake House,52330111,2006,
1834,The Color of Money,52293982,1986,
1835,Stand by Me,52287414,1986,
1836,Funny Girl,52223306,1968,
1837,Insidious: Chapter 3,52218558,2015,Focus Features
1838,Star Trek V: The Final Frontier,52210049,1989,
1839,Identity,52159536,2003,
1840,The Little Rascals,52125282,1994,
1841,Jesus Revolution,52102987,2023,Lionsgate
1842,Awakenings,52096475,1990,
1843,Selma,52076908,2014,
1844,The Forbidden Kingdom,52075270,2008,
1845,"South Park: Bigger, Longer & Uncut",52037603,1999,
1846,Predators,52000688,2010,Twentieth Century Fox
1847,Temptation: Confessions of a Marriage Counselor,51975354,2013,Lionsgate
1848,Amadeus,51973029,1984,
1849,Underworld,51970690,2003,
1850,King Arthur,51882244,2004,
1851,The Call,51872378,2013,TriStar Pictures
1852,Funny People,51855045,2009,
1853,The Odd Life of Timothy Green,51854875,2012,Walt Disney Studios Motion Pictures
1854,Finding Forrester,51804714,2000,
1855,Footloose,51802742,2011,
1856,Ghost Rider: Spirit of Vengeance,51774002,2012,Sony Pictures Releasing
1857,Exit Wounds,51758599,2001,
1858,Lion,51738905,2016,The Weinstein Company
1859,I Can Do Bad All by Myself,51733921,2009,
1860,The China Syndrome,51718367,1979,
1861,The French Connection,51700000,1971,
1862,Atomic Blonde,51687870,2017,Focus Features
1863,Finding Neverland,51680613,2004,
1864,Sleeping Beauty,51600000,1959,
1865,The Grey,51580236,2012,Open Road Films (II)
1866,My Bloody Valentine,51545952,2009,
1867,A Cinderella Story,51438175,2004,
1868,Like Mike,51432760,2002,
1869,Sneakers,51432691,1992,
1870,Enemy at the Gates,51401758,2001,
1871,Hoodwinked,51386611,2005,
1872,DragonHeart,51367375,1996,
1873,American Made,51342000,2017,Universal Pictures
1874,The Phantom of the Opera,51293931,2004,
1875,Dennis the Menace,51270765,1993,
1876,The Love Bug,51264000,1969,
1877,Broadcast News,51249404,1987,
1878,Resident Evil: Apocalypse,51201453,2004,
1879,The Living Daylights,51185897,1987,
1880,Muppets Most Wanted,51183113,2014,Walt Disney Studios Motion Pictures
1881,Naked Gun 33 1/3: The Final Insult,51132598,1994,
1882,Hide and Seek,51100486,2005,
1883,Up Close & Personal,51088705,1996,
1884,The Hitchhiker's Guide to the Galaxy,51085416,2005,
1885,Goldfinger,51081062,1964,
1886,Silver Streak,51079064,1976,
1887,The Predator,51024708,2018,Twentieth Century Fox
1888,Atonement,50927067,2007,
1889,Bull Durham,50888729,1988,
1890,The Tale of Despereaux,50877145,2008,
1891,Apocalypto,50866635,2006,
1892,Something to Talk About,50865589,1995,
1893,The Road to El Dorado,50863742,2000,
1894,Ouija,50856010,2014,Universal Pictures
1895,The Boxtrolls,50837305,2014,Focus Features
1896,Syriana,50824620,2005,
1897,The Mighty Ducks,50752337,1992,
1898,A Bridge Too Far,50750000,1977,
1899,The Net,50727965,1995,
1900,The Dark Tower,50701325,2017,Sony Pictures Releasing
1901,The Hurricane,50699241,1999,
1902,The Crow,50693129,1994,
1903,Resident Evil: Extinction,50648679,2007,
1904,Diary of a Mad Black Woman,50633099,2005,
1905,Mighty Joe Young,50632037,1998,
1906,Fletch,50612888,1985,
1907,Jack Ryan: Shadow Recruit,50577412,2014,Paramount Pictures
1908,Music and Lyrics,50572589,2007,
1909,The Tuxedo,50547998,2002,
1910,Eddie Murphy: Raw,50504655,1987,
1911,If I Stay,50474843,2014,Warner Bros.
1912,No Hard Feelings,50452282,2023,Sony Pictures Releasing
1913,The Four Seasons,50427646,1981,
1914,K-PAX,50338485,2001,
1915,A View to a Kill,50327960,1985,
1916,Overboard,50316123,2018,Pantelion Films
1917,Serendipity,50294317,2001,
1918,Hot Tub Time Machine,50287556,2010,Metro-Goldwyn-Mayer (MGM)
1919,Natural Born Killers,50282766,1994,
1920,Angels in the Outfield,50236831,1994,
1921,Ad Astra,50188370,2019,Twentieth Century Fox
1922,Breakdown,50159144,1997,
1923,The Book of Life,50151543,2014,Twentieth Century Fox
1924,Challengers,50119408,2024,Amazon MGM Studios
1925,Little Women,50083616,1994,
1926,Sommersby,50081992,1993,
1927,Sicario: Day of the Soldado,50072235,2018,Sony Pictures Releasing
1928,Absolute Power,50068310,1997,
1929,Violent Night,50057405,2022,Universal Pictures
1930,One of Them Days,50054690,2025,Sony Pictures Releasing
1931,Evita,50047179,1996,
1932,Stigmata,50046268,1999,
1933,Home on the Range,50030461,2004,
1934,Under Siege 2: Dark Territory,50024083,1995,
1935,Uncut Gems,50023780,2019,A24
1936,When a Man Loves a Woman,50021959,1994,
1937,Last Action Hero,50016394,1993,
1938,A Walk in the Clouds,50008143,1995,
1939,Dog Day Afternoon,50000000,1975,
1940,Demon Slayer: Kimetsu no Yaiba - The Movie: Mugen Train,49888550,2021,FUNimation Entertainment
1941,Red Tails,49876377,2012,Twentieth Century Fox
1942,Pain & Gain,49875291,2013,Paramount Pictures
1943,Legal Eagles,49851591,1986,
1944,Popeye,49823037,1980,
1945,Major League,49797148,1989,
1946,Racing Stripes,49772522,2005,
1947,Are We Done Yet?,49662533,2007,
1948,Revenge of the Pink Panther,49579269,1978,
1949,Australia,49554002,2008,
1950,"Planes, Trains & Automobiles",49530280,1987,
1951,Old Dogs,49492060,2009,
1952,Runaway Jury,49443628,2003,
1953,Land of the Lost,49438370,2009,
1954,Shampoo,49407734,1975,
1955,A Nightmare on Elm Street 4: The Dream Master,49369899,1988,
1956,National Lampoon's European Vacation,49364621,1985,
1957,Volcano,49323468,1997,
1958,BlacKkKlansman,49275340,2018,Focus Features
1959,My Sister's Keeper,49200230,2009,
1960,The Possession,49130154,2012,Lionsgate
1961,This Christmas,49121934,2007,
1962,Bugsy,49114016,1991,
1963,Cobra,49042224,1986,
1964,Michael Clayton,49033882,2007,
1965,Diary of a Wimpy Kid: Dog Days,49008662,2012,Twentieth Century Fox
1966,The Deer Hunter,48979328,1978,
1967,Lady Bird,48958273,2017,A24
1968,Clifford the Big Red Dog,48947356,2021,Paramount Pictures
1969,Addams Family Values,48919043,1993,
1970,Regretting You,48852948,2025,Paramount Pictures International
1971,Men of Honor,48818921,2000,
1972,I Feel Pretty,48795601,2018,STX Entertainment
1973,Isn't It Romantic,48791187,2019,Warner Bros.
1974,Firewall,48751189,2006,
1975,About Last Night,48637684,2014,Screen Gems
1976,Speed 2: Cruise Control,48608066,1997,
1977,Date Movie,48548426,2006,
1978,Gemini Man,48546770,2019,Paramount Pictures
1979,The Land Before Time,48478716,1988,
1980,Miss Congeniality 2: Armed & Fabulous,48478006,2005,
1981,The Dilemma,48475290,2011,Universal Pictures
1982,Peter Pan,48462608,2003,
1983,Return to Never Land,48430258,2002,
1984,The Huntsman: Winter's War,48390190,2016,Universal Pictures
1985,Big Fat Liar,48360547,2002,
1986,The Game,48323648,1997,
1987,Just Like Heaven,48318130,2005,
1988,Talk to Me,48299436,2023,A24
1989,Old,48276510,2021,Universal Pictures
1990,The House Bunny,48237389,2008,
1991,Mask,48230162,1985,
1992,Wayne's World 2,48197805,1993,
1993,Malcolm X,48169910,1992,
1994,G.I. Jane,48169156,1997,
1995,Tightrope,48143579,1984,
1996,Fat Albert,48116322,2004,
1997,The Preacher's Wife,48102795,1996,
1998,Sinister,48086903,2012,Lionsgate
1999,Kick-Ass,48071303,2010,Lionsgate
2000,Kubo and the Two Strings,48023088,2016,Focus Features
2001,Secret Window,48022900,2004,
2002,Single White Female,48017402,1992,
2003,Nim's Island,48006762,2008,
2004,The Natural,47951979,1984,
2005,Agent Cody Banks,47938330,2003,
2006,The Skeleton Key,47907715,2005,
2007,The Jungle Book 2,47901582,2003,
2008,When a Stranger Calls,47860214,2006,
2009,Premonition,47852604,2007,
2010,Vice,47836282,2018,Annapurna Pictures
2011,The Godfather Part II,47834595,1974,
2012,Alien: Resurrection,47795658,1997,
2013,Look Who's Talking Too,47789074,1990,
2014,The Rundown,47726342,2003,
2015,Manchester by the Sea,47695371,2016,Roadside Attractions
2016,Dan in Real Life,47642963,2007,
2017,New Jack City,47624353,1991,
2018,Into the Storm,47615959,2014,Warner Bros.
2019,Precious,47566524,2009,
2020,The Kingdom,47536778,2007,
2021,Kingdom of Heaven,47527678,2005,
2022,An American Tail,47483002,1986,
2023,Poltergeist,47425125,2015,Twentieth Century Fox
2024,Hard to Kill,47410827,1990,
2025,Munich,47403685,2005,
2026,Jupiter Ascending,47387723,2015,Warner Bros.
2027,Savages,47382068,2012,Universal Pictures
2028,Warcraft,47365290,2016,Universal Pictures
2029,The Deep,47346365,1977,
2030,The Boy and the Heron,47343204,2023,GKIDS
2031,Hostel,47326473,2006,
2032,Boo 2! A Madea Halloween,47319572,2017,Lionsgate
2033,First Blood,47212904,1982,
2034,The Shining,47194352,1980,
2035,Halloween,47160000,1978,
2036,Nanny McPhee,47144110,2006,
2037,Kate & Leopold,47121859,2001,
2038,The Judge,47119388,2014,Warner Bros.
2039,The Toy,47118057,1982,
2040,Killers,47059963,2010,Lionsgate
2041,Jersey Boys,47047013,2014,Warner Bros.
2042,Shooter,47003582,2007,
2043,Silent Hill,46982632,2006,
2044,Final Destination 2,46961214,2003,
2045,Urban Cowboy,46918287,1980,
2046,Goodfellas,46909721,1990,
2047,"See No Evil, Hear No Evil",46908987,1989,
2048,Sicario,46889293,2015,Lionsgate
2049,"Lyle, Lyle, Crocodile",46888441,2022,Sony Pictures Releasing
2050,Red Sparrow,46874505,2018,Twentieth Century Fox
2051,How to Be Single,46843513,2016,Warner Bros.
2052,Breaking In,46840590,2018,Universal Pictures
2053,The Spy Who Loved Me,46838673,1977,
2054,The River Wild,46816343,1994,
2055,Wonder Woman 1984,46801036,2020,Warner Bros.
2056,Boogeyman,46752382,2005,
2057,Practical Magic,46732881,1998,
2058,"Dude, Where's My Car?",46729800,2000,
2059,Firefox,46708276,1982,
2060,The Rocketeer,46704056,1991,
2061,Goosebumps 2: Haunted Halloween,46700633,2018,Sony Pictures Releasing
2062,The Distinguished Gentleman,46666502,1992,
2063,Colors,46616067,1988,
2064,The Brady Bunch Movie,46576136,1995,
2065,Phone Booth,46566212,2003,
2066,Tom & Jerry,46536687,2021,Warner Bros.
2067,The Legend of Zorro,46464023,2005,
2068,Arthur Christmas,46462469,2011,Sony Pictures Releasing
2069,Walking Tall,46437717,2004,
2070,The Breakfast Club,46434721,1985,
2071,Deep Sea,46412757,2006,
2072,The Best Exotic Marigold Hotel,46412041,2012,Fox Searchlight Pictures
2073,Malice,46405336,1993,
2074,Full Metal Jacket,46357676,1987,
2075,Romeo + Juliet,46351345,1996,
2076,It's a Mad Mad Mad Mad World,46332858,1963,
2077,Blended,46306208,2014,Warner Bros.
2078,The Enforcer,46236000,1976,
2079,Black Rain,46212055,1989,
2080,Hocus Pocus,46194549,1993,
2081,One Fine Day,46151454,1996,
2082,Mickey 17,46047147,2025,Warner Bros.
2083,Marked for Death,46044396,1990,
2084,Made of Honor,46012734,2008,
2085,Mike and Dave Need Wedding Dates,46009673,2016,Twentieth Century Fox
2086,Gangster Squad,46000903,2013,Warner Bros.
2087,Scarface,45967303,1983,
2088,The Full Monty,45950122,1997,
2089,The Rainmaker,45916769,1997,
2090,Ma,45896028,2019,Universal Pictures
2091,"Greystoke: The Legend of Tarzan, Lord of the Apes",45858563,1984,
2092,Snatched,45852178,2017,Twentieth Century Fox
2093,12 Strong,45819713,2018,Warner Bros.
2094,In Good Company,45806659,2004,
2095,Underworld: Rise of the Lycans,45802315,2009,
2096,Paddington in Peru,45770312,2025,Sony Pictures Releasing
2097,Five Feet Apart,45729221,2019,Lionsgate
2098,Saw 3D,45710178,2010,Lionsgate
2099,RoboCop 2,45681173,1990,
2100,Young Guns,45661556,1988,
2101,Death on the Nile,45630104,2022,20th Century Studios
2102,College Road Trip,45610425,2008,
2103,D2: The Mighty Ducks,45610410,1994,
2104,The Tigger Movie,45554533,2000,
2105,The Great Wall,45540830,2017,Universal Pictures
2106,Jaws 3-D,45517055,1983,
2107,"O Brother, Where Art Thou?",45512588,2000,
2108,Moonrise Kingdom,45512466,2012,Focus Features
2109,Medicine Man,45500797,1992,
2110,The Man from U.N.C.L.E.,45445109,2015,Warner Bros.
2111,Thelma & Louise,45360915,1991,
2112,Bean,45319423,1997,
2113,Don't Worry Darling,45309403,2022,Warner Bros.
2114,Lawrence of Arabia,45306425,1962,
2115,Here Comes the Boom,45290318,2012,Sony Pictures Releasing
2116,Domestic Disturbance,45246095,2001,
2117,Wonder Park,45216793,2019,Paramount Pictures
2118,Argylle,45207275,2024,Universal Pictures
2119,Zoolander,45172250,2001,
2120,The Giver,45090374,2014,The Weinstein Company
2121,28 Days Later,45064915,2003,
2122,Hall Pass,45060734,2011,Warner Bros.
2123,Spotlight,45055776,2015,Open Road Films (II)
2124,Smurfs: The Lost Village,45020282,2017,Sony Pictures Releasing
2125,Going in Style,45018541,2017,Warner Bros.
2126,Frequency,45010278,2000,
2127,The Way We Were,45000000,1973,
2128,Foul Play,44999621,1978,
2129,Downton Abbey: The Grand Finale,44996590,2025,Focus Features
2130,Den of Thieves,44947622,2018,STX Entertainment
2131,Made in America,44942695,1993,
2132,First Man,44936545,2018,Universal Pictures
2133,All Eyez on Me,44922302,2017,Lionsgate
2134,The End,44917151,1978,
2135,xXx: Return of Xander Cage,44898413,2017,Paramount Pictures
2136,Cop Out,44875481,2010,Warner Bros.
2137,Cop Land,44862187,1997,
2138,Timecop,44853581,1994,
2139,Rambo: Last Blood,44819352,2019,Lionsgate
2140,Red Dawn,44806783,2012,FilmDistrict
2141,A Nightmare on Elm Street 3: Dream Warriors,44793222,1987,
2142,The Good Son,44789789,1993,
2143,Pride & Prejudice,44785261,2005,
2144,Midnight Cowboy,44785053,1969,
2145,The Replacements,44737059,2000,
2146,The Internship,44672764,2013,Twentieth Century Fox
2147,The Artist,44671682,2011,The Weinstein Company
2148,Meet Joe Black,44619100,1998,
2149,Lost in Translation,44585453,2003,
2150,The Negotiator,44547681,1998,
2151,Napoleon Dynamite,44540956,2004,
2152,The Forever Purge,44539245,2021,Universal Pictures
2153,The Odd Couple,44527234,1968,
2154,"McFarland, USA",44482410,2015,Walt Disney Studios Motion Pictures
2155,Nothing to Lose,44480039,1997,
2156,Instructions Not Included,44467206,2013,Lionsgate
2157,Playing with Fire,44451847,2019,Paramount Pictures
2158,Gran Turismo,44428554,2023,Sony Pictures Releasing
2159,Up in Smoke,44364244,1978,
2160,The Three Stooges,44338224,2012,Twentieth Century Fox
2161,47 Meters Down,44307191,2017,Entertainment Studios Motion Pictures
2162,Confessions of a Shopaholic,44277350,2009,
2163,Amistad,44229441,1997,
2164,Young Guns II,44143410,1990,
2165,Downton Abbey: A New Era,44141550,2022,Focus Features
2166,St. Vincent,44137712,2014,The Weinstein Company
2167,The Lovely Bones,44114232,2009,
2168,The Sisterhood of the Traveling Pants 2,44089964,2008,
2169,Hereditary,44069456,2018,A24
2170,Passenger 57,44065653,1992,
2171,West Side Story,44055492,1961,
2172,The Beverly Hillbillies,44029386,1993,
2173,Seems Like Old Times,43995918,1980,
2174,The Last Emperor,43984230,1987,
2175,Speed Racer,43945766,2008,
2176,The One,43905746,2001,
2177,Must Love Dogs,43894863,2005,
2178,Prom Night,43869350,2008,
2179,Always,43858790,1989,
2180,Soul Surfer,43853424,2011,TriStar Pictures
2181,Wall Street,43848069,1987,
2182,Diamonds Are Forever,43819547,1971,
2183,Madame Web,43817106,2024,Columbia Pictures
2184,Queen & Slim,43808310,2019,Universal Pictures
2185,License to Wed,43799818,2007,
2186,The Gift,43787265,2015,STX Entertainment
2187,Underdog,43760605,2007,
2188,Pokémon the Movie 2000,43758684,2000,
2189,Tears of the Sun,43734876,2003,
2190,Soul Food,43700855,1997,
2191,City Slickers II: The Legend of Curly's Gold,43622150,1994,
2192,Under the Tuscan Sun,43610723,2003,
2193,Cats & Dogs: The Revenge of Kitty Galore,43585753,2010,Warner Bros.
2194,Police Academy 3: Back in Training,43579163,1986,
2195,Need for Speed,43577636,2014,Walt Disney Studios Motion Pictures
2196,Acrimony,43549096,2018,Lionsgate
2197,We Are Marshall,43545364,2006,
2198,Everest,43482270,2015,Universal Pictures
2199,A River Runs Through It,43440294,1992,
2200,Chainsaw Man - The Movie: Reze Arc,43438461,2025,Sony Pictures Releasing
2201,Sense and Sensibility,43436071,1995,
2202,Year One,43337279,2009,
2203,Edge of Darkness,43313890,2010,Warner Bros.
2204,Star Trek: Nemesis,43254409,2002,
2205,K-9,43247647,1989,
2206,The Boogeyman,43244282,2023,20th Century Studios
2207,Sherlock Gnomes,43242871,2018,Paramount Pictures
2208,The Jungle Book,43229904,1994,
2209,Point Break,43218387,1991,
2210,Biloxi Blues,43184798,1988,
2211,A Million Ways to Die in the West,43139300,2014,Universal Pictures
2212,No Reservations,43107979,2007,
2213,Transporter 2,43095856,2005,
2214,You Only Live Twice,43084787,1967,
2215,Harriet,43082155,2019,Focus Features
2216,Reign of Fire,43061982,2002,
2217,Wag the Dog,43061945,1997,
2218,The Night Before,43047372,2015,Sony Pictures Releasing
2219,Meatballs,43046003,1979,
2220,John Wick,43037835,2014,Lionsgate
2221,War Dogs,43034523,2016,Warner Bros.
2222,The Longest Yard,43008075,1974,
2223,Regarding Henry,43001500,1991,
2224,Rumor Has It...,43000262,2005,
2225,Escape from Alcatraz,43000000,1979,
2226,Snitch,42930462,2013,Lionsgate
2227,The Big Sick,42873127,2017,Lionsgate
2228,The Devil's Own,42868348,1997,
2229,The Main Event,42800000,1979,
2230,Gulliver's Travels,42779261,2010,Twentieth Century Fox
2231,Trap,42777281,2024,Warner Bros.
2232,Rambo,42754105,2008,
2233,Death at a Funeral,42739347,2010,Screen Gems
2234,The Lizzie McGuire Movie,42734455,2003,
2235,Spanglish,42726869,2004,
2236,Krampus,42725475,2015,Universal Pictures
2237,Heartbreak Ridge,42724017,1986,
2238,Mannequin,42721196,1987,
2239,Because I Said So,42674040,2007,
2240,The Unborn,42670410,2009,
2241,Max,42656255,2015,Warner Bros.
2242,Glory Road,42647449,2006,
2243,The Age of Adaline,42629776,2015,Lionsgate
2244,Beverly Hills Cop III,42614912,1994,
2245,Final Destination 5,42587643,2011,Warner Bros.
2246,Casino,42512375,1995,
2247,A Haunting in Venice,42471412,2023,20th Century Studios
2248,Uncle Drew,42469946,2018,Lionsgate
2249,"Welcome Home, Roscoe Jenkins",42436517,2008,
2250,Widows,42402632,2018,Twentieth Century Fox
2251,Step Up 3D,42400223,2010,Walt Disney Studios Motion Pictures
2252,Time Bandits,42365581,1981,
2253,Resident Evil: Retribution,42345531,2012,Screen Gems
2254,Birdman or (The Unexpected Virtue of Ignorance),42340598,2014,Fox Searchlight Pictures
2255,Mortal Kombat,42326031,2021,Warner Bros.
2256,Blue Thunder,42313354,1983,
2257,Lady in the Water,42285169,2006,
2258,Teenage Mutant Ninja Turtles III,42273609,1993,
2259,Planet 51,42194060,2009,
2260,White Nights,42160849,1985,
2261,Almost Christmas,42158780,2016,Universal Pictures
2262,Drag Me to Hell,42100625,2009,
2263,The Cabin in the Woods,42073277,2012,Lionsgate
2264,Fever Pitch,42071069,2005,
2265,Secondhand Lions,42070939,2003,
2266,Dirty Rotten Scoundrels,42039085,1988,
2267,Riddick,42025135,2013,Universal Pictures
2268,Dolphin Tale 2,42024533,2014,Warner Bros.
2269,A Dog's Way Home,42004346,2019,Sony Pictures Releasing
2270,Around the World in 80 Days,42000000,1956,
2271,Meet the Browns,41975388,2008,
2272,Donnie Brasco,41909762,1997,
2273,The Fisher King,41895491,1991,
2274,Thir13en Ghosts,41867960,2001,
2275,Nights in Rodanthe,41850659,2008,
2276,The Return of the Pink Panther,41833347,1975,
2277,Homeward Bound: The Incredible Journey,41833324,1993,
2278,Exorcist: The Beginning,41821986,2004,
2279,Aliens vs. Predator: Requiem,41797066,2007,
2280,The Hills Have Eyes,41778863,2006,
2281,"Oh, God!",41687243,1977,
2282,The Hours,41675994,2002,
2283,Cheech and Chong's Next Movie,41675194,1980,
2284,The Angry Birds Movie 2,41667116,2019,Sony Pictures Releasing
2285,Ronin,41616262,1998,
2286,The Dark Crystal,41613957,1982,
2287,Orphan,41596251,2009,
2288,Bandits,41575141,2001,
2289,High Crimes,41543917,2002,
2290,Gremlins 2: The New Batch,41482207,1990,
2291,The Great Outdoors,41455230,1988,
2292,Truth or Dare,41411015,2018,Universal Pictures
2293,Pale Rider,41410568,1985,
2294,About a Boy,41385278,2002,
2295,Peggy Sue Got Married,41382841,1986,
2296,Gosford Park,41308615,2001,
2297,Tequila Sunrise,41292551,1988,
2298,A Walk to Remember,41281092,2002,
2299,The Peacemaker,41263140,1997,
2300,Private Parts,41230799,1997,
2301,Valerian and the City of a Thousand Planets,41189488,2017,STX Entertainment
2302,What to Expect When You're Expecting,41152203,2012,Lionsgate
2303,Clash of the Titans,41092328,1981,
2304,Out of Time,41088845,2003,
2305,The Mirror Has Two Faces,41083864,1996,
2306,Orange County,41076018,2002,
2307,Pee-wee's Big Adventure,41047344,1985,
2308,The Last Exorcism,41034350,2010,Lionsgate
2309,Money Monster,41012075,2016,TriStar Pictures
2310,John Tucker Must Die,41011711,2006,
2311,End of Watch,41003371,2012,Open Road Films (II)
2312,Poltergeist II: The Other Side,40996665,1986,
2313,The Siege,40981289,1998,
2314,The Ides of March,40962534,2011,Sony Pictures Releasing
2315,Rocky V,40946358,1990,
2316,The Water Horse,40946255,2007,
2317,Money Talks,40922619,1997,
2318,Windtalkers,40914068,2002,
2319,Paddington 2,40907738,2018,Warner Bros.
2320,Falling Down,40903593,1993,
2321,The Star,40896334,2017,Sony Pictures Releasing
2322,Revenge of the Nerds,40874452,1984,
2323,Little,40860481,2019,Universal Pictures
2324,House on Haunted Hill,40846082,1999,
2325,Barbarian,40842944,2022,20th Century Studios
2326,Brewster's Millions,40833132,1985,
2327,"Love, Simon",40826341,2018,Twentieth Century Fox
2328,The Creator,40774679,2023,20th Century Studios
2329,The Amateur,40759635,2025,20th Century Studios
2330,Absence of Malice,40716963,1981,
2331,Breakthrough,40713082,2019,Twentieth Century Fox
2332,Short Circuit,40697761,1986,
2333,Encino Man,40693477,1992,
2334,Max Payne,40689393,2008,
2335,Stranger Than Fiction,40660952,2006,
2336,Mysteries of Egypt,40593486,1998,
2337,Three Fugitives,40586886,1989,
2338,Pleasantville,40584421,1998,
2339,Duplicity,40572825,2009,
2340,Ghost in the Shell,40563557,2017,Paramount Pictures
2341,Peter Rabbit 2: The Runaway,40501717,2021,Sony Pictures Releasing
2342,Jagged Edge,40491165,1985,
2343,Bill & Ted's Excellent Adventure,40485039,1989,
2344,Pretty in Pink,40471663,1986,
2345,The Fly,40456565,1986,
2346,2010: The Year We Make Contact,40400657,1984,
2347,Blue Crush,40390647,2002,
2348,The Master of Disguise,40388794,2002,
2349,Reds,40382659,1981,
2350,You Got Served,40363810,2004,
2351,Swiss Family Robinson,40356000,1960,
2352,Heartbreakers,40336607,2001,
2353,I Am Sam,40311852,2001,
2354,The Faculty,40283321,1998,
2355,Hanna,40259119,2011,Focus Features
2356,Mo' Money,40227006,1992,
2357,Bridget Jones: The Edge of Reason,40226215,2004,
2358,Hardball,40222729,2001,
2359,There Will Be Blood,40222514,2007,
2360,Yentl,40218899,1983,
2361,Catwoman,40202379,2004,
2362,Legion,40168080,2010,Screen Gems
2363,The Piano,40157856,1993,
2364,Big Business,40150487,1988,
2365,PAW Patrol: The Movie,40127371,2021,Paramount Pictures
2366,Resident Evil,40119709,2002,
2367,The Wild Thornberrys,40108697,2002,
2368,Allied,40098064,2016,Paramount Pictures
2369,Hannah and Her Sisters,40084041,1986,
2370,Righteous Kill,40081410,2008,
2371,Collateral Damage,40077257,2002,
2372,Man of the House,40070995,1995,
2373,Roxanne,40050884,1987,
2374,The Best Christmas Pageant Ever,40048808,2024,Lionsgate
2375,A Haunted House,40041683,2013,Open Road Films (II)
2376,Enough,40007742,2002,
2377,I Still Know What You Did Last Summer,40002112,1998,
2378,Manhattan,39946780,1979,
2379,Caddyshack,39918650,1980,
2380,The Illusionist,39868642,2006,
2381,The Ladykillers,39799191,2004,
2382,The Beach,39785027,2000,
2383,Magnum Force,39768000,1973,
2384,Friday the 13th,39754601,1980,
2385,Epic Movie,39739367,2007,
2386,The Monkey,39724909,2025,Neon
2387,Hitman,39687694,2007,
2388,Jackie Brown,39673162,1997,
2389,Out for Justice,39673161,1991,
2390,Pete's Dragon,39588000,1977,
2391,30 Days of Night,39569000,2007,
2392,Conan the Barbarian,39565475,1982,
2393,Benji,39552000,1974,
2394,The Texas Chainsaw Massacre: The Beginning,39517763,2006,
2395,Nobody's Fool,39491975,1994,
2396,Little Nicky,39464775,2000,
2397,Crazy Heart,39464306,2009,
2398,80 for Brady,39448525,2023,Paramount Pictures
2399,Burlesque,39440655,2010,Screen Gems
2400,Joe Versus the Volcano,39404261,1990,
2401,Rugrats Go Wild,39402572,2003,
2402,Body of Lies,39394666,2008,
2403,Dead Man Walking,39363635,1995,
2404,The Expendables 3,39322544,2014,Lionsgate
2405,Blind Date,39321715,1987,
2406,Second Act,39282227,2018,STX Entertainment
2407,Lakeview Terrace,39263506,2008,
2408,Anna and the King,39263420,1999,
2409,Three Amigos!,39246734,1986,
2410,Pitch Black,39240659,2000,
2411,The Adventures of Sharkboy and Lavagirl 3-D,39177684,2005,
2412,King Arthur: Legend of the Sword,39175066,2017,Warner Bros.
2413,The Grudge 2,39143839,2006,
2414,The Crazies,39123589,2010,Overture Films
2415,The Sword and the Sorcerer,39103425,1982,
2416,What's Love Got to Do with It,39100956,1993,
2417,Undercover Brother,39089928,2002,
2418,Postcards from the Edge,39071603,1990,
2419,The Sisterhood of the Traveling Pants,39053061,2005,
2420,Something Borrowed,39046489,2011,Warner Bros.
2421,Happy Gilmore,39041354,1996,
2422,Little Shop of Horrors,39032001,1986,
2423,Fracture,39015018,2007,
2424,Crawl,39014193,2019,Paramount Pictures
2425,Primary Colors,39001187,1998,
2426,Funny Lady,39000000,1975,
2427,The Karate Kid Part III,38956288,1989,
2428,Earth to Echo,38934842,2014,Relativity Media
2429,Hot Shots! Part Deux,38922972,1993,
2430,French Kiss,38896854,1995,
2431,The Paper,38824341,1994,
2432,Cruel Intentions,38773785,1999,
2433,About Last Night,38702310,1986,
2434,Breakin',38682707,1984,
2435,Stardust,38634938,2007,
2436,The Great Mouse Detective,38625550,1986,
2437,The Ghost and the Darkness,38619405,1996,
2438,On Deadly Ground,38590458,1994,
2439,Nerve,38583626,2016,Lionsgate
2440,Surrogates,38577772,2009,
2441,Sex Tape,38543473,2014,Sony Pictures Releasing
2442,Spy Kids 4: All the Time in the World,38538188,2011,Dimension Films
2443,West Side Story,38530322,2021,20th Century Studios
2444,Rock of Ages,38518613,2012,Warner Bros.
2445,The Menu,38501125,2022,Searchlight Pictures
2446,Running Scared,38500726,1986,
2447,Bachelor Party,38435947,1984,
2448,Gridiron Gang,38432823,2006,
2449,Midnight Run,38413606,1988,
2450,Last Holiday,38399961,2006,
2451,Red Dawn,38376497,1984,
2452,The Terminator,38371200,1984,
2453,47 Ronin,38362475,2013,Universal Pictures
2454,City Heat,38348988,1984,
2455,Evolution,38345494,2001,
2456,Brooklyn,38322743,2015,Fox Searchlight Pictures
2457,Higher Learning,38290723,1995,
2458,Not Another Teen Movie,38252284,2001,
2459,Annie Hall,38251425,1977,
2460,Meet the Spartans,38233676,2008,
2461,Herbie Rides Again,38229000,1974,
2462,Mighty Morphin Power Rangers,38187431,1995,
2463,The Original Kings of Comedy,38182790,2000,
2464,Scream 4,38180928,2011,Dimension Films
2465,10 Things I Hate About You,38178166,1999,
2466,Treasure Planet,38176783,2002,
2467,Head of State,38125247,2003,
2468,Ninja Assassin,38122883,2009,
2469,The Running Man,38122105,1987,
2470,The Doctor,38120905,1991,
2471,Spaceballs,38119483,1987,
2472,Dragon Ball Super: Super Hero,38112140,2022,Crunchyroll
2473,Harold & Kumar Escape from Guantanamo Bay,38108728,2008,
2474,Richie Rich,38087756,1994,
2475,Showtime,38082712,2002,
2476,Urban Legend,38072438,1998,
2477,Jigsaw,38052832,2017,Lionsgate
2478,Bill & Ted's Bogus Journey,38037513,1991,
2479,Dead Again,38016380,1991,
2480,Hitman's Wife's Bodyguard,38014727,2021,Lionsgate
2481,Strange World,37968963,2022,Walt Disney Studios Motion Pictures
2482,Seven Years in Tibet,37957682,1997,
2483,40 Days and 40 Nights,37950822,2002,
2484,It Could Happen to You,37939757,1994,
2485,First Sunday,37931869,2008,
2486,The Brothers Grimm,37916267,2005,
2487,"Big Mommas: Like Father, Like Son",37915414,2011,Twentieth Century Fox
2488,Jeepers Creepers,37904175,2001,
2489,The Dead Pool,37903295,1988,
2490,Bedazzled,37886980,2000,
2491,Wild,37880356,2014,Fox Searchlight Pictures
2492,St. Elmo's Fire,37865516,1985,
2493,All That Jazz,37823676,1979,
2494,The Running Man,37815641,2025,Paramount Pictures International
2495,The Black Stallion,37799643,1979,
2496,Mars Attacks!,37781197,1996,
2497,The Secret Life of Bees,37770162,2008,
2498,Sky Captain and the World of Tomorrow,37762677,2004,
2499,Autumn in New York,37761915,2000,
2500,August: Osage County,37738810,2013,
2501,For Colored Girls,37729698,2010,Lionsgate
2502,Philomena,37709979,2013,The Weinstein Company
2503,The Matrix Resurrections,37686805,2021,Warner Bros.
2504,How Stella Got Her Groove Back,37672941,1998,
2505,Good Boy,37667746,2003,
2506,Red Riding Hood,37662162,2011,Warner Bros.
2507,Pan's Labyrinth,37646380,2006,
2508,The Nativity Story,37629831,2006,
2509,Rear Window,37622343,1954,
2510,First Knight,37600435,1995,
2511,Crossroads,37581825,2002,
2512,Out of Sight,37562568,1998,
2513,In Time,37520095,2011,Twentieth Century Fox
2514,Abraham Lincoln: Vampire Hunter,37519139,2012,Twentieth Century Fox
2515,The Money Pit,37499651,1986,
2516,Invictus,37491364,2009,
2517,The Back-up Plan,37490007,2010,CBS Films
2518,Raising Helen,37486512,2004,
2519,Song of the South,37459346,1980,
2520,The Longest Ride,37446117,2015,Twentieth Century Fox
2521,Paul,37412945,2011,Universal Pictures
2522,Lawless,37400127,2012,The Weinstein Company
2523,The Wild,37384046,2006,
2524,Man of the Year,37327390,2006,
2525,J. Edgar,37306030,2011,Warner Bros.
2526,The Roommate,37300000,2011,Screen Gems
2527,Jumping the Broom,37295394,2011,TriStar Pictures
2528,Semi-Tough,37187139,1977,
2529,Uptown Girls,37182494,2003,
2530,The King's Man,37176373,2021,20th Century Studios
2531,28 Days,37170488,2000,
2532,The Guilt Trip,37134215,2012,Paramount Pictures
2533,Brubaker,37121708,1980,
2534,The Family That Preys,37105289,2008,
2535,The Change-Up,37081475,2011,Universal Pictures
2536,30 Minutes or Less,37053924,2011,Sony Pictures Releasing
2537,Keeping the Faith,37047880,2000,
2538,Fight Club,37030102,1999,
2539,Sphere,37020277,1998,
2540,State of Play,37017955,2009,
2541,A Working Man,37000711,2025,Amazon MGM Studios
2542,Clockstoppers,36989956,2002,
2543,Carlito's Way,36948322,1993,
2544,Speak No Evil,36931420,2024,Universal Pictures
2545,That's My Boy,36931089,2012,Sony Pictures Releasing
2546,The Family,36918811,2013,Relativity Media
2547,Matchstick Men,36906460,2003,
2548,16 Blocks,36895141,2006,
2549,Risen,36880033,2016,Sony Pictures Releasing
2550,Just Cause,36853222,1995,
2551,The Apple Dumpling Gang,36853000,1975,
2552,My Favorite Martian,36850101,1999,
2553,Kiss of the Dragon,36845124,2001,
2554,Notorious,36843682,2009,
2555,Best Friends,36821203,1982,
2556,Bounce,36805288,2000,
2557,The Brave One,36793804,2007,
2558,The Heartbreak Kid,36787257,2007,
2559,Junior,36763355,1994,
2560,Alive,36733909,1993,
2561,Recess: School's Out,36706141,2001,
2562,Friday the 13th: Part 3,36690067,1982,
2563,Colombiana,36665854,2011,TriStar Pictures
2564,8MM,36663315,1999,
2565,Vampires Suck,36661504,2010,Twentieth Century Fox
2566,Gung Ho,36611610,1986,
2567,Taxi,36611066,2004,
2568,Freedom Writers,36605602,2007,
2569,The 'Burbs,36601993,1989,
2570,Tarzan the Ape Man,36565280,1981,
2571,Materialists,36521973,2025,A24
2572,Soapdish,36489888,1991,
2573,"To Wong Foo, Thanks for Everything! Julie Newmar",36474193,1995,
2574,The Gentlemen,36471795,2020,STX Entertainment
2575,Set It Off,36461139,1996,
2576,Million Dollar Arm,36457627,2014,Walt Disney Studios Motion Pictures
2577,Son in Law,36448400,1993,
2578,All of Me,36403064,1984,
2579,The Thin Red Line,36400491,1998,
2580,Vegas Vacation,36400360,1997,
2581,Sucker Punch,36392502,2011,Warner Bros.
2582,National Security,36381186,2003,
2583,Beauty Shop,36351350,2005,
2584,The Commuter,36343858,2018,Lionsgate
2585,Accepted,36323505,2006,
2586,Death Race,36316032,2008,
2587,Sliver,36300000,1993,
2588,Universal Soldier,36299898,1992,
2589,Richard Pryor: Live on the Sunset Strip,36299720,1982,
2590,The Sentinel,36280697,2006,
2591,The 15:17 to Paris,36276286,2018,Warner Bros.
2592,Under the Sea 3D,36262926,2009,
2593,The Nice Guys,36261763,2016,Warner Bros.
2594,American Assassin,36249674,2017,Lionsgate
2595,Mad Max Beyond Thunderdome,36230219,1985,
2596,Silent Movie,36145695,1976,
2597,Last Tango in Paris,36144000,1973,
2598,Mile 22,36108758,2018,STX Entertainment
2599,What a Girl Wants,36105433,2003,
2600,Walking with Dinosaurs 3D,36076121,2013,Twentieth Century Fox
2601,Hanging Up,36050230,2000,
2602,Derailed,36024076,2005,
2603,Den of Thieves: Pantera,36015016,2025,Lionsgate
2604,Just Mercy,36001502,2019,
2605,The Greatest Show on Earth,36000000,1952,
2606,The Robe,36000000,1953,
2607,Dirty Harry,35988495,1971,
2608,In the Bedroom,35930604,2001,
2609,Mortal Kombat: Annihilation,35927406,1997,
2610,The Pink Panther 2,35922978,2009,
2611,The Theory of Everything,35893537,2014,Focus Features
2612,Shine,35892330,1996,
2613,Alpha,35857181,2018,Studio 8
2614,Taps,35856053,1981,
2615,The Black Hole,35841901,1979,
2616,The Boy,35819556,2016,STX Entertainment
2617,The Island,35818913,2005,
2618,Smokin' Aces,35787686,2007,
2619,Selena,35764351,1997,
2620,Trouble with the Curve,35763137,2012,Warner Bros.
2621,The Mothman Prophecies,35746370,2002,
2622,Changeling,35739802,2008,
2623,Robin Hood: Men in Tights,35739755,1993,
2624,Jeepers Creepers 2,35667218,2003,
2625,Summer School,35659098,1987,
2626,The Indian in the Cupboard,35656131,1995,
2627,Starting Over,35649012,1979,
2628,Silkwood,35615609,1983,
2629,Sharky's Machine,35610100,1981,
2630,Larry Crowne,35608245,2011,Universal Pictures
2631,The American,35606376,2010,Focus Features
2632,Dirty Grandpa,35593113,2016,Lionsgate
2633,Children of Men,35552383,2006,
2634,No Way Out,35509515,1987,
2635,Money Train,35431113,1995,
2636,The Ringer,35428675,2005,
2637,The Boy Next Door,35423380,2015,Universal Pictures
2638,Mermaids,35419397,1990,
2639,The Intruder,35419122,2019,Screen Gems
2640,Peppermint,35418723,2018,STX Entertainment
2641,The Hustle,35417038,2019,United Artists Releasing
2642,Knock at the Cabin,35397980,2023,Universal Pictures
2643,Live and Let Die,35377836,1973,
2644,The Messengers,35374833,2007,
2645,The Watch,35353000,2012,Twentieth Century Fox
2646,A Goofy Movie,35348597,1995,
2647,Intolerable Cruelty,35327628,2003,
2648,Frankenweenie,35291068,2012,Walt Disney Studios Motion Pictures
2649,The Flintstones in Viva Rock Vegas,35268275,2000,
2650,Carrie,35266619,2013,Screen Gems
2651,Honeymoon in Vegas,35208854,1992,
2652,The Strangers: Chapter 1,35202562,2024,Lionsgate
2653,The Number 23,35193167,2007,
2654,For Love of the Game,35188640,1999,
2655,K-19: The Widowmaker,35168966,2002,
2656,The Long Walk,35163573,2025,Lionsgate
2657,Star Wars: The Clone Wars,35161554,2008,
2658,Fletch Lives,35150960,1989,
2659,Last Christmas,35150750,2019,Universal Pictures
2660,Ouija: Origin of Evil,35144505,2016,Universal Pictures
2661,Dragon: The Bruce Lee Story,35113743,1993,
2662,Commando,35100000,1985,
2663,Deck the Halls,35093569,2006,
2664,Pan,35088320,2015,Warner Bros.
2665,The Hot Chick,35081594,2002,
2666,Step Up: Revolution,35074677,2012,Lionsgate
2667,The Iron Claw,35070296,2023,A24
2668,Drive,35061555,2011,FilmDistrict
2669,A Very Harold & Kumar Christmas,35061031,2011,Warner Bros.
2670,Green Zone,35053660,2010,Universal Pictures
2671,The Skulls,35046120,2000,
2672,Courageous,35027076,2011,TriStar Pictures
2673,Good Deeds,35025791,2012,Lionsgate
2674,Good Luck Chuck,35017297,2007,
2675,50/50,35014192,2011,Summit Entertainment
2676,Midnight Express,35000000,1978,
2677,Red Heat,34994648,1988,
2678,Excalibur,34967437,1981,
2679,The 5th Wave,34916787,2016,Sony Pictures Releasing
2680,Places in the Heart,34901614,1984,
2681,Freddy's Dead: The Final Nightmare,34872033,1991,
2682,The Truth About Cats & Dogs,34861807,1996,
2683,White Fang,34793160,1991,
2684,A Thin Line Between Love and Hate,34767836,1996,
2685,Overcomer,34746945,2019,Affirm Films
2686,Take the Lead,34742066,2006,
2687,Psycho II,34725000,1983,
2688,Cradle 2 the Grave,34712347,2003,
2689,The Killing Fields,34700291,1984,
2690,Judge Dredd,34693481,1995,
2691,Addicted to Love,34673095,1997,
2692,Dangerous Liaisons,34670720,1988,
2693,Licence to Kill,34667015,1989,
2694,Hostage,34639939,2005,
2695,Man on the Moon,34607430,1999,
2696,The 6th Day,34604280,2000,
2697,Mississippi Burning,34603943,1988,
2698,Thirteen Days,34592089,2000,
2699,Hot Pursuit,34580201,2015,Warner Bros.
2700,Jack Frost,34562556,1998,
2701,Poor Things,34553225,2023,Searchlight Pictures
2702,Jujutsu Kaisen 0,34542754,2022,Crunchyroll
2703,Concussion,34542474,2015,Sony Pictures Releasing
2704,Monster,34469210,2003,
2705,Malibu's Most Wanted,34432201,2003,
2706,The Doors,34416893,1991,
2707,Eternal Sunshine of the Spotless Mind,34400301,2004,
2708,The Foreigner,34393507,2017,STX Entertainment
2709,Like Father Like Son,34377585,1987,
2710,Adventures in Babysitting,34368475,1987,
2711,The Favourite,34366783,2018,Fox Searchlight Pictures
2712,Inferno,34343574,2016,Sony Pictures Releasing
2713,Texas Chainsaw,34341945,2013,Lionsgate
2714,Muppet Treasure Island,34327391,1996,
2715,Little Darlings,34326249,1980,
2716,Babel,34302837,2006,
2717,Alexander,34297191,2004,
2718,This Is Where I Leave You,34296320,2014,Warner Bros.
2719,Tommy,34251525,1975,
2720,The Hunted,34244097,2003,
2721,The Northman,34233110,2022,Focus Features
2722,The Reader,34194407,2008,
2723,Magnificent Desolation: Walking on the Moon,34137524,2005,
2724,My Dog Skip,34134641,2000,
2725,"Everything, Everything",34121140,2017,Warner Bros.
2726,Instinct,34105207,1999,
2727,The Best Man,34102780,1999,
2728,Taylor Swift: The Official Release Party of a Showgirl,34062774,2025,AMC Theatres
2729,The DUFF,34030343,2015,Lionsgate
2730,Snakes on a Plane,34020814,2006,
2731,Death Wish,34017028,2018,Metro-Goldwyn-Mayer (MGM)
2732,King Ralph,34002045,1991,
2733,Closer,33987757,2004,
2734,The Relic,33956608,1997,
2735,Renaissance: A Film by Beyoncé,33889684,2023,AMC Theatres
2736,Darkman,33878502,1990,
2737,Mickey Blue Eyes,33864342,1999,
2738,All About Steve,33862903,2009,
2739,The Pink Panther Strikes Again,33833201,1976,
2740,Stuck on You,33832741,2003,
2741,The Punisher,33810189,2004,
2742,Wind River,33800859,2017,The Weinstein Company
2743,Carrie,33800000,1976,
2744,Where the Heart Is,33772838,2000,
2745,Porky's II: The Next Day,33759266,1983,
2746,She's the Man,33741133,2006,
2747,Dreamcatcher,33715436,2003,
2748,Amélie,33712444,2001,
2749,Geostorm,33700160,2017,Warner Bros.
2750,Curly Sue,33691313,1991,
2751,Nell,33683817,1994,
2752,The Gambler,33680992,2014,Paramount Pictures
2753,Dying Young,33669178,1991,
2754,Marmaduke,33644788,2010,Twentieth Century Fox
2755,R.I.P.D.,33618855,2013,Universal Pictures
2756,Flags of Our Fathers,33602376,2006,
2757,Devil,33601190,2010,Universal Pictures
2758,The Constant Gardener,33579797,2005,
2759,The Spy Who Dumped Me,33562069,2018,Lionsgate
2760,I Spy,33561137,2002,
2761,Scott Pilgrim vs. the World,33525605,2010,Universal Pictures
2762,Pay It Forward,33519628,2000,
2763,Heroes,33500000,1977,
2764,Semi-Pro,33479698,2008,
2765,Matilda,33459416,1996,
2766,Fireproof,33456317,2008,
2767,2016: Obama's America,33449086,2012,Rocky Mountain Pictures
2768,The Long Kiss Goodnight,33447612,1996,
2769,Doubt,33446470,2008,
2770,Black Knight,33426971,2001,
2771,Street Fighter,33423521,1994,
2772,Blue Jasmine,33405481,2013,Sony Pictures Classics
2773,Halloween II,33392973,2009,
2774,Jojo Rabbit,33370906,2019,Fox Searchlight Pictures
2775,Monster Trucks,33370166,2017,Paramount Pictures
2776,See Spot Run,33357476,2001,
2777,The Informant!,33316821,2009,
2778,Woman in Gold,33307793,2015,The Weinstein Company
2779,Mr. Bean's Holiday,33302167,2007,
2780,And Justice for All,33300000,1979,
2781,Friday After Next,33253609,2002,
2782,Child's Play,33244684,1988,
2783,Grand Canyon,33243020,1991,
2784,Breach,33231264,2007,
2785,Forget Paris,33177694,1995,
2786,Striptease,33109743,1996,
2787,Teen Wolf,33086611,1985,
2788,Zodiac,33080084,2007,
2789,The Second Best Exotic Marigold Hotel,33078266,2015,Fox Searchlight Pictures
2790,The Rite,33047633,2011,Warner Bros.
2791,Arthur,33035397,2011,Warner Bros.
2792,Daylight,33023469,1996,
2793,Dracula 2000,33022767,2000,
2794,Tron,33000000,1982,
2795,Friday the 13th: The Final Chapter,32980880,1984,
2796,The Sandlot,32950136,1993,
2797,*batteries not included,32945797,1987,
2798,Mercury Rising,32935289,1998,
2799,Blade Runner,32914489,1982,
2800,The Joy Luck Club,32901136,1993,
2801,Balls of Fury,32886940,2007,
2802,In Her Shoes,32880591,2005,
2803,Bad News Bears,32868349,2005,
2804,Drillbit Taylor,32862104,2008,
2805,Giant,32855818,1956,
2806,Dogma,32846695,1999,
2807,Team America: World Police,32786074,2004,
2808,Homeward Bound II: Lost in San Francisco,32772492,1996,
2809,The Last House on the Left,32752215,2009,
2810,Dreamer,32751093,2005,
2811,Hereafter,32746941,2010,Warner Bros.
2812,Annihilation,32732301,2018,Paramount Pictures
2813,Return to Me,32722798,2000,
2814,Driven,32720065,2001,
2815,Don't Breathe 2,32712950,2021,Screen Gems
2816,The 13th Warrior,32698899,1999,
2817,Taking Lives,32682342,2004,
2818,When in Rome,32680633,2010,Walt Disney Studios Motion Pictures
2819,Tommy Boy,32679899,1995,
2820,Coming Home,32653905,1978,
2821,Because of Winn-Dixie,32647042,2005,
2822,The Accidental Tourist,32632093,1988,
2823,Just Friends,32619671,2005,
2824,Proof of Life,32598931,2000,
2825,The Pianist,32590750,2002,
2826,Hard Target,32589677,1993,
2827,Planet of the Apes,32589624,1968,
2828,Conclave,32580655,2024,Focus Features
2829,October Sky,32570685,1999,
2830,Darkness Falls,32551396,2003,
2831,Bend It Like Beckham,32543449,2003,
2832,Almost Famous,32534850,2000,
2833,Missing,32502025,2023,Sony Pictures Releasing
2834,Night Swim,32494740,2024,Universal Pictures
2835,Mother's Day,32492859,2016,Open Road Films (II)
2836,Jungle Fever,32482682,1991,
2837,Unfriended,32482090,2015,Universal Pictures
2838,Paranormal Activity: The Marked Ones,32462372,2014,Paramount Pictures
2839,The Men Who Stare at Goats,32428195,2009,
2840,Black Sheep,32417995,1996,
2841,Bride of Chucky,32400658,1998,
2842,Rumble in the Bronx,32392047,1996,
2843,500 Days of Summer,32391374,2009,
2844,Nightcrawler,32381217,2014,Open Road Films (II)
2845,Love & Other Drugs,32367005,2010,Twentieth Century Fox
2846,Entourage,32363404,2015,Warner Bros.
2847,Nothing in Common,32324557,1986,
2848,The Lost Boys,32315444,1987,
2849,What's the Worst That Could Happen?,32269834,2001,
2850,The Age of Innocence,32255440,1993,
2851,Kevin Hart: Let Me Explain,32244051,2013,Lionsgate
2852,"Definitely, Maybe",32241649,2008,
2853,Anacondas: The Hunt for the Blood Orchid,32238923,2004,
2854,The Love Guru,32235793,2008,
2855,The Bad News Bears,32211330,1976,
2856,Silverado,32192570,1985,
2857,Fist Fight,32187017,2017,Warner Bros.
2858,Psycho,32181230,1960,
2859,Side Effects,32172757,2013,Open Road Films (II)
2860,I Know What You Did Last Summer,32165634,2025,Sony Pictures Releasing
2861,How to Be a Latin Lover,32149404,2017,Pantelion Films
2862,Cold Pursuit,32138862,2019,Lionsgate
2863,Final Fantasy: The Spirits Within,32131830,2001,
2864,Analyze That,32130627,2002,
2865,Stealth,32116746,2005,
2866,Plane,32111181,2023,Lionsgate
2867,The Lawnmower Man,32100816,1992,
2868,The Accused,32078318,1988,
2869,House of Wax,32064800,2005,
2870,The Shadow,32063435,1994,
2871,65,32062904,2023,Sony Pictures Releasing
2872,Mr. Magorium's Wonder Emporium,32061555,2007,
2873,Copycat,32051917,1995,
2874,Leaving Las Vegas,32029928,1995,
2875,Scary Movie 5,32015787,2013,Dimension Films
2876,Isle of Dogs,32015231,2018,Fox Searchlight Pictures
2877,Gabby's Dollhouse: The Movie,32011820,2025,Universal Pictures International (UPI)
2878,Earth,32011576,2009,
2879,She's Out of My League,32010860,2010,Paramount Pictures
2880,Cellular,32003620,2004,
2881,Paper Towns,32000304,2015,Twentieth Century Fox
2882,Metro,32000301,1997,
2883,Murder by Numbers,31945749,2002,
2884,The Bob's Burgers Movie,31933830,2022,20th Century Studios
2885,Thanksgiving,31908884,2023,TriStar Pictures
2886,Lean on Me,31906454,1989,
2887,Dressed to Kill,31899000,1980,
2888,Cop & ½,31889691,1993,
2889,Patriots Day,31886361,2016,
2890,Children of a Lesser God,31853080,1986,
2891,Extremely Loud & Incredibly Close,31847881,2011,
2892,Beast,31846530,2022,Universal Pictures
2893,Milk,31841299,2008,
2894,Push,31811527,2009,
2895,The Outlaw Josey Wales,31800000,1976,
2896,Lake Placid,31770414,1999,
2897,Bombshell,31762808,2019,Lionsgate
2898,1941,31755742,1979,
2899,The Bear,31753898,1989,
2900,9,31749894,2009,
2901,The Wedding Date,31726995,2005,
2902,The Soloist,31720158,2009,
2903,Transporter 3,31715062,2008,
2904,Nobody's Fool,31713110,2018,Paramount Pictures
2905,Quarantine,31691811,2008,
2906,History of the World: Part I,31672907,1981,
2907,August Rush,31664162,2007,
2908,For Richer or Poorer,31642995,1997,
2909,Can't Buy Me Love,31623833,1987,
2910,House at the End of the Street,31611916,2012,Relativity Media
2911,From Hell,31602566,2001,
2912,One Hour Photo,31597131,2002,
2913,Rob Roy,31596911,1995,
2914,Doctor Sleep,31581712,2019,Warner Bros.
2915,Chappie,31569268,2015,Sony Pictures Releasing
2916,Little Big Man,31559552,1970,
2917,"Good Night, and Good Luck.",31558003,2005,
2918,A History of Violence,31504633,2005,
2919,Random Hearts,31502583,1999,
2920,Nick and Norah's Infinite Playlist,31487293,2008,
2921,United 93,31483450,2006,
2922,Beverly Hills Ninja,31480418,1997,
2923,Zack and Miri Make a Porno,31457946,2008,
2924,Adrift,31445012,2018,STX Entertainment
2925,Dune,31439560,1984,
2926,Chef,31424003,2014,Open Road Films (II)
2927,The Eye,31418697,2008,
2928,Picture Perfect,31407873,1997,
2929,Eddie,31387164,1996,
2930,Leatherheads,31373938,2008,
2931,Daddy's Little Girls,31366978,2007,
2932,Monster's Ball,31273922,2001,
2933,Bustin' Loose,31261269,1981,
2934,The Great Muppet Caper,31206251,1981,
2935,Johnson Family Vacation,31203964,2004,
2936,The Core,31186896,2003,
2937,Endless Love,31184024,1981,
2938,The Secret Garden,31181347,1993,
2939,How High,31178740,2001,
2940,The Debt,31177548,2011,Focus Features
2941,The Mortal Instruments: City of Bones,31165421,2013,Screen Gems
2942,Charlie St. Cloud,31162545,2010,Universal Pictures
2943,Gods of Egypt,31153464,2016,Lionsgate
2944,A Perfect World,31130999,1993,
2945,Crimson Peak,31090320,2015,Universal Pictures
2946,Smurfs,31075170,2025,Paramount Pictures International
2947,High Anxiety,31063038,1977,
2948,Air America,31053601,1990,
2949,The Pirates! Band of Misfits,31051126,2012,Sony Pictures Releasing
2950,Conan the Destroyer,31042035,1984,
2951,Calendar Girls,31041759,2003,
2952,Collateral Beauty,31016021,2016,Warner Bros.
2953,Morning Glory,31011732,2010,Paramount Pictures
2954,Get Rich or Die Tryin',30985352,2005,
2955,Kidnap,30971040,2017,Aviron Pictures
2956,Nuts,30950002,1987,
2957,Hollywood Homicide,30940691,2003,
2958,Joyful Noise,30932113,2012,Warner Bros.
2959,The Legend of Bagger Vance,30919168,2000,
2960,Home Alone 3,30882515,1997,
2961,Murphy's Romance,30867525,1985,
2962,Powder,30862156,1995,
2963,The Texas Chain Saw Massacre,30859000,1974,
2964,The Princess Bride,30857814,1987,
2965,Robin Hood,30824628,2018,Lionsgate
2966,I Love Trouble,30806194,1994,
2967,Exorcist II: The Heretic,30749142,1977,
2968,Dragon Ball Super: Broly,30712119,2019,FUNimation Entertainment
2969,Get on Up,30703100,2014,Universal Pictures
2970,3 Days to Kill,30697999,2014,Relativity Media
2971,Mirrors,30691439,2008,
2972,Young Doctors in Love,30688860,1982,
2973,Predator 2,30669413,1990,
2974,Delivery Man,30664106,2013,Walt Disney Studios Motion Pictures
2975,Superstar,30636478,1999,
2976,Major League II,30626182,1994,
2977,Super Troopers 2,30617396,2018,Twentieth Century Fox
2978,Open Water,30610863,2004,
2979,Blank Check,30577969,1994,
2980,Deliver Us from Evil,30577122,2014,Screen Gems
2981,Holmes & Watson,30573626,2018,Sony Pictures Releasing
2982,Slender Man,30569484,2018,Screen Gems
2983,An American Werewolf in London,30565292,1981,
2984,Sleepwalkers,30524763,1992,
2985,Uncommon Valor,30503151,1983,
2986,"Hail, Caesar!",30498085,2016,Universal Pictures
2987,The Lord of the Rings,30471420,1978,
2988,The Champ,30441738,1979,
2989,The Sitter,30441326,2011,Twentieth Century Fox
2990,Heart Eyes,30415738,2025,Sony Pictures Releasing
2991,Sgt. Bilko,30356793,1996,
2992,Halloween: Resurrection,30354442,2002,
2993,Underworld: Blood Wars,30353973,2017,Screen Gems
2994,The Mountain Between Us,30348555,2017,Twentieth Century Fox
2995,Queen of the Damned,30336800,2002,
2996,A Night at the Roxbury,30331165,1998,
2997,Snatch,30328156,2000,
2998,Dragonfly,30323400,2002,
2999,Long Shot,30316271,2019,Lionsgate
3000,Honey,30308417,2003,
3001,The Banger Sisters,30307416,2002,
3002,Assassins,30303072,1995,
3003,The Fighting Temptations,30250745,2003,
3004,The Great Debaters,30236407,2007,
3005,Life,30234022,2017,Sony Pictures Releasing
3006,Weekend at Bernie's,30218387,1989,
3007,How Do You Know,30212620,2010,Sony Pictures Releasing
3008,The Art of War,30208599,2000,
3009,Being There,30177511,1979,
3010,Riding in Cars with Boys,30165536,2001,
3011,Bad Company,30160161,2002,
3012,Blown Away,30156002,1994,
3013,Wild Things,30147739,1998,
3014,When the Game Stands Tall,30127963,2014,TriStar Pictures
3015,Ghost Ship,30113491,2002,
3016,Space Chimps,30105968,2008,
3017,Double Impact,30102717,1991,
3018,Daybreakers,30101577,2010,Lionsgate
3019,Jay and Silent Bob Strike Back,30085147,2001,
3020,Elizabeth,30082699,1998,
3021,Free Willy 2: The Adventure Home,30077111,1995,
3022,Revenge of the Nerds II: Nerds in Paradise,30063289,1987,
3023,The Bank Job,30060660,2008,
3024,Road House,30050028,1989,
3025,Reagan,30047417,2024,Showbiz Direct
3026,Point of No Return,30038362,1993,
3027,Sophie's Choice,30036000,1982,
3028,The Gods Must Be Crazy,30031783,1984,
3029,The Iron Lady,30017992,2011,
3030,"I, Tonya",30014539,2017,
3031,A Nightmare on Elm Street 2: Freddy's Revenge,29999213,1985,
3032,In the Heights,29975167,2021,Warner Bros.
3033,Madeline,29967750,1998,
3034,Neighbors,29916207,1981,
3035,Green Card,29888235,1990,
3036,Jumpin' Jack Flash,29844101,1986,
3037,Double Take,29831583,2001,
3038,Hostiles,29819114,2017,
3039,Grudge Match,29807260,2013,Warner Bros.
3040,Serpico,29800000,1973,
3041,Teen Titans GO! To the Movies,29790236,2018,Warner Bros.
3042,Flight Risk,29783527,2025,Lionsgate
3043,Mystery Men,29762011,1999,
3044,Harry and the Hendersons,29760613,1987,
3045,The New Guy,29760152,2002,
3046,When the Bough Breaks,29747603,2016,Screen Gems
3047,The Hate U Give,29719483,2018,Twentieth Century Fox
3048,The World According to Garp,29712172,1982,
3049,Never Cry Wolf,29600000,1983,
3050,Did You Hear About the Morgans?,29580087,2009,
3051,The Fog,29550869,2005,
3052,A Walk in the Woods,29504281,2015,Broad Green Pictures
3053,Fools Rush In,29481428,1997,
3054,Twilight Zone: The Movie,29450919,1983,
3055,Major Payne,29412050,1995,
3056,A Low Down Dirty Shame,29392418,1994,
3057,Pacific Heights,29381956,1990,
3058,Bless the Child,29381494,2000,
3059,Spice World,29342592,1998,
3060,Confessions of a Teenage Drama Queen,29331068,2004,
3061,Easy Money,29309766,1983,
3062,Shoot to Kill,29300090,1988,
3063,Zathura: A Space Adventure,29258869,2005,
3064,Romy and Michele's High School Reunion,29235353,1997,
3065,Child's Play,29208403,2019,United Artists Releasing
3066,Chinatown,29200000,1974,
3067,Fort Apache the Bronx,29200000,1981,
3068,The Object of My Affection,29187243,1998,
3069,The Rose,29174648,1979,
3070,Priest,29137000,2011,Screen Gems
3071,One Direction: This Is Us,29136885,2013,TriStar Pictures
3072,The Last Picture Show,29133000,1971,
3073,The Forge,29123632,2024,Affirm Films
3074,The Mechanic,29121498,2011,CBS Films
3075,The Insider,29089912,1999,
3076,Rent,29077547,2005,
3077,The Stepfather,29062561,2009,
3078,Horizon: An American Saga - Chapter 1,29035702,2024,Warner Bros.
3079,Out to Sea,29022252,1997,
3080,Nanny McPhee Returns,29011215,2010,Universal Pictures
3081,3 Ninjas,29000301,1992,
3082,Herbie Goes to Monte Carlo,29000000,1977,
3083,Chimpanzee,28972764,2012,Walt Disney Studios Motion Pictures
3084,The Watcher,28946615,2000,
3085,James and the Giant Peach,28946127,1996,
3086,"Girl, Interrupted",28912646,1999,
3087,The Dream Team,28890240,1989,
3088,In the Army Now,28881266,1994,
3089,L.A. Story,28862081,1991,
3090,Zoolander 2,28848693,2016,Paramount Pictures
3091,Draft Day,28842237,2014,Lionsgate
3092,The Five-Year Engagement,28835528,2012,Universal Pictures
3093,Kick-Ass 2,28795985,2013,Universal Pictures
3094,Point Break,28782481,2015,Warner Bros.
3095,Molly's Game,28780744,2017,STX Entertainment
3096,The Shawshank Redemption,28767189,1994,
3097,Capote,28750530,2005,
3098,Starman,28744356,1984,
3099,Deceived,28738096,1991,
3100,Drop Zone,28735315,1994,
3101,Baby Boy,28734552,2001,
3102,The Last Starfighter,28733290,1984,
3103,Ready or Not,28714231,2019,Fox Searchlight Pictures
3104,Untraceable,28687835,2008,
3105,Defiance,28644813,2008,
3106,28 Weeks Later,28638916,2007,
3107,Hoosiers,28607524,1986,
3108,Fathers' Day,28598376,1997,
3109,The Uninvited,28596818,2009,
3110,Final Analysis,28590665,1992,
3111,Swimfan,28564995,2002,
3112,We Own the Night,28563179,2007,
3113,Mr. Brooks,28549298,2007,
3114,Brothers,28544157,2009,
3115,The Out-of-Towners,28544120,1999,
3116,21 Bridges,28539757,2019,STX Entertainment
3117,Child's Play 2,28501605,1990,
3118,My Big Fat Greek Wedding 3,28496030,2023,Focus Features
3119,House Calls,28460702,1978,
3120,High Road to China,28445927,1983,
3121,Employee of the Month,28444855,2006,
3122,The Crocodile Hunter: Collision Course,28442574,2002,
3123,Garfield: A Tail of Two Kitties,28426747,2006,
3124,Stop! Or My Mom Will Shoot,28411210,1992,
3125,The Nut Job 2: Nutty by Nature,28370522,2017,Open Road Films (II)
3126,After the Sunset,28331233,2004,
3127,Snake Eyes,28264325,2021,Paramount Pictures
3128,Taxi Driver,28262574,1976,
3129,Victor/Victoria,28215453,1982,
3130,Doom,28212337,2005,
3131,Ernest Saves Christmas,28202109,1988,
3132,Babygirl,28196732,2024,A24
3133,The Prince and Me,28176497,2004,
3134,Asteroid City,28153025,2023,Focus Features
3135,Happy Death Day 2U,28148130,2019,Universal Pictures
3136,The Ant Bully,28142535,2006,
3137,Abduction,28087155,2011,Lionsgate
3138,Grosse Pointe Blank,28084357,1997,
3139,Johnny English,28082366,2003,
3140,Cannonball Run II,28078073,1984,
3141,Police Academy 4: Citizens on Patrol,28061343,1987,
3142,Imaginary,28009161,2024,Lionsgate
3143,Who's Afraid of Virginia Woolf?,28000000,1966,
3144,Slap Shot,28000000,1977,
3145,Heretic,27986380,2024,A24
3146,Loaded Weapon 1,27979399,1993,
3147,The Rescuers Down Under,27931461,1990,
3148,Menace II Society,27912072,1993,
3149,The Edge,27873386,1997,
3150,Beastly,27865571,2011,CBS Films
3151,Moonlight,27854932,2016,A24
3152,Crank,27838408,2006,
3153,Soul Man,27820000,1986,
3154,The Other Sister,27807627,1999,
3155,The Majestic,27807266,2001,
3156,My Life,27804899,1993,
3157,Rings,27793018,2017,Paramount Pictures
3158,Logan Lucky,27780977,2017,Bleecker Street Media
3159,The Switch,27779426,2010,Miramax
3160,Teachers,27774237,1984,
3161,Sinister 2,27740955,2015,Focus Features
3162,Internal Affairs,27734391,1990,
3163,Oculus,27695246,2014,Relativity Media
3164,Saw VI,27693292,2009,
3165,Hannibal Rising,27670986,2007,
3166,The Island of Dr. Moreau,27663982,1996,
3167,Murder on the Orient Express,27634716,1974,
3168,Cadillac Man,27627310,1990,
3169,The Finest Hours,27569558,2016,Walt Disney Studios Motion Pictures
3170,Nobody,27568035,2021,Universal Pictures
3171,Do the Right Thing,27545445,1989,
3172,Poetic Justice,27515786,1993,
3173,Three Days of the Condor,27476252,1975,
3174,Love & Basketball,27475093,2000,
3175,Friday,27467564,1995,
3176,Wrath of Man,27466489,2021,United Artists Releasing
3177,The Brothers,27457409,2001,
3178,Memphis Belle,27441977,1990,
3179,Midsommar,27426361,2019,A24
3180,Desperately Seeking Susan,27398584,1985,
3181,Florence Foster Jenkins,27383770,2016,Paramount Pictures
3182,The Muppet Christmas Carol,27381507,1992,
3183,The Last Witch Hunter,27367660,2015,Lionsgate
3184,Brown Sugar,27363891,2002,
3185,Someone Like You,27343067,2001,
3186,Fantasy Island,27309289,2020,Sony Pictures Releasing
3187,Dallas Buyers Club,27298285,2013,Focus Features
3188,No Escape,27288872,2015,The Weinstein Company
3189,High Fidelity,27287137,2000,
3190,Baby Geniuses,27250736,1999,
3191,The Bridge on the River Kwai,27200000,1957,
3192,A Passage to India,27187653,1984,
3193,Cats,27166770,2019,Universal Pictures
3194,Brooklyn's Finest,27163593,2010,Overture Films
3195,Airplane II: The Sequel,27150534,1982,
3196,The Jazz Singer,27118000,1980,
3197,Now and Then,27112329,1995,
3198,Cloud Atlas,27108272,2012,Warner Bros.
3199,Flash Gordon,27107960,1980,
3200,The Story of Us,27100031,1999,
3201,All Dogs Go to Heaven,27100027,1989,
3202,Fast Times at Ridgemont High,27092880,1982,
3203,Joe Dirt,27087695,2001,
3204,The Musketeer,27073640,2001,
3205,Guarding Tess,27058304,1994,
3206,Home Again,27020284,2017,Open Road Films (II)
3207,The Missing,27011180,2003,
3208,Hell or High Water,27007844,2016,Lionsgate
3209,The Big Hit,27007143,1998,
3210,Glory,26979166,1989,
3211,Spy Hard,26960191,1996,
3212,Rush,26947624,2013,Universal Pictures
3213,Stick It,26910736,2006,
3214,The Women,26902075,2008,
3215,That's Entertainment!,26890200,1974,
3216,The French Lieutenant's Woman,26890068,1981,
3217,One Missed Call,26890041,2008,
3218,Eye for an Eye,26877589,1996,
3219,Paulie,26875268,1998,
3220,xXx: State of the Union,26873932,2005,
3221,Going in Style,26869286,1979,
3222,Elizabethtown,26850426,2005,
3223,Resident Evil: The Final Chapter,26830068,2017,Screen Gems
3224,Ricki and the Flash,26822144,2015,TriStar Pictures
3225,The Other Boleyn Girl,26814957,2008,
3226,Basic,26793311,2003,
3227,Garden State,26782316,2004,
3228,The Best of Me,26766213,2014,Relativity Media
3229,A Man Apart,26736098,2003,
3230,Overboard,26713187,1987,
3231,Baby Boom,26712476,1987,
3232,Winnie the Pooh,26692846,2011,Walt Disney Studios Motion Pictures
3233,Event Horizon,26673242,1997,
3234,Prizzi's Honor,26657534,1985,
3235,The Host,26627201,2013,Open Road Films (II)
3236,A Clockwork Orange,26617553,1972,
3237,The Forest,26594261,2016,Focus Features
3238,Machete,26593646,2010,Twentieth Century Fox
3239,An American Werewolf in Paris,26570463,1997,
3240,Harriet the Spy,26570048,1996,
3241,Bulworth,26528185,1998,
3242,Damien: Omen II,26518355,1978,
3243,American Underdog,26514814,2021,Lionsgate
3244,Blast from the Past,26511114,1999,
3245,The Woman in Black 2: Angel of Death,26501323,2015,Relativity Media
3246,First Kid,26491793,1996,
3247,Sinbad: Legend of the Seven Seas,26483452,2003,
3248,Run All Night,26461644,2015,Warner Bros.
3249,Book of Shadows: Blair Witch 2,26437094,2000,
3250,Great Expectations,26420672,1998,
3251,Street Kings,26418667,2008,
3252,Boogie Nights,26416349,1997,
3253,The Gauntlet,26414658,1977,
3254,One for the Money,26414527,2012,Lionsgate
3255,Ben-Hur,26410477,2016,Paramount Pictures
3256,The Art of Racing in the Rain,26395642,2019,Twentieth Century Fox
3257,House Party,26385627,1990,
3258,I.Q.,26381221,1994,
3259,Houseguest,26325256,1995,
3260,A Walk Among the Tombstones,26307600,2014,Universal Pictures
3261,Love the Coopers,26302731,2015,Lionsgate
3262,Wildcats,26285544,1986,
3263,Private Lessons,26279000,1981,
3264,Dumb and Dumberer: When Harry Met Lloyd,26276465,2003,
3265,Necessary Roughness,26255594,1991,
3266,The Wrestler,26238243,2008,
3267,Blood Work,26235081,2002,
3268,Protocol,26186631,1984,
3269,Ramona and Beezus,26167002,2010,Twentieth Century Fox
3270,Modern Problems,26154211,1981,
3271,Howards End,26126837,1992,
3272,Jacob's Ladder,26118851,1990,
3273,The Exorcist III,26098824,1990,
3274,Micki + Maude,26080861,1984,
3275,North Dallas Forty,26079312,1979,
3276,That Awkward Moment,26068955,2014,Focus Features
3277,The Descent,26024456,2006,
3278,Searching,26020957,2018,Screen Gems
3279,The Elephant Man,26010864,1980,
3280,The Adventures of Rocky & Bullwinkle,26005820,2000,
3281,Magic Mike's Last Dance,26005156,2023,Warner Bros.
3282,The World's End,26004851,2013,Focus Features
3283,Warfare,26000309,2025,A24
3284,Born to Be Wild,25978556,2011,Warner Bros.
3285,Freaky Friday,25942000,1977,
3286,The Turning Point,25933445,1977,
3287,The Nanny Diaries,25930652,2007,
3288,The Cotton Club,25928721,1984,
3289,Shutter,25928550,2008,
3290,Leap Year,25918920,2010,Universal Pictures
3291,All About the Benjamins,25916319,2002,
3292,The Hard Way,25895485,1991,
3293,Innerspace,25893810,1987,
3294,Alex Cross,25888412,2012,Lionsgate
3295,Frida,25885000,2002,
3296,Superhero Movie,25881068,2008,
3297,Æon Flux,25874337,2005,
3298,Abigail,25867515,2024,Universal Pictures
3299,That Thing You Do!,25857416,1996,
3300,Shadowlands,25842377,1993,
3301,The Outsiders,25837195,1983,
3302,From Dusk Till Dawn,25836616,1996,
3303,Betrayed,25816139,1988,
3304,Murder at 1600,25804707,1997,
3305,The Lazarus Effect,25801570,2015,Relativity Media
3306,Mr. Woodcock,25799486,2007,
3307,Candyman,25792310,1992,
3308,Down Periscope,25785603,1996,
3309,The Last Dragon,25754284,1985,
3310,You Again,25702053,2010,Walt Disney Studios Motion Pictures
3311,21 & Over,25682380,2013,Relativity Media
3312,Other People's Money,25682090,1991,
3313,Dance Flick,25662155,2009,
3314,Nancy Drew,25661055,2007,
3315,Crocodile Dundee in Los Angeles,25635682,2001,
3316,Agnes of God,25627836,1985,
3317,A Nightmare on Elm Street,25624448,1984,
3318,Countdown,25621766,2019,STX Entertainment
3319,Can't Hardly Wait,25605015,1998,
3320,David,25601020,2025,Angel
3321,The Mist,25594957,2007,
3322,Billy Madison,25588734,1995,
3323,The House,25584504,2017,Warner Bros.
3324,Jonah: A VeggieTales Movie,25581229,2002,
3325,Her,25568251,2013,
3326,Memento,25544867,2001,
3327,Captain Corelli's Mandolin,25543895,2001,
3328,Funny Farm,25537221,1988,
3329,The Muppets Take Manhattan,25534703,1984,
3330,W.,25534493,2008,
3331,Halloween II,25533818,1981,
3332,Only When I Laugh,25524778,1981,
3333,Serenity,25514517,2005,
3334,The Fourth Kind,25486040,2009,
3335,Mimic,25480490,1997,
3336,My Father the Hero,25479558,1994,
3337,Escape from L.A.,25477365,1996,
3338,Dark Water,25473352,2005,
3339,The International,25450527,2009,
3340,Ex Machina,25442958,2015,A24
3341,Tin Men,25411386,1987,
3342,Desperado,25405445,1995,
3343,Boyhood,25352281,2014,IFC Films
3344,Katy Perry: Part of Me,25326071,2012,Paramount Pictures
3345,Top Five,25317471,2014,Paramount Pictures
3346,Escape Room: Tournament of Champions,25314753,2021,Sony Pictures Releasing
3347,Heartburn,25314189,1986,
3348,The Woman in Red,25308147,1984,
3349,The Transporter,25296447,2002,
3350,Sweet November,25288103,2001,
3351,Jersey Girl,25268157,2004,
3352,Escape from New York,25244626,1981,
3353,Fallen,25232289,1998,
3354,Alien Nation,25216243,1988,
3355,Black Widow,25205460,1987,
3356,Aliens in the Attic,25200412,2009,
3357,Twisted,25198598,2004,
3358,Don't Tell Mom the Babysitter's Dead,25196249,1991,
3359,Nurse Betty,25170054,2000,
3360,The Morning After,25147055,1986,
3361,Fly Away Home,25143818,1996,
3362,The Witch,25138705,2016,A24
3363,Escape Plan,25135965,2013,Lionsgate
3364,The Reaping,25126214,2007,
3365,Killer Elite,25124966,2011,Open Road Films (II)
3366,Monkey Man,25116955,2024,Universal Pictures
3367,All the Money in the World,25113707,2017,TriStar Pictures
3368,Alpha and Omega,25107267,2010,Lionsgate
3369,The Cutting Edge,25105517,1992,
3370,Midnight in the Garden of Good and Evil,25105255,1997,
3371,Problem Child 2,25104700,1991,
3372,The Invitation,25100080,2022,Sony Pictures Releasing
3373,"The Good, the Bad and the Ugly",25100000,1967,
3374,In the Name of the Father,25096862,1993,
3375,Winchester,25091816,2018,Lionsgate
3376,Navy Seals,25069101,1990,
3377,Moscow on the Hudson,25068724,1984,
3378,The Wood,25059640,1999,
3379,Wyatt Earp,25052000,1994,
3380,Arthur the King,25049006,2024,Lionsgate
3381,Grindhouse,25037897,2007,
3382,Ernest Goes to Jail,25029569,1990,
3383,Kraven the Hunter,25026310,2024,Sony Pictures Releasing
3384,Kingpin,25023434,1996,
3385,In the Heart of the Sea,25020758,2015,Warner Bros.
3386,The November Man,25018119,2014,Relativity Media
3387,Little Man Tate,25010896,1991,
3388,Him,25009605,2025,Universal Pictures International (UPI)
3389,Piranha 3D,25003155,2010,Dimension Films
3390,Invasion of the Body Snatchers,24946533,1978,
3391,Fright Night,24922237,1985,
3392,Never Back Down,24850922,2008,
3393,Season of the Witch,24827228,2011,Relativity Media
3394,Quiz Show,24822619,1994,
3395,The Craft,24819936,1996,
3396,Our Idiot Brother,24816118,2011,The Weinstein Company
3397,Gifted,24801212,2017,Fox Searchlight Pictures
3398,From Russia with Love,24796765,1964,
3399,Thank You for Smoking,24793509,2006,
3400,Waking Ned Devine,24792251,1998,
3401,The Man Without a Face,24760338,1993,
3402,Arlington Road,24756177,1999,
3403,"Sex, Lies, and Videotape",24741667,1989,
3404,Gorillas in the Mist,24720479,1988,
3405,Lottery Ticket,24719879,2010,Warner Bros.
3406,The Sweetest Thing,24718164,2002,
3407,Ghost Dad,24707633,1990,
3408,On the Basis of Sex,24704837,2018,
3409,Leap!,24702560,2017,Entertainment One
3410,We Live in Time,24692924,2024,A24
3411,Summer Rental,24689703,1985,
3412,Operation Dumbo Drop,24670346,1995,
3413,The Wizard of Oz,24668669,1939,
3414,The Other Side of Midnight,24652021,1977,
3415,FernGully: The Last Rainforest,24650296,1992,
3416,Fearless,24633730,2006,
3417,Fargo,24611975,1996,
3418,Across the Universe,24602291,2007,
3419,The Strangers: Prey at Night,24586708,2018,Aviron Pictures
3420,Sicko,24540079,2007,
3421,Unleashed,24537621,2005,
3422,Don Jon,24477704,2013,Relativity Media
3423,The Emerald Forest,24468550,1985,
3424,Downsizing,24449754,2017,Paramount Pictures
3425,Sling Blade,24444121,1996,
3426,Lucky Lady,24441725,1975,
3427,Elektra,24409722,2005,
3428,15 Minutes,24403552,2001,
3429,Ice Princess,24402491,2005,
3430,Sparkle,24397469,2012,TriStar Pictures
3431,Dolores Claiborne,24361867,1995,
3432,Renaissance Man,24332324,1994,
3433,Judy,24313888,2019,Roadside Attractions
3434,The Spy Next Door,24307086,2010,Lionsgate
3435,KPop Demon Hunters,24300000,2025,Netflix
3436,Respect,24278399,2021,Metro-Goldwyn-Mayer (MGM)
3437,Class Action,24277858,1991,
3438,Hoffa,24276506,1992,
3439,Bronco Billy,24265659,1980,
3440,Bridget Jones's Baby,24252420,2016,Universal Pictures
3441,The People Under the Stairs,24204154,1991,
3442,Hearts in Atlantis,24185781,2001,
3443,Angel Eyes,24174218,2001,
3444,Iron Eagle,24159872,1986,
3445,Lord of War,24149632,2005,
3446,Tinker Tailor Soldier Spy,24149393,2011,Focus Features
3447,Clerks II,24148068,2006,
3448,Dead Presidents,24147179,1995,
3449,An Inconvenient Truth,24146161,2006,
3450,Striking Distance,24107867,1993,
3451,The Adventures of Huck Finn,24103594,1993,
3452,M3GAN 2.0,24101280,2025,Universal Pictures
3453,Lionheart,24078196,1991,
3454,From Paris with Love,24077427,2010,Lionsgate
3455,Spring Break,24071666,1983,
3456,Body Heat,24058838,1981,
3457,Virtuosity,24047675,1995,
3458,Don't Be Afraid of the Dark,24046682,2011,FilmDistrict
3459,The Life Aquatic with Steve Zissou,24020403,2004,
3460,White Boy Rick,24011188,2018,Studio 8
3461,Around the World in 80 Days,24008137,2004,
3462,Observe and Report,24007324,2009,
3463,Strays,23988885,2023,Universal Pictures
3464,Perfect Stranger,23984949,2007,
3465,Corky Romano,23980304,2001,
3466,Tom and Huck,23920048,1995,
3467,The Flamingo Kid,23859382,1984,
3468,The New Mutants,23852659,2020,20th Century Studios
3469,Weird Science,23834048,1985,
3470,House of Wax,23750000,1953,
3471,Sea Monsters: A Prehistoric Adventure,23746066,2007,
3472,Santa Claus,23717291,1985,
3473,Good Burger,23712993,1997,
3474,Whitney Houston: I Wanna Dance with Somebody,23708080,2022,TriStar Pictures
3475,Network,23689877,1976,
3476,Sixteen Candles,23686027,1984,
3477,Some Kind of Hero,23671186,1982,
3478,The Road Warrior,23667907,1982,
3479,The Best Years of Our Lives,23650000,1946,
3480,The Wicker Man,23649127,2006,
3481,Two of a Kind,23646952,1983,
3482,Hot Fuzz,23637265,2007,
3483,Agent Cody Banks 2: Destination London,23630159,2004,
3484,How to Make an American Quilt,23600020,1995,
3485,My Blue Heaven,23591472,1990,
3486,The Losers,23591432,2010,Warner Bros.
3487,Kevin Hart: What Now?,23591043,2016,Universal Pictures
3488,Eight Crazy Nights,23586598,2002,
3489,Oscar,23562716,1991,
3490,Hotel Rwanda,23530892,2004,
3491,Traitor,23530831,2008,
3492,Heist,23510841,2001,
3493,Ernest Goes to Camp,23509382,1987,
3494,Hoodlum,23499102,1997,
3495,Boys on the Side,23440188,1995,
3496,Endless Love,23438250,2014,Universal Pictures
3497,Circle of Friends,23389975,1995,
3498,The Avengers,23384939,1998,
3499,Raging Bull,23383987,1980,
3500,The Covenant,23380495,2006,
3501,Ghost Story,23371905,1981,
3502,Leap of Faith,23369283,1992,
3503,Reindeer Games,23368995,2000,
3504,Bulletproof Monk,23358708,2003,
3505,The Usual Suspects,23341568,1995,
3506,The Iron Giant,23315035,1999,
3507,Ne Zha 2,23308176,2025,CMC Pictures
3508,Toys,23278931,1992,
3509,Benny & Joon,23261580,1993,
3510,Kingdom Come,23249649,2001,
3511,One True Thing,23245840,1998,
3512,Faster,23240020,2010,CBS Films
3513,The Remains of the Day,23237911,1993,
3514,Pompeii,23219748,2014,TriStar Pictures
3515,Spiral,23216862,2021,Lionsgate
3516,Vicky Cristina Barcelona,23216709,2008,
3517,Sanctum,23209310,2011,Universal Pictures
3518,Monte Carlo,23186769,2011,Twentieth Century Fox
3519,Match Point,23151529,2005,
3520,Air Bud,23144499,1997,
3521,Piglet's Big Movie,23103423,2003,
3522,Blink Twice,23093906,2024,Amazon MGM Studios
3523,Fighting,23091010,2009,
3524,Stay Alive,23086480,2006,
3525,Whiskey Tango Foxtrot,23083334,2016,Paramount Pictures
3526,Blue Chips,23070663,1994,
3527,The Players Club,23047939,1998,
3528,The Program,23032565,1993,
3529,Transcendence,23022309,2014,Warner Bros.
3530,Ron's Gone Wrong,23009270,2021,20th Century Studios
3531,The Russia House,22997992,1990,
3532,Two for the Money,22991379,2005,
3533,Love Happens,22965110,2009,
3534,Fighting with My Family,22958886,2019,Metro-Goldwyn-Mayer (MGM)
3535,D3: The Mighty Ducks,22955097,1996,
3536,The Care Bears Movie,22934622,1985,
3537,Ella Enchanted,22918387,2004,
3538,Rounders,22912409,1998,
3539,Revolutionary Road,22911480,2008,
3540,Crimes of the Heart,22905522,1986,
3541,Rudy,22881563,1993,
3542,Guilty as Sin,22866222,1993,
3543,Being John Malkovich,22863596,1999,
3544,Beloved,22852487,1998,
3545,Raising Arizona,22847564,1987,
3546,Won't You Be My Neighbor?,22835787,2018,Focus Features
3547,Prime,22827153,2005,
3548,Missing in Action,22812411,1984,
3549,A Dog's Journey,22782371,2019,Universal Pictures
3550,Ambulance,22781115,2022,Universal Pictures
3551,On Her Majesty's Secret Service,22774493,1969,
3552,Frankie and Johnny,22773535,1991,
3553,Joe Somebody,22771646,2001,
3554,Convoy,22765081,1978,
3555,The Gallows,22764410,2015,Warner Bros.
3556,Xanadu,22762571,1980,
3557,The Juror,22754725,1996,
3558,Titan A.E.,22753426,2000,
3559,American Gigolo,22743674,1980,
3560,Roofman,22739882,2025,Paramount Pictures International
3561,Dickie Roberts: Former Child Star,22738671,2003,
3562,Booksmart,22680962,2019,United Artists Releasing
3563,Thunderheart,22660758,1992,
3564,Pure Luck,22641969,1991,
3565,Springsteen: Deliver Me from Nowhere,22638297,2025,20th Century Studios
3566,The Borrowers,22619589,1998,
3567,My Tutor,22587834,1983,
3568,Much Ado About Nothing,22549338,1993,
3569,The Black Dahlia,22545080,2006,
3570,The Incredible Burt Wonderstone,22537881,2013,Warner Bros.
3571,Babylon A.D.,22532572,2008,
3572,My Super Ex-Girlfriend,22530295,2006,
3573,Captain Ron,22518097,1992,
3574,Looking for Mr. Goodbar,22512655,1977,
3575,Quest for Camelot,22510798,1998,
3576,Adaptation.,22498520,2002,
3577,Lucky Number Slevin,22495466,2006,
3578,The Warriors,22490039,1979,
3579,War,22486409,2007,
3580,My Bodyguard,22482952,1980,
3581,Hitman: Agent 47,22467450,2015,Twentieth Century Fox
3582,Red Corner,22459274,1997,
3583,Magnolia,22455976,1999,
3584,Fame,22455510,2009,
3585,City by the Sea,22449000,2002,
3586,Marry Me,22438180,2022,Universal Pictures
3587,License to Drive,22433275,1988,
3588,Edtv,22431897,1999,
3589,The First Power,22424195,1990,
3590,The Alamo,22414961,2004,
3591,The Housemaid,22410430,2025,Lionsgate
3592,The Woman in the Yard,22405985,2025,Universal Pictures
3593,Deuce Bigalow: European Gigolo,22400154,2005,
3594,The Bye Bye Man,22395806,2017,STX Entertainment
3595,Stuber,22370452,2019,Twentieth Century Fox
3596,At First Sight,22365133,1999,
3597,Project Almanac,22348241,2015,Paramount Pictures
3598,Richard Jewell,22345542,2019,Warner Bros.
3599,My Fellow Americans,22313201,1996,
3600,47 Meters Down: Uncaged,22260900,2019,Entertainment Studios Motion Pictures
3601,Benji the Hunted,22257624,1987,
3602,Victoria & Abdul,22245070,2017,Focus Features
3603,Pink Floyd: The Wall,22244207,1982,
3604,Empire of the Sun,22238696,1987,
3605,Two Can Play That Game,22235901,2001,
3606,Emma,22231658,1996,
3607,Norma Rae,22228000,1979,
3608,The Medallion,22219192,2003,
3609,Hustle & Flow,22202809,2005,
3610,Nowhere to Run,22189039,1993,
3611,Like a Boss,22169514,2020,Paramount Pictures
3612,A Nightmare on Elm Street: The Dream Child,22168359,1989,
3613,An American Tail: Fievel Goes West,22166041,1991,
3614,Darkness,22163442,2004,
3615,Don Juan DeMarco,22150451,1995,
3616,Rough Night,22105643,2017,Sony Pictures Releasing
3617,Dad,22103037,1989,
3618,Lock Up,22099847,1989,
3619,Biker Boyz,22076772,2003,
3620,Black and Blue,22055313,2019,Screen Gems
3621,Cousins,22026369,1989,
3622,Frankenstein,22006296,1994,
3623,Death Wish,22000000,1974,
3624,Billy Elliot,21995263,2000,
3625,Joy Ride,21974919,2001,
3626,Friday the 13th: A New Beginning,21930418,1985,
3627,Love Don't Cost a Thing,21924226,2003,
3628,Hellboy,21903748,2019,Lionsgate
3629,My Little Pony: The Movie,21885107,2017,Lionsgate
3630,Gus,21873000,1976,
3631,The Postman,21848932,1995,
3632,A Lot Like Love,21845719,2005,
3633,Only the Lonely,21830957,1991,
3634,A Soldier's Story,21821347,1984,
3635,The Big Wedding,21819348,2013,Lionsgate
3636,Mr. 3000,21811187,2004,
3637,Boys and Girls,21799652,2000,
3638,The Bachelor,21760240,1999,
3639,Ricochet,21756163,1991,
3640,The Caine Mutiny,21750000,1954,
3641,The Bikeriders,21746895,2024,Focus Features
3642,Friday the 13th: Part 2,21722776,1981,
3643,Marathon Man,21709020,1976,
3644,The Player,21706101,1992,
3645,Overlord,21704844,2018,Paramount Pictures
3646,Thunderbolt and Lightfoot,21700000,1974,
3647,Against All Odds,21689062,1984,
3648,The Quest,21686547,1996,
3649,Buck Rogers in the 25th Century,21671241,1979,
3650,Class,21667789,1983,
3651,Like Water for Chocolate,21665468,1993,
3652,The Rookie,21633874,1990,
3653,Shining Through,21633781,1992,
3654,Short Circuit 2,21630088,1988,
3655,Nobody 2,21604985,2025,Universal Pictures International (UPI)
3656,Your Highness,21596445,2011,Universal Pictures
3657,Consenting Adults,21591728,1992,
3658,Mud,21590086,2013,Roadside Attractions
3659,Snowden,21587519,2016,Open Road Films (II)
3660,NASCAR: The IMAX Experience,21583831,2004,
3661,Bulletproof,21576954,1996,
3662,Bowling for Columbine,21576018,2002,
3663,Black or White,21571189,2015,Relativity Media
3664,Baggage Claim,21569509,2013,Fox Searchlight Pictures
3665,He Got Game,21567853,1998,
3666,Just Wright,21540363,2010,Fox Searchlight Pictures
3667,"Oh, God! You Devil",21538850,1984,
3668,The Way Way Back,21506546,2013,Fox Searchlight Pictures
3669,The Book Thief,21488481,2013,Twentieth Century Fox
3670,Married to the Mob,21486757,1988,
3671,Psycho,21485655,1998,
3672,Black Bag,21474035,2025,Focus Features
3673,Battlefield Earth,21471685,2000,
3674,The Last Mimzy,21471047,2007,
3675,Urban Legends: Final Cut,21468807,2000,
3676,The Freshman,21460601,1990,
3677,Tough Guys,21458229,1986,
3678,The Fog,21448782,1980,
3679,The Darkest Hour,21443494,2011,Summit Entertainment
3680,A Very Brady Sequel,21440752,1996,
3681,Mr. Magoo,21437192,1997,
3682,Rhinestone,21435321,1984,
3683,The Adventures of Ford Fairlane,21413502,1990,
3684,Quigley Down Under,21413105,1990,
3685,When a Stranger Calls,21411158,1979,
3686,The Place Beyond the Pines,21403519,2013,Focus Features
3687,Skyline,21393620,2010,Universal Pictures
3688,Mars Needs Moms,21392758,2011,Walt Disney Studios Motion Pictures
3689,Cold Creek Manor,21386011,2003,
3690,Raising Cain,21370057,1992,
3691,Shaft,21360215,2019,Warner Bros.
3692,Intersection,21355893,1994,
3693,Waist Deep,21344312,2006,
3694,The Bells of St. Mary's,21333333,1945,
3695,"As Above, So Below",21321100,2014,Universal Pictures
3696,Van Wilder,21305259,2002,
3697,Dream House,21302340,2011,Universal Pictures
3698,High School High,21302121,1996,
3699,The King and I,21300000,1956,
3700,Conan the Barbarian,21295021,2011,Lionsgate
3701,The Black Cauldron,21288692,1985,
3702,To Die For,21284514,1995,
3703,The War with Grandpa,21277892,2020,101 Studios
3704,Coneheads,21274717,1993,
3705,Together,21273159,2025,Neon
3706,Amazing Grace,21250683,2007,
3707,Chain Reaction,21226204,1996,
3708,The Grudge,21221803,2020,Sony Pictures Releasing
3709,Mechanic: Resurrection,21218403,2016,Lionsgate
3710,Torque,21215059,2004,
3711,Fame,21202829,1980,
3712,Straight Talk,21202099,1992,
3713,Phantom Thread,21198205,2017,
3714,The Right Stuff,21192102,1983,
3715,ATL,21170563,2006,
3716,Cabin Fever,21158188,2003,
3717,Cujo,21156152,1983,
3718,The Next Three Days,21148651,2010,Lionsgate
3719,Stir of Echoes,21142914,1999,
3720,Kuffs,21142815,1992,
3721,Things Are Tough All Over,21134374,1982,
3722,The Disaster Artist,21120616,2017,A24
3723,American Fiction,21098470,2023,Metro-Goldwyn-Mayer (MGM)
3724,Night Shift,21095638,1982,
3725,Father Stu,21090677,2022,Sony Pictures Releasing
3726,Tales from the Crypt: Demon Knight,21089146,1995,
3727,F/X2,21082165,1991,
3728,Antwone Fisher,21078145,2002,
3729,Multiplicity,21075014,1996,
3730,Aloha,21067116,2015,Sony Pictures Releasing
3731,Weekend Pass,21058033,1984,
3732,Last Breath,21051180,2025,Focus Features
3733,The Wiz,21049053,1978,
3734,Punchline,21042667,1988,
3735,Madhouse,21036771,1990,
3736,Creepshow,21028755,1982,
3737,Christine,21017849,1983,
3738,The Air Up There,21011318,1994,
3739,Flight of the Phoenix,21009180,2004,
3740,Iron Will,21006361,1994,
3741,Fantastic Mr. Fox,21002919,2009,
3742,Flicka,21000147,2006,
3743,Looney Tunes: Back in Action,20991364,2003,
3744,Reality Bites,20982557,1994,
3745,The X Files: I Want to Believe,20982478,2008,
3746,The Man with the Golden Gun,20972000,1974,
3747,A Room with a View,20966644,1986,
3748,Priscilla,20960939,2023,A24
3749,Quest for Fire,20959585,1982,
3750,The Apple Dumpling Gang Rides Again,20931111,1979,
3751,Shorts,20919166,2009,
3752,Super Mario Bros.,20915465,1993,
3753,Mr. Baseball,20883046,1992,
3754,Proud Mary,20877013,2018,Screen Gems
3755,Jason's Lyric,20851521,1994,
3756,Unhinged,20831465,2020,Solstice Studios
3757,Fear,20831000,1996,
3758,Homestead,20811864,2024,Angel
3759,The Kids Are All Right,20811365,2010,Focus Features
3760,Free State of Jones,20810036,2016,STX Entertainment
3761,Companion,20809101,2025,Warner Bros.
3762,The Hills Have Eyes 2,20804166,2007,
3763,Sleepless,20783704,2017,Open Road Films (II)
3764,Say Anything,20781385,1989,
3765,Whale Rider,20779666,2003,
3766,A Christmas Story,20778141,1983,
3767,Blair Witch,20777061,2016,Lionsgate
3768,God's Not Dead 2,20774575,2016,Pure Flix Entertainment
3769,The Dead Zone,20766616,1983,
3770,Jaws: The Revenge,20763013,1987,
3771,Diary of a Wimpy Kid: The Long Haul,20738724,2017,Twentieth Century Fox
3772,Julia,20714400,1977,
3773,Hamlet,20710451,1990,
3774,Wolf Man,20707280,2025,Universal Pictures
3775,The Happytime Murders,20706452,2018,STX Entertainment
3776,Land of the Dead,20700082,2005,
3777,Little Black Book,20698668,2004,
3778,Mad Money,20668843,2008,
3779,Speechless,20667959,1994,
3780,The Man from Snowy River,20659423,1982,
3781,F/X,20603715,1986,
3782,Keanu,20591853,2016,Warner Bros.
3783,The Invisible,20578909,2007,
3784,The Photograph,20578185,2020,Universal Pictures
3785,The Great Gatsby,20563273,1974,
3786,SuperFly,20545116,2018,Sony Pictures Releasing
3787,The Ministry of Ungentlemanly Warfare,20535053,2024,Lionsgate
3788,Gamer,20534907,2009,
3789,Fly Me to the Moon,20532222,2024,Columbia Pictures
3790,Porky's Revenge,20518905,1985,
3791,Devotion,20511938,2022,Columbia Pictures
3792,The Circle,20497844,2017,STX Entertainment
3793,Anora,20474295,2024,Neon
3794,The Final Conflict,20471382,1981,
3795,Top Secret!,20458340,1984,
3796,The Peanut Butter Falcon,20457158,2019,Roadside Attractions
3797,The In-Laws,20453431,2003,
3798,La Cage aux Folles,20424259,1979,
3799,Hello Again,20419446,1987,
3800,Duel in the Sun,20408163,1946,
3801,Brick Mansions,20396829,2014,Relativity Media
3802,F.I.S.T.,20388920,1978,
3803,Valentine,20384136,2001,
3804,Sgt. Pepper's Lonely Hearts Club Band,20378470,1978,
3805,The Three Musketeers,20374484,2011,Summit Entertainment
3806,"Are You There God? It's Me, Margaret.",20372406,2023,Lionsgate
3807,The Holdovers,20355375,2023,Focus Features
3808,The Glimmer Man,20351264,1996,
3809,Showgirls,20350754,1995,
3810,Sudden Death,20350171,1995,
3811,Code of Silence,20345361,1985,
3812,A Prairie Home Companion,20342852,2006,
3813,Reno 911!: Miami,20342161,2007,
3814,City Hall,20340204,1996,
3815,Unsung Hero,20335239,2024,Lionsgate
3816,The Presidio,20324096,1988,
3817,Vampires,20308772,1998,
3818,Hot Dog... The Movie,20307325,1984,
3819,Jetsons: The Movie,20305841,1990,
3820,Down with Love,20305251,2003,
3821,The People vs. Larry Flynt,20300385,1996,
3822,The Unbearable Weight of Massive Talent,20300157,2022,Lionsgate
3823,Gone Baby Gone,20292962,2007,
3824,The Cowboy Way,20280016,1994,
3825,Premium Rush,20275446,2012,Sony Pictures Releasing
3826,Pulse,20264436,2006,
3827,The Incredible Shrinking Woman,20259961,1981,
3828,Action Jackson,20256975,1988,
3829,Our Family Wedding,20255281,2010,Fox Searchlight Pictures
3830,Mobsters,20246790,1991,
3831,Critical Condition,20240502,1987,
3832,Stella,20240128,1990,
3833,Six Pack,20225989,1982,
3834,Country Strong,20218921,2010,
3835,Appaloosa,20211394,2008,
3836,Another Stakeout,20208496,1993,
3837,Monty Python's Life of Brian,20206622,1979,
3838,The NeverEnding Story,20192381,1984,
3839,Baahubali 2: The Conclusion,20186659,2017,Great India Films
3840,Secret in Their Eyes,20180155,2015,STX Entertainment
3841,Until Dawn,20172192,2025,Screen Gems
3842,"Corrina, Corrina",20164171,1994,
3843,Dracula,20158970,1979,
3844,Homefront,20158898,2013,Open Road Films (II)
3845,Big Miracle,20157300,2012,Universal Pictures
3846,UglyDolls,20150241,2019,STX Entertainment
3847,Juice,20146880,1992,
3848,Love and Death,20123742,1975,
3849,My Favorite Year,20123620,1982,
3850,Don't Be a Menace to South Central While Drinking Your Juice in the Hood,20109115,1996,
3851,Tess,20093330,1980,
3852,The First Omen,20092802,2024,20th Century Studios
3853,Flipper,20080020,1996,
3854,Down to You,20069008,2000,
3855,The Thing,20063820,1982,
3856,Only You,20059210,1994,
3857,Booty Call,20050376,1997,
3858,An Innocent Man,20047604,1989,
3859,Assault on Precinct 13,20040895,2005,
3860,The Fly II,20021322,1989,
3861,With Honors,20016254,1994,
3862,The Pope's Exorcist,20009380,2023,Screen Gems
3863,Middle School: The Worst Years of My Life,20007149,2016,Lionsgate
3864,Prelude to a Kiss,20006730,1992,
3865,Taking Care of Business,20005435,1990,
3866,Escape to Witch Mountain,20000000,1975,
3867,Eyes of Laura Mars,20000000,1978,
3868,The Life of David Gale,19955598,2003,
3869,Unfaithfully Yours,19928200,1984,
3870,Breathless,19910002,1983,
3871,Mafia!,19889299,1998,
3872,Yu-Gi-Oh!: The Movie,19887556,2004,
3873,Fire in the Sky,19885552,1993,
3874,Volunteers,19875740,1985,
3875,Hard Rain,19870567,1998,
3876,The Apostle,19868354,1997,
3877,Novocaine,19861854,2025,Paramount Pictures International
3878,Altered States,19853892,1980,
3879,The Spirit,19806188,2008,
3880,Prey for the Devil,19802293,2022,Lionsgate
3881,Cruising,19798718,1980,
3882,Summer Catch,19753553,2001,
3883,Vampire in Brooklyn,19751736,1995,
3884,Gone Fishin',19745922,1997,
3885,Betsy's Wedding,19740070,1990,
3886,Young Sherlock Holmes,19739575,1985,
3887,The Principal,19734940,1987,
3888,The Pledge,19733089,2001,
3889,Color of Night,19726050,1994,
3890,"Same Time, Next Year",19703082,1979,
3891,Broken City,19701164,2013,Twentieth Century Fox
3892,Nine Lives,19700032,2016,EuropaCorp
3893,Man of the House,19699706,2005,
3894,Nine,19676965,2009,
3895,Skin Deep,19674852,1989,
3896,Reign Over Me,19661987,2007,
3897,Tucker: The Man and His Dream,19656113,1988,
3898,8 Seconds,19623396,1994,
3899,The Seduction of Joe Tynan,19595168,1979,
3900,The Serpent and the Rainbow,19595031,1988,
3901,The Secret World of Arrietty,19587032,2012,Walt Disney Studios Motion Pictures
3902,The Phoenician Scheme,19555015,2025,Focus Features
3903,Astro Boy,19551067,2009,
3904,Igor,19528602,2008,
3905,Cabrini,19512134,2024,Angel
3906,Police Academy 5: Assignment: Miami Beach,19510371,1988,
3907,Hero,19507345,1992,
3908,Léon: The Professional,19501238,1994,
3909,The Eagle,19490041,2011,Focus Features
3910,The Big Lebowski,19488923,1998,
3911,Timeline,19481943,2003,
3912,Valiant,19478106,2005,
3913,It Takes Two,19474589,1995,
3914,Friday the 13th Part VI: Jason Lives,19472057,1986,
3915,Beautiful Creatures,19452138,2013,Warner Bros.
3916,House,19444631,1986,
3917,Doug's 1st Movie,19440089,1999,
3918,House Party 2,19438638,1991,
3919,Oceans,19422319,2010,Walt Disney Studios Motion Pictures
3920,Saving Silverman,19402030,2001,
3921,The Producers,19398532,2005,
3922,Wonder Boys,19393557,2000,
3923,Shaun the Sheep Movie,19375982,2015,Lionsgate
3924,Vacancy,19363565,2007,
3925,Bring Her Back,19333305,2025,A24
3926,Joe,19319254,1970,
3927,Runner Runner,19316646,2013,Twentieth Century Fox
3928,Little Giants,19306362,1994,
3929,Cursed,19297522,2005,
3930,Summer of Sam,19288130,1999,
3931,Deathtrap,19282134,1982,
3932,House Party 3,19281235,1994,
3933,Best Defense,19265302,1984,
3934,Species II,19221939,1998,
3935,My Best Friend's Girl,19219250,2008,
3936,Race,19206207,2016,Focus Features
3937,The Replacement Killers,19204929,1998,
3938,Beerfest,19185184,2006,
3939,Martin Lawrence Live: Runteldat,19184820,2002,
3940,Two Brothers,19176754,2004,
3941,Ordinary Angels,19174421,2024,Lionsgate
3942,Friday the 13th: The New Blood,19170001,1988,
3943,Jonas Brothers: The 3D Concert Experience,19162740,2009,
3944,Tuck Everlasting,19161999,2002,
3945,Mother,19145198,1996,
3946,Blaze,19131246,1989,
3947,The Bad News Bears in Breaking Training,19104350,1977,
3948,Georgia Rule,19103072,2007,
3949,Hart's War,19077641,2002,
3950,Johnny Mnemonic,19075720,1995,
3951,"I, Frankenstein",19075290,2014,Lionsgate
3952,Waitress,19074800,2007,
3953,The Watchers,19071404,2024,Warner Bros.
3954,Remember Me,19068240,2010,Summit Entertainment
3955,Bugs!,19063544,2003,
3956,Moonfall,19060660,2022,Lionsgate
3957,Mommie Dearest,19032261,1981,
3958,Bed of Roses,19030691,1996,
3959,The Impossible,19019882,2012,
3960,Caught Stealing,19005242,2025,Sony Pictures Releasing
3961,Unplanned,19005109,2019,Pure Flix Entertainment
3962,Beneath the Planet of the Apes,18999718,1970,
3963,Sniper,18994653,1993,
3964,Rollerball,18990798,2002,
3965,The Octagon,18971000,1980,
3966,Haywire,18942396,2012,Relativity Media
3967,Kazaam,18937262,1996,
3968,Cocoon: The Return,18924919,1988,
3969,The Odd Couple II,18912328,1998,
3970,Untamed Heart,18898806,1993,
3971,Shark Night,18877153,2011,Relativity Media
3972,The Seventh Sign,18875011,1988,
3973,Above the Law,18869631,1988,
3974,Getting Even with Dad,18869594,1994,
3975,The Legend of Hercules,18848538,2014,Lionsgate
3976,Akeelah and the Bee,18848430,2006,
3977,The Marine,18844784,2006,
3978,Paternity,18838812,1981,
3979,Under the Rainbow,18826490,1981,
3980,Into the Blue,18801234,2005,
3981,Thrill Ride: The Science of Fun,18798590,1997,
3982,Mortal Thoughts,18784957,1991,
3983,Suspect,18782400,1987,
3984,Tarot,18771004,2024,Screen Gems
3985,The Upside of Anger,18761993,2005,
3986,Still Alice,18754371,2015,Sony Pictures Classics
3987,The Believers,18753438,1987,
3988,The Choice,18730891,2016,Lionsgate
3989,Best in Show,18715392,2000,
3990,Year of the Dragon,18707466,1985,
3991,Eye in the Sky,18704595,2016,Bleecker Street Media
3992,Her Alibi,18699037,1989,
3993,Casualties of War,18671317,1989,
3994,Becoming Jane,18670946,2007,
3995,Anywhere But Here,18670401,1999,
3996,The Ninth Gate,18661336,2000,
3997,Michael Jordan to the Max,18650521,2000,
3998,Blame It on Rio,18644570,1984,
3999,The Quick and the Dead,18636537,1995,
4000,Geronimo: An American Legend,18635620,1993,
4001,Paradise,18634643,1991,
4002,Galapagos,18630372,1999,
4003,The Fan,18626419,1996,
4004,Frost/Nixon,18622031,2008,
4005,Man on a Ledge,18620000,2012,Lionsgate
4006,CHIPS,18600152,2017,Warner Bros.
4007,The Apartment,18600000,1960,
4008,Alice Doesn't Live Here Anymore,18600000,1974,
4009,Aquamarine,18597342,2006,
4010,Prancer,18587135,1989,
4011,Flight of the Navigator,18564613,1986,
4012,Some Kind of Wonderful,18553948,1987,
4013,Ferrari,18550028,2023,Neon
4014,An Ideal Husband,18542974,1999,
4015,Ultraviolet,18535812,2006,
4016,Project X,18532286,1987,
4017,You're Next,18494006,2013,Lionsgate
4018,Super Troopers,18492362,2002,
4019,Singles,18471850,1992,
4020,The Invention of Lying,18451251,2009,
4021,A Thousand Words,18450127,2012,DreamWorks
4022,The SpongeBob Movie: Search for SquarePants,18436783,2025,Paramount Pictures International
4023,Ladyhawke,18432000,1985,
4024,The Fabulous Baker Boys,18428904,1989,
4025,Quartet,18390117,2013,The Weinstein Company
4026,Prophecy,18389402,1979,
4027,Into the Wild,18354356,2007,
4028,Sleeper,18344729,1973,
4029,Only the Brave,18343983,2017,Sony Pictures Releasing
4030,North Country,18337722,2005,
4031,127 Hours,18335230,2010,Fox Searchlight Pictures
4032,Babe: Pig in the City,18319860,1998,
4033,Walk Hard: The Dewey Cox Story,18317151,2007,
4034,The Four Feathers,18306166,2002,
4035,Fright Night,18302607,2011,Walt Disney Studios Motion Pictures
4036,That Darn Cat,18301610,1997,
4037,Paranormal Activity: The Ghost Dimension,18300124,2015,Paramount Pictures
4038,Posse,18289763,1993,
4039,Kalki 2898 AD,18289575,2024,Prathyangira Cinemas
4040,Love Affair,18272894,1994,
4041,Crimes and Misdemeanors,18254702,1989,
4042,Simon Birch,18253415,1998,
4043,Harold & Kumar Go to White Castle,18250550,2004,
4044,The Last Castle,18244060,2001,
4045,Sugar Hill,18225518,1994,
4046,Next,18211013,2007,
4047,Dead Men Don't Wear Plaid,18196170,1982,
4048,The Glass House,18150259,2001,
4049,Milk Money,18137661,1994,
4050,The Sure Thing,18135531,1985,
4051,Chernobyl Diaries,18119640,2012,Warner Bros.
4052,Last Man Standing,18115927,1996,
4053,DuckTales the Movie: Treasure of the Lost Lamp,18115724,1990,
4054,Pooh's Heffalump Movie,18098433,2005,
4055,Call Me by Your Name,18095701,2017,Sony Pictures Classics
4056,New Nightmare,18090181,1994,
4057,"Jo Jo Dancer, Your Life Is Calling",18034150,1986,
4058,Everything You Always Wanted to Know About Sex * But Were Afraid to Ask,18016290,1972,
4059,Admission,18007317,2013,Focus Features
4060,Herbie Goes Bananas,18000000,1980,
4061,The Howling,17985893,1981,
4062,Used People,17957265,1992,
4063,They Shall Not Grow Old,17956913,2018,Warner Bros.
4064,CB4,17953778,1993,
4065,Born Yesterday,17952857,1993,
4066,The Crow: City of Angels,17917287,1996,
4067,The Contender,17872723,2000,
4068,Laws of Attraction,17871255,2004,
4069,For the Boys,17860280,1991,
4070,Show Dogs,17857020,2018,Global Road Entertainment
4071,Sibling Rivalry,17854933,1990,
4072,Drive Me Crazy,17845337,1999,
4073,Punch-Drunk Love,17844216,2002,
4074,Bad Times at the El Royale,17839115,2018,Twentieth Century Fox
4075,Honeysuckle Rose,17815212,1980,
4076,Paws of Fury: The Legend of Hank,17811382,2022,Paramount Pictures
4077,School for Scoundrels,17807569,2006,
4078,Going the Distance,17804299,2010,Warner Bros.
4079,Charlie's Angels,17803077,2019,Sony Pictures Releasing
4080,Mother!,17800004,2017,Paramount Pictures
4081,Bad Santa 2,17782178,2016,Broad Green Pictures
4082,A Mighty Wind,17781006,2003,
4083,Bears,17780194,2014,Walt Disney Studios Motion Pictures
4084,EuroTrip,17771387,2004,
4085,The Delta Force,17768900,1986,
4086,Halloween 4: The Return of Michael Myers,17768757,1988,
4087,Steve Jobs,17766658,2015,Universal Pictures
4088,The Rage: Carrie 2,17762705,1999,
4089,The Perks of Being a Wallflower,17742948,2012,Lionsgate
4090,Mr. Holmes,17737646,2015,Roadside Attractions
4091,The Big Green,17736619,1995,
4092,For the Love of Benji,17732000,1977,
4093,Spirit Untamed,17716215,2021,Universal Pictures
4094,The Blackening,17707207,2023,Lionsgate
4095,The Farewell,17695781,2019,A24
4096,Bugonia,17692390,2025,Focus Features
4097,Heavyweights,17689177,1995,
4098,Apollo 18,17687709,2011,Dimension Films
4099,The Big Easy,17685307,1987,
4100,My Baby's Daddy,17669317,2004,
4101,Kit Kittredge: An American Girl,17657973,2008,
4102,Demon Slayer: Kimetsu No Yaiba - To the Hashira Training,17657658,2024,Sony Pictures Releasing
4103,Nebraska,17654912,2013,Paramount Pictures
4104,Harold and the Purple Crayon,17640924,2024,Columbia Pictures
4105,Frantic,17637950,1988,
4106,Furry Vengeance,17630465,2010,Summit Entertainment
4107,The Postman,17626234,1997,
4108,Parker,17616641,2013,FilmDistrict
4109,Max Dugan Returns,17613720,1983,
4110,Operation Finale,17612099,2018,Metro-Goldwyn-Mayer (MGM)
4111,Hostel: Part II,17609452,2007,
4112,The Last King of Scotland,17606684,2006,
4113,Empire,17600423,2002,
4114,The Substance,17584795,2024,MUBI
4115,Eye of the Needle,17583634,1981,
4116,Book Club: The Next Chapter,17581565,2023,Focus Features
4117,Deliver Us from Eva,17573594,2003,
4118,The Zookeeper's Wife,17571660,2017,Focus Features
4119,Take This Job and Shove It,17569027,1981,
4120,"Paul, Apostle of Christ",17560475,2018,Affirm Films
4121,Enough Said,17550872,2013,Fox Searchlight Pictures
4122,Johnny Be Good,17550399,1988,
4123,Free Solo,17541090,2018,National Geographic Entertainment
4124,Invasion U.S.A.,17536256,1985,
4125,The Babe,17530973,1992,
4126,Silent Hill: Revelation,17529157,2012,Open Road Films (II)
4127,Home for the Holidays,17519169,1995,
4128,Disturbing Behavior,17514980,1998,
4129,For Keeps?,17514553,1988,
4130,Lassiter,17513452,1984,
4131,Notes on a Scandal,17510118,2006,
4132,Dope,17506470,2015,Open Road Films (II)
4133,Father Figures,17501244,2017,Warner Bros.
4134,Sorry to Bother You,17493096,2018,Annapurna Pictures
4135,Angel,17488564,1984,
4136,White Palace,17487531,1990,
4137,Pathaan,17487476,2023,Yash Raj Films USA Inc.
4138,Red Planet,17480890,2000,
4139,The Whale,17463630,2022,A24
4140,Half Baked,17460020,1998,
4141,Wanderlust,17450535,2012,Universal Pictures
4142,The Ruins,17432844,2008,
4143,Dark Skies,17418667,2013,Dimension Films
4144,Chappaquiddick,17395520,2018,Entertainment Studios Motion Pictures
4145,Addicted,17390770,2014,Lionsgate
4146,Murder in the First,17381942,1995,
4147,Roll Bounce,17380866,2005,
4148,Extreme Measures,17380126,1996,
4149,Outland,17374595,1981,
4150,The NeverEnding Story II: The Next Chapter,17373527,1991,
4151,Masterminds,17368022,2016,Relativity Media
4152,My Girl 2,17359799,1994,
4153,Born in East L.A.,17355263,1987,
4154,The Fabelmans,17348945,2022,Universal Pictures
4155,Valley Girl,17343596,1983,
4156,Masters of the Universe,17336370,1987,
4157,A Haunted House 2,17329486,2014,Open Road Films (II)
4158,Just My Luck,17326650,2006,
4159,The Phantom,17323326,1996,
4160,Eight Legged Freaks,17322606,2002,
4161,Miracle on 34th Street,17320136,1994,
4162,Licorice Pizza,17318007,2021,United Artists Releasing
4163,To Live and Die in L.A.,17307019,1985,
4164,Inkheart,17303424,2009,
4165,Brightburn,17300439,2019,Screen Gems
4166,Renfield,17297895,2023,Universal Pictures
4167,Max Keeble's Big Move,17294293,2001,
4168,Underwater,17291078,2020,Twentieth Century Fox
4169,A Bronx Tale,17287898,1993,
4170,The Glass Castle,17273059,2017,Lionsgate
4171,Small Time Crooks,17266359,2000,
4172,Eastern Promises,17266000,2007,
4173,The Blind,17265487,2023,Fathom Events
4174,A Most Wanted Man,17237855,2014,Roadside Attractions
4175,All the Right Moves,17233166,1983,
4176,Fired Up!,17231291,2009,
4177,Seventh Son,17223265,2015,Universal Pictures
4178,Hudson Hawk,17218080,1991,
4179,The Mission,17218023,1986,
4180,88 Minutes,17213467,2008,
4181,Center Stage,17200925,2000,
4182,Fled,17193231,1996,
4183,Angel Heart,17185632,1987,
4184,Sidekicks,17180393,1993,
4185,The Green Knight,17173321,2021,A24
4186,The Good Liar,17156058,2019,Warner Bros.
4187,Safe,17142080,2012,Lionsgate
4188,The Falcon and the Snowman,17130087,1985,
4189,Freejack,17129026,1992,
4190,Annapolis,17127992,2006,
4191,Johnny Dangerously,17124395,1984,
4192,Kung Fu Hustle,17108591,2005,
4193,Rushmore,17105219,1998,
4194,Diabolique,17100266,1996,
4195,Pet Sematary II,17092453,1992,
4196,Seed of Chucky,17083732,2004,
4197,Firestarter,17080167,1984,
4198,Win a Date with Tad Hamilton!,17071962,2004,
4199,Norm of the North,17062499,2016,Lionsgate
4200,Pokémon 3 the Movie: Spell of the Unown,17052128,2001,
4201,The Devil's Rejects,17044981,2005,
4202,Ghosts of the Abyss,17040871,2003,
4203,The Guardian,17037887,1990,
4204,Son of the Mask,17018422,2005,
4205,The Hurt Locker,17017811,2009,
4206,Jury Duty,17014653,1995,
4207,Splice,17010170,2010,
4208,Rock Star,17008282,2001,
4209,Kiss of the Spider Woman,17005229,1985,
4210,Wimbledon,17001133,2004,
4211,Resident Evil: Welcome to Raccoon City,17000612,2021,Screen Gems
4212,The Country Bears,16990825,2002,
4213,The Counselor,16973715,2013,Twentieth Century Fox
4214,Boiler Room,16970581,2000,
4215,Hamilton,16946377,2025,
4216,Go,16943454,1999,
4217,The Covenant,16938039,2023,Metro-Goldwyn-Mayer (MGM)
4218,Crazy/Beautiful,16937988,2001,
4219,Serving Sara,16930185,2002,
4220,The Thing,16928670,2011,Universal Pictures
4221,The War,16928556,1994,
4222,The One and Only,16928137,1978,
4223,Krull,16916617,1983,
4224,Zapped!,16897768,1982,
4225,They Call Me Bruce,16894678,1982,
4226,Flatliners,16883115,2017,Sony Pictures Releasing
4227,Death Warrant,16853487,1990,
4228,Baby's Day Out,16827402,1994,
4229,Lightning Jack,16821273,1994,
4230,Andre,16820893,1994,
4231,Lost Souls,16815253,2000,
4232,Dead Silence,16809076,2007,
4233,Rebound,16809014,2005,
4234,Bringing Out the Dead,16797191,1999,
4235,The Kid Who Would Be King,16790790,2019,Twentieth Century Fox
4236,Detroit,16790139,2017,Annapurna Pictures
4237,The Motorcycle Diaries,16781387,2004,
4238,The Frighteners,16759216,1996,
4239,54,16757163,1998,
4240,New in Town,16734283,2009,
4241,The Expendables 4,16710153,2023,Lionsgate
4242,Catch That Kid,16703799,2004,
4243,Blink,16696219,1994,
4244,To Rome with Love,16685867,2012,Sony Pictures Classics
4245,Tremors,16667084,1990,
4246,Rough Cut,16656125,1980,
4247,Unaccompanied Minors,16655224,2006,
4248,True Crime,16649768,1999,
4249,Missing Link,16649539,2019,United Artists Releasing
4250,The Final Countdown,16647800,1980,
4251,Deep Cover,16639799,1992,
4252,Muppets from Space,16625807,1999,
4253,Buffy the Vampire Slayer,16624456,1992,
4254,Wild Safari - A South African Adventure,16621530,2005,
4255,Drop,16600805,2025,Universal Pictures International (UPI)
4256,Beat Street,16595791,1984,
4257,Heart and Souls,16589540,1993,
4258,Good Fortune,16585758,2025,Lionsgate
4259,That Old Feeling,16574176,1997,
4260,Shocker,16554699,1989,
4261,Ponyo,16543471,2009,
4262,The Perfect Man,16535005,2005,
4263,Original Sin,16534221,2001,
4264,Eye of the Beholder,16500786,2000,
4265,Trainspotting,16491080,1996,
4266,Terminal Velocity,16487349,1994,
4267,Spacehunter: Adventures in the Forbidden Zone,16478265,1983,
4268,The Hitcher,16472961,2007,
4269,Mary Queen of Scots,16468499,2018,Focus Features
4270,Monkey Trouble,16453258,1994,
4271,Monkey Kingdom,16432322,2015,Walt Disney Studios Motion Pictures
4272,Breaking Away,16424918,1979,
4273,"New York, New York",16400000,1977,
4274,Champions,16397335,2023,Focus Features
4275,Return from Witch Mountain,16393000,1978,
4276,Elizabeth: The Golden Age,16383509,2007,
4277,The Master,16377274,2012,The Weinstein Company
4278,Forever My Girl,16376066,2018,Roadside Attractions
4279,Defending Your Life,16371128,1991,
4280,Sergeant York,16361885,1941,
4281,White Oleander,16357770,2002,
4282,Burglar,16337355,1987,
4283,The Whole Ten Yards,16328471,2004,
4284,Tales from the Darkside: The Movie,16324573,1990,
4285,A Simple Plan,16316273,1998,
4286,Young Adult,16311571,2011,Paramount Pictures
4287,An American Haunting,16298046,2006,
4288,Howard the Duck,16295774,1986,
4289,21 Grams,16290476,2003,
4290,Swing Vote,16289867,2008,
4291,The Brutalist,16279129,2024,
4292,Chances Are,16278590,1989,
4293,The Hunter,16274150,1980,
4294,Black Christmas,16273581,2006,
4295,Supercop,16270600,1996,
4296,Crossing Delancey,16262415,1988,
4297,Friendship,16252948,2025,A24
4298,Men at Work,16247964,1990,
4299,Fire Down Below,16228448,1997,
4300,Raw Deal,16209459,1986,
4301,Jennifer's Body,16204793,2009,
4302,Above the Rim,16192320,1994,
4303,Wolf Creek,16188180,2005,
4304,I Love You to Death,16186793,1990,
4305,Begin Again,16170632,2014,The Weinstein Company
4306,Richard Pryor... Here and Now,16156776,1983,
4307,Mo' Better Blues,16153593,1990,
4308,Devil in a Blue Dress,16140822,1995,
4309,Vanity Fair,16136476,2004,
4310,D.C. Cab,16134627,1983,
4311,Jobs,16131410,2013,Open Road Films (II)
4312,Waiting...,16124543,2005,
4313,The French Dispatch,16124375,2021,Searchlight Pictures
4314,Imagine That,16123323,2009,
4315,"Bright Lights, Big City",16118077,1988,
4316,Death Wish 3,16116878,1985,
4317,The Prophecy,16115878,1995,
4318,Fruitvale Station,16101339,2013,The Weinstein Company
4319,Death Wish II,16100000,1982,
4320,The Getaway,16094974,1994,
4321,No Holds Barred,16093651,1989,
4322,A Midsummer Night's Dream,16071990,1999,
4323,Dr. No,16067035,1963,
4324,Over the Top,16057580,1987,
4325,Adventureland,16044025,2009,
4326,Kung Pow: Enter the Fist,16037962,2002,
4327,She's Having a Baby,16031707,1988,
4328,The Transporter Refueled,16029670,2015,EuropaCorp
4329,O,16025437,2001,
4330,Across the Sea of Time,16015639,1995,
4331,The Raven,16008272,2012,Relativity Media
4332,Confessions of a Dangerous Mind,16007718,2002,
4333,The Devil and Max Devlin,16000000,1981,
4334,Armored,15988876,2009,
4335,Jujutsu Kaisen: Execution,15974414,2025,GKIDS
4336,The Single Moms Club,15973881,2014,Lionsgate
4337,Caveman,15965924,1981,
4338,Marie Antoinette,15962471,2006,
4339,Mortal Engines,15951040,2018,Universal Pictures
4340,Armed and Dangerous,15945534,1986,
4341,Next of Kin,15942628,1989,
4342,Jason Goes to Hell: The Final Friday,15935068,1993,
4343,Hero at Large,15934737,1980,
4344,Thomas and the Magic Railroad,15933506,2000,
4345,Dance with Me,15923122,1998,
4346,Far from Heaven,15901849,2002,
4347,The Birth of a Nation,15861566,2016,Fox Searchlight Pictures
4348,Gorky Park,15856028,1983,
4349,Masquerade,15855828,1988,
4350,Devil's Due,15821461,2014,Twentieth Century Fox
4351,The Kite Runner,15800078,2007,
4352,The Long Riders,15795189,1980,
4353,Eddie the Eagle,15789389,2016,Twentieth Century Fox
4354,Kiss Me Goodbye,15782759,1982,
4355,The Gospel,15778152,2005,
4356,Black Sunday,15769322,1977,
4357,Hunter Killer,15767460,2018,Lionsgate
4358,Ruby Gillman: Teenage Kraken,15753600,2023,DreamWorks
4359,3000 Miles to Graceland,15749959,2001,
4360,Avalon,15740796,1990,
4361,Pride and Glory,15740721,2008,
4362,Wishmaster,15738769,1997,
4363,The Island,15716828,1980,
4364,Paparazzi,15714234,2004,
4365,Leviathan,15704614,1989,
4366,Once Is Not Enough,15700729,1975,
4367,High Plains Drifter,15700000,1973,
4368,The Bonfire of the Vanities,15691192,1990,
4369,Love Hurts,15683090,2025,Universal Pictures
4370,Superman IV: The Quest for Peace,15681020,1987,
4371,Larry the Cable Guy: Health Inspector,15680099,2006,
4372,Immaculate,15671307,2024,Neon
4373,Life as a House,15667270,2001,
4374,Babylon,15658225,2022,Paramount Pictures
4375,A Beautiful Planet,15650615,2016,IMAX
4376,Revenge,15645616,1990,
4377,The Man with the Iron Fists,15634090,2012,Universal Pictures
4378,Cirque du Soleil: Journey of Man,15627434,2000,
4379,Loser,15618626,2000,
4380,View from the Top,15614000,2003,
4381,Happily N'Ever After,15589393,2007,
4382,Continental Divide,15578237,1981,
4383,Half Past Dead,15567860,2002,
4384,The Marksman,15566093,2021,Open Road Films (II)
4385,Billy Bathgate,15565363,1991,
4386,Highlander II: The Quickening,15556340,1991,
4387,Shackleton's Antarctic Adventure,15553324,2001,
4388,My Boss's Daughter,15550605,2003,
4389,Switch,15545943,1991,
4390,A Guy Thing,15545431,2003,
4391,Still Smokin,15543710,1983,
4392,The Ghost Writer,15541549,2010,Summit Entertainment
4393,All the Pretty Horses,15540353,2000,
4394,In America,15539656,2003,
4395,Catch and Release,15539051,2007,
4396,The Unholy,15532137,2021,Screen Gems
4397,A Perfect Getaway,15515460,2009,
4398,Corvette Summer,15514367,1978,
4399,Drowning Mona,15506764,2000,
4400,Legend,15502112,1986,
4401,Late Night,15499454,2019,Amazon Studios
4402,Borderlands,15482668,2024,Lionsgate
4403,The Turning,15472775,2020,Universal Pictures
4404,Mad Love,15453274,1995,
4405,Youngblood,15448384,1986,
4406,RocketMan,15448043,1997,
4407,Reversal of Fortune,15445131,1990,
4408,The Infiltrator,15436808,2016,Broad Green Pictures
4409,A Kiss Before Dying,15429177,1991,
4410,African Cats,15428747,2011,Walt Disney Studios Motion Pictures
4411,Wrong Turn,15418790,2003,
4412,Dungeons & Dragons,15391970,2000,
4413,Mr. Destiny,15379253,1990,
4414,Spaced Invaders,15369573,1990,
4415,She-Devil,15351421,1989,
4416,Gretel & Hansel,15347654,2020,United Artists Releasing
4417,The Little Things,15342746,2021,Warner Bros.
4418,No Escape,15339030,1994,
4419,The Greatest Game Ever Played,15337393,2005,
4420,Bait,15325127,2000,
4421,About Time,15322921,2013,Universal Pictures
4422,First Strike,15318863,1997,
4423,Thinner,15315484,1996,
4424,Alpha Dog,15309602,2007,
4425,The Roses,15298844,2025,Searchlight Pictures
4426,Bangkok Dangerous,15298133,2008,
4427,Hair,15284643,1979,
4428,Youth in Revolt,15281286,2010,Dimension Films
4429,Quick Change,15260154,1990,
4430,Bad Girls,15240435,1994,
4431,The Madness of King George,15238689,1994,
4432,The Last Rodeo,15201659,2025,Angel
4433,First Family,15198912,1980,
4434,Jawan,15198530,2023,Yash Raj Films USA Inc.
4435,Needful Things,15185672,1993,
4436,The Last Exorcism Part II,15179302,2013,CBS Films
4437,Grease 2,15171476,1982,
4438,The Corruptor,15164492,1999,
4439,Pure Country,15164458,1992,
4440,Monster Hunter,15162470,2020,Screen Gems
4441,And So It Goes,15160801,2014,Clarius Entertainment
4442,RRR,15156051,2022,Sarigama Cinemas
4443,The Strangers: Chapter 2,15153346,2025,Lionsgate
4444,Flowers in the Attic,15151736,1987,
4445,Arthur and the Invisibles,15132763,2006,
4446,King Richard,15129285,2021,Warner Bros.
4447,"The Goods: Live Hard, Sell Hard",15122676,2009,
4448,Big Top Pee-wee,15122324,1988,
4449,Muriel's Wedding,15119639,1995,
4450,Halloween: The Curse of Michael Myers,15116634,1995,
4451,Shipwrecked,15104156,1991,
4452,Breakin' 2: Electric Boogaloo,15101131,1984,
4453,MaXXXine,15097632,2024,A24
4454,The Adventures of Pinocchio,15094530,1996,
4455,The Invasion,15074191,2007,
4456,Toy Soldiers,15073942,1991,
4457,American Psycho,15070285,2000,
4458,Dead Man on Campus,15064946,1998,
4459,King Solomon's Mines,15057465,1985,
4460,Twilight,15055091,1998,
4461,Wings of Courage,15054636,1995,
4462,The Box,15051977,2009,
4463,See No Evil,15032800,2006,
4464,Killing Them Softly,15026056,2012,The Weinstein Company
4465,Seven Psychopaths,15024049,2012,CBS Films
4466,More American Graffiti,15014674,1979,
4467,Judy Moody and the Not Bummer Summer,15013650,2011,Relativity Media
4468,Madonna: Truth or Dare,15012935,1991,
4469,The Cave,15007991,2005,
4470,Miss Bala,15006824,2019,Sony Pictures Releasing
4471,Animal,15004482,2023,-
4472,Lions for Lambs,15002854,2007,
4473,Dear Evan Hansen,15002646,2021,Universal Pictures
4474,For a Few Dollars More,15000000,1967,
4475,The Next Best Thing,14990582,2000,
4476,Solaris,14973382,2002,
4477,Baby: Secret of the Lost Legend,14972297,1985,
4478,Get Carter,14967182,2000,
4479,Child's Play 3,14960255,1991,
4480,Amsterdam,14947969,2022,20th Century Studios
4481,Kiss of Death,14942422,1995,
4482,Monty Python's the Meaning of Life,14929552,1983,
4483,The Night the Lights Went Out in Georgia,14923752,1981,
4484,Ragtime,14920781,1981,
4485,The Commitments,14919570,1991,
4486,If Beale Street Could Talk,14915773,2018,
4487,Nighthawks,14905359,1981,
4488,Indian Summer,14904910,1993,
4489,Keeping Up with the Joneses,14904426,2016,Twentieth Century Fox
4490,Step Up All In,14904384,2014,Lionsgate
4491,Election,14902041,1999,
4492,Last Chance Harvey,14889042,2008,
4493,S.O.B.,14867086,1981,
4494,Music of the Heart,14859394,1999,
4495,The Prodigy,14856291,2019,Orion Pictures
4496,Once Around,14851083,1991,
4497,Eve's Bayou,14842388,1997,
4498,The Girl in the Spider's Web,14841338,2018,Sony Pictures Releasing
4499,The Possession of Hannah Grace,14837422,2018,Screen Gems
4500,Spirited Away,14821254,2002,
4501,The Substitute,14818176,1996,
4502,Threesome,14815317,1994,
4503,All I Want for Christmas,14812144,1991,
4504,Eternity,14808254,2025,A24
4505,"I Love You, Beth Cooper",14800725,2009,
4506,Ladybugs,14796494,1992,
4507,Prom Night,14796236,1980,
4508,Radio Days,14792779,1987,
4509,Not Without My Daughter,14789113,1991,
4510,The Sixth Man,14772788,1997,
4511,Fire Birds,14760451,1990,
4512,My Soul to Take,14744435,2010,Universal Pictures
4513,My Left Foot,14743391,1989,
4514,Tristan + Isolde,14734633,2006,
4515,Orca,14717854,1977,
4516,School Ties,14715067,1992,
4517,Criminal,14708696,2016,Lionsgate
4518,Flirting with Disaster,14702438,1996,
4519,Kickboxer,14697005,1989,
4520,Iron Monkey,14694904,2001,
4521,City of Joy,14683921,1992,
4522,The Case for Christ,14682684,2017,Pure Flix Entertainment
4523,Arthur 2: On the Rocks,14681192,1988,
4524,Room,14677654,2015,A24
4525,It Follows,14674076,2015,RADiUS-TWC
4526,The Greek Tycoon,14672713,1978,
4527,The Secret of NIMH,14665733,1982,
4528,The Nude Bomb,14662035,1980,
4529,Educating Rita,14648076,1983,
4530,Clue,14643997,1985,
4531,Beyond the Lights,14618727,2014,Relativity Media
4532,My Week with Marilyn,14600347,2011,The Weinstein Company
4533,Soldier,14594226,1998,
4534,The Girl Next Door,14589444,2004,
4535,Flight of the Intruder,14587732,1991,
4536,The 355,14570455,2022,Universal Pictures
4537,Children of the Corn,14568989,1984,
4538,Hellraiser,14564027,1987,
4539,To the Arctic 3D,14560838,2012,Warner Bros.
4540,Wild at Heart,14560247,1990,
4541,Death on the Nile,14560084,1978,
4542,The Chamber,14551359,1996,
4543,School Daze,14545844,1988,
4544,The Vanishing,14543394,1993,
4545,Everyone's Hero,14523101,2006,
4546,Excess Baggage,14515490,1997,
4547,"Oh, God! Book II",14504277,1980,
4548,Maximum Risk,14502483,1996,
4549,A Fistful of Dollars,14500000,1967,
4550,Paint Your Wagon,14500000,1969,
4551,Rich and Famous,14492125,1981,
4552,Big Eyes,14482031,2014,The Weinstein Company
4553,Psycho III,14481606,1986,
4554,In Love and War,14481231,1996,
4555,Welcome to Mooseport,14470947,2004,
4556,Stillwater,14465535,2021,Focus Features
4557,Shaun of the Dead,14461359,2004,
4558,Life or Something Like It,14448589,2002,
4559,"Hello, My Name Is Doris",14444999,2016,Roadside Attractions
4560,America: Imagine the World Without Her,14444502,2014,Lionsgate
4561,American Ultra,14440985,2015,Lionsgate
4562,The Edge of Seventeen,14431633,2016,STX Entertainment
4563,Hollywoodland,14426251,2006,
4564,Night of the Comet,14418922,1984,
4565,Snow Falling on Cedars,14417593,1999,
4566,Tea with Mussolini,14401563,1999,
4567,Halloween III: Season of the Witch,14400000,1982,
4568,Woodlawn,14394097,2015,Pure Flix Entertainment
4569,Remo: Unarmed and Dangerous,14393902,1985,
4570,Godsend,14379751,2004,
4571,Dark City,14378331,1998,
4572,Awake,14377198,2007,
4573,Ishtar,14375181,1987,
4574,The Buddy Holly Story,14363400,1978,
4575,Capitalism: A Love Story,14363397,2009,
4576,Memoirs of an Invisible Man,14358033,1992,
4577,Rapid Fire,14356479,1992,
4578,Friday the 13th Part VIII: Jason Takes Manhattan,14343976,1989,
4579,Lockout,14326864,2012,FilmDistrict
4580,Ballistic: Ecks vs. Sever,14307963,2002,
4581,The Mosquito Coast,14302779,1986,
4582,Wish Upon,14301505,2017,Broad Green Pictures
4583,Supergirl,14296438,1984,
4584,The Competition,14287755,1980,
4585,The Wizard,14278900,1989,
4586,The Messenger: The Story of Joan of Arc,14276317,1999,
4587,Josie and the Pussycats,14271015,2001,
4588,The Ice Pirates,14255801,1984,
4589,Freddy Got Fingered,14254993,2001,
4590,Amelia,14246488,2009,
4591,The Return of the Living Dead,14237880,1985,
4592,Supernova,14230455,2000,
4593,Scanners,14225876,1981,
4594,Alex & Emma,14218698,2003,
4595,Sweet Liberty,14205021,1986,
4596,A Chorus Line,14202899,1985,
4597,How to Deal,14195227,2003,
4598,Disaster Movie,14190901,2008,
4599,Soul Plane,14190750,2004,
4600,Prince of Darkness,14182492,1987,
4601,Honest Thief,14163574,2020,Open Road Films (II)
4602,Dirty Dancing: Havana Nights,14161590,2004,
4603,Wholly Moses!,14155617,1980,
4604,Ernest Scared Stupid,14143280,1991,
4605,Spring Breakers,14124284,2013,A24
4606,The Emperor's Club,14118751,2002,
4607,Poltergeist III,14114488,1988,
4608,Cool World,14110589,1992,
4609,Dragonslayer,14110013,1981,
4610,Tomboy,14100000,1985,
4611,Diner,14099953,1982,
4612,Les Misérables,14096321,1998,
4613,Nuremberg,14094983,2025,Sony Pictures Classics
4614,New York Minute,14071441,2004,
4615,The Arrival,14063331,1996,
4616,The Perfect Weapon,14061361,1991,
4617,FairyTale: A True Story,14059077,1997,
4618,The Beastmaster,14056528,1982,
4619,Blues Brothers 2000,14051384,1998,
4620,RBG,14051361,2018,Magnolia Pictures
4621,Private School,14049540,1983,
4622,Stealing Harvard,14036406,2002,
4623,Virus,14036005,1999,
4624,Left Behind,14019924,2014,Freestyle Releasing
4625,The Good Girl,14018296,2002,
4626,Love & Friendship,14016568,2016,Roadside Attractions
4627,In Too Deep,14011454,1999,
4628,What's Your Number?,14011084,2011,Twentieth Century Fox
4629,How to Be a Player,14009368,1997,
4630,Whiplash,14003391,2014,Sony Pictures Classics
4631,On a Clear Day You Can See Forever,14000000,1970,
4632,Missing,14000000,1982,
4633,The Survivors,14000000,1983,
4634,Creepshow 2,14000000,1987,
4635,Stand and Deliver,13994920,1988,
4636,Lord of the Flies,13985225,1990,
4637,It Comes at Night,13985117,2017,A24
4638,Follow That Bird,13961370,1985,
4639,Jackie,13960394,2016,Fox Searchlight Pictures
4640,Candyman: Farewell to the Flesh,13940383,1995,
4641,Hot Rod,13938332,2007,
4642,Firehouse Dog,13932383,2007,
4643,Dumb Money,13925356,2023,Sony Pictures Releasing
4644,Out Cold,13906394,2001,
4645,The Deep End of the Ocean,13898649,1999,
4646,Monsoon Wedding,13885966,2002,
4647,Drop Dead Fred,13878334,1991,
4648,Born in China,13873211,2017,Walt Disney Studios Motion Pictures
4649,Cirque du Freak: The Vampire's Assistant,13869515,2009,
4650,My Stepmother Is an Alien,13854000,1988,
4651,The Duchess,13848978,2008,
4652,One Day,13843771,2011,Focus Features
4653,Y tu mamá también,13839658,2002,
4654,Hamburger Hill,13839404,1987,
4655,The Milagro Beanfield War,13825794,1988,
4656,Fly Me to the Moon 3D,13816982,2008,
4657,Desperate Measures,13806137,1998,
4658,Repo Men,13794835,2010,Universal Pictures
4659,Sin City: A Dame to Kill For,13757804,2014,Dimension Films
4660,Letters from Iwo Jima,13756082,2006,
4661,Hit and Run,13749300,2012,Open Road Films (II)
4662,Broken Flowers,13744960,2005,
4663,Great Balls of Fire!,13741060,1989,
4664,The Tailor of Panama,13729742,2001,
4665,Hey Arnold! The Movie,13728902,2002,
4666,Christmas with the Chosen: The Messengers,13728000,2021,Fathom Events
4667,Labyrinth,13723253,1986,
4668,The Man Who Knew Too Little,13717039,1997,
4669,The Wings of the Dove,13692848,1997,
4670,Return to Snowy River,13687027,1988,
4671,Crank: High Voltage,13684249,2009,
4672,Nixon,13681765,1995,
4673,One Magic Christmas,13677222,1985,
4674,Juwanna Mann,13670733,2002,
4675,The Pagemaster,13670688,1994,
4676,Vice Versa,13664060,1988,
4677,Warrior,13657115,2011,Lionsgate
4678,Burnt,13651946,2015,The Weinstein Company
4679,Haunted Castle,13651656,2001,
4680,Crooklyn,13642861,1994,
4681,The Last Voyage of the Demeter,13637180,2023,Universal Pictures
4682,Poms,13631124,2019,STX Entertainment
4683,The Ladies Man,13616610,2000,
4684,The Crush,13609396,1993,
4685,Trial and Error,13602831,1997,
4686,Osmosis Jones,13596911,2001,
4687,Hush,13583690,1998,
4688,The Little Vampire,13572400,2000,
4689,The Namesake,13569248,2007,
4690,Envy,13562325,2004,
4691,The Haunting of Molly Hartley,13559812,2008,
4692,Tomcats,13558739,2001,
4693,Eighth Grade,13539709,2018,A24
4694,The Gate,13539458,1987,
4695,Africa's Elephant Kingdom,13485455,1998,
4696,De-Lovely,13456633,2004,
4697,They Live,13447978,1988,
4698,The Grifters,13446769,1990,
4699,One Crazy Summer,13431806,1986,
4700,Bio-Dome,13427615,1996,
4701,Extremities,13418091,1986,
4702,Secrets & Lies,13417292,1996,
4703,Dredd,13414714,2012,Lionsgate
4704,Megan Leavey,13406883,2017,Bleecker Street Media
4705,A Kid in King Arthur's Court,13406717,1995,
4706,Solarmax,13400161,2000,
4707,Alfie,13399812,2004,
4708,One Night with the King,13395961,2006,
4709,Malignant,13391791,2021,Warner Bros.
4710,Bullets Over Broadway,13383747,1994,
4711,Labor Day,13371528,2014,Paramount Pictures
4712,Friends with Money,13368437,2006,
4713,Ghost Town,13367624,2008,
4714,Mr. Saturday Night,13351357,1992,
4715,The Comebacks,13349927,2007,
4716,American Outlaws,13342790,2001,
4717,Ghosts of Mississippi,13323144,1996,
4718,Sugar & Spice,13305101,2001,
4719,My Hero Academia: Heroes Rising,13304000,2020,FUNimation Entertainment
4720,The Tree of Life,13303319,2011,Fox Searchlight Pictures
4721,Getting Straight,13300000,1970,
4722,The Adventures of Milo and Otis,13299749,1989,
4723,Lord of Illusions,13294422,1995,
4724,The Pick-up Artist,13290368,1987,
4725,Chaos Walking,13287908,2021,Lionsgate
4726,Glass Onion,13280000,2022,Netflix
4727,The Entity,13277558,1983,
4728,Body of Evidence,13273595,1993,
4729,Class Act,13272113,1992,
4730,The Mod Squad,13263993,1999,
4731,Case 39,13261851,2010,Paramount Vantage
4732,Visiting Hours,13258670,1982,
4733,Feardotcom,13258249,2002,
4734,Roller Boogie,13253715,1979,
4735,Vice Squad,13253583,1982,
4736,Trespass,13249535,1992,
4737,Crazy People,13236513,1990,
4738,Inside Llewyn Davis,13235319,2013,CBS Films
4739,Daddy Day Camp,13235267,2007,
4740,Enchanted April,13200170,1992,
4741,Revenge of the Ninja,13168027,1983,
4742,Critters,13167232,1986,
4743,Greedy,13137484,1994,
4744,Rosewood,13130349,1997,
4745,Jason X,13121555,2002,
4746,Dr. T & the Women,13113041,2000,
4747,Author! Author!,13111101,1982,
4748,Back to the Beach,13110903,1987,
4749,Frailty,13110448,2002,
4750,The Rum Diary,13109815,2011,FilmDistrict
4751,Playing for Keeps,13103272,2012,FilmDistrict
4752,The Evil That Men Do,13102025,1984,
4753,Hillary's America: The Secret History of the Democratic Party,13099931,2016,Pure Flix / Quality Flix
4754,Flyboys,13090630,2006,
4755,American Me,13086430,1992,
4756,Cat's Eye,13086298,1985,
4757,25th Hour,13084595,2002,
4758,Clockers,13071518,1995,
4759,The Big Fix,13062708,1978,
4760,Whip It,13043363,2009,
4761,Angela's Ashes,13042112,1999,
4762,How to Eat Fried Worms,13040527,2006,
4763,House of Sand and Fog,13040288,2003,
4764,To Be or Not to Be,13030214,1983,
4765,I'm Gonna Git You Sucka,13030057,1988,
4766,The Great Train Robbery,13027857,1979,
4767,The Crew,13023075,2000,
4768,The Concorde... Airport '79,13015688,1979,
4769,Easter Sunday,13013690,2022,Universal Pictures
4770,Religulous,13011160,2008,
4771,Wicker Park,13001257,2004,
4772,Stroker Ace,13000000,1983,
4773,Pushpa: The Rule - Part 2,13000000,2024,AA Films
4774,Vision Quest,12993175,1985,
4775,The Quiet American,12988801,2002,
4776,Do You Believe?,12985600,2015,Pure Flix Entertainment
4777,The Pirates Who Don't Do Anything: A VeggieTales Movie,12981269,2008,
4778,Man's Best Friend,12974636,1993,
4779,Real Genius,12952019,1985,
4780,Black Dog,12951088,1998,
4781,April Fool's Day,12947763,1986,
4782,Perfect,12918858,1985,
4783,Living Out Loud,12905901,1998,
4784,Volver,12899867,2006,
4785,Death of a Unicorn,12899252,2025,A24
4786,Joy Ride,12897789,2023,Lionsgate
4787,A Far Off Place,12890752,1993,
4788,Gods and Generals,12882934,2003,
4789,Senseless,12874899,1998,
4790,True Confessions,12850276,1981,
4791,The Associate,12844057,1996,
4792,The Honeymooners,12843849,2005,
4793,They,12840842,2002,
4794,The Last Married Couple in America,12835544,1980,
4795,Mr. Wrong,12825141,1996,
4796,Anna Karenina,12816367,2012,Focus Features
4797,Highlander: Endgame,12811858,2000,
4798,Shoot 'Em Up,12807139,2007,
4799,Marvin's Room,12803305,1996,
4800,Rachel Getting Married,12796841,2008,
4801,Beasts of the Southern Wild,12795746,2012,Fox Searchlight Pictures
4802,Mystic Pizza,12793213,1988,
4803,The Founder,12786053,2017,The Weinstein Company
4804,I Heart Huckabees,12785432,2004,
4805,One Piece Film: Red,12775324,2022,Crunchyroll
4806,The Evening Star,12767815,1996,
4807,Undisputed,12764657,2002,
4808,Silent House,12754783,2012,Open Road Films (II)
4809,Weekend at Bernie's II,12741891,1993,
4810,Atlantic City,12729675,1981,
4811,Mr. Nice Guy,12716953,1998,
4812,The New World,12712093,2005,
4813,Carol,12711491,2015,The Weinstein Company
4814,D.O.A.,12706478,1988,
4815,The Darkest Minds,12695691,2018,Twentieth Century Fox
4816,News of the World,12668325,2020,Universal Pictures
4817,Bon Cop Bad Cop,12665721,2006,
4818,The Spitfire Grill,12658486,1996,
4819,The Bedroom Window,12640385,1987,
4820,Triple 9,12639297,2016,Open Road Films (II)
4821,Battle of the Sexes,12638526,2017,Fox Searchlight Pictures
4822,Everybody's All-American,12638294,1988,
4823,House of 1000 Corpses,12634962,2003,
4824,Bad Influence,12626043,1990,
4825,The Legend of the Lone Ranger,12617845,1981,
4826,The Omega Code,12614346,1999,
4827,Brahms: The Boy II,12611536,2020,STX Entertainment
4828,Winter's Tale,12600231,2014,Warner Bros.
4829,The Matador,12594698,2005,
4830,Under the Same Moon,12590147,2008,
4831,An Education,12574914,2009,
4832,Idlewild,12571185,2006,
4833,Bloodshot,12561824,2020,Sony Pictures Releasing
4834,Love & Mercy,12551031,2015,Roadside Attractions
4835,I Think I Love My Wife,12550605,2007,
4836,The Light Between Oceans,12545979,2016,Walt Disney Studios Motion Pictures
4837,Hellraiser III: Hell on Earth,12534961,1992,
4838,Amityville II: The Possession,12534817,1982,
4839,Gattaca,12532777,1997,
4840,Compromising Positions,12531831,1985,
4841,Judgment Night,12526677,1993,
4842,Freedomland,12512886,2006,
4843,Cirque du Soleil: Worlds Away,12512862,2012,Paramount Pictures
4844,Black Mask,12504289,1999,
4845,Evening,12492481,2007,
4846,French Connection II,12484444,1975,
4847,The Weather Man,12482775,2005,
4848,First Monday in October,12480249,1981,
4849,Love Jones,12479335,1997,
4850,Extreme,12475172,1999,
4851,Why Do Fools Fall in Love,12461773,1998,
4852,The Marrying Man,12454768,1991,
4853,Vanishing Point,12442673,1971,
4854,Life with Mikey,12440858,1993,
4855,People Like Us,12434778,2012,Walt Disney Studios Motion Pictures
4856,Strange Magic,12429583,2015,Walt Disney Studios Motion Pictures
4857,The Fourth Protocol,12423831,1987,
4858,Irreconcilable Differences,12414210,1984,
4859,Lone Star,12408986,1996,
4860,Monsignor,12408066,1982,
4861,Cinema Paradiso,12397210,1990,
4862,Less Than Zero,12396383,1987,
4863,Ready to Rumble,12394327,2000,
4864,His Only Son,12392740,2023,Angel
4865,Dangal,12391761,2016,UTV Motion Pictures
4866,The Postman Always Rings Twice,12376625,1981,
4867,A Shot in the Dark,12368234,1964,
4868,Silver Bullet,12361866,1985,
4869,Escape from the Planet of the Apes,12348905,1971,
4870,Undercover Blues,12324660,1993,
4871,Three Identical Strangers,12320845,2018,Neon
4872,Hot Tub Time Machine 2,12314651,2015,Paramount Pictures
4873,Miss Pettigrew Lives for a Day,12313694,2008,
4874,Am I Racist?,12311598,2024,SDG Releasing
4875,Club Paradise,12308521,1986,
4876,No Mercy,12303904,1986,
4877,Enemy Mine,12303411,1985,
4878,Highlander: The Final Dimension,12303080,1995,
4879,A Stranger Among Us,12282994,1992,
4880,True Romance,12281551,1993,
4881,Self/less,12279691,2015,Focus Features
4882,Casual Sex?,12277096,1988,
4883,My Hero Academia: World Heroes' Mission,12271658,2021,FUNimation Entertainment
4884,Little Big League,12267790,1994,
4885,Breakin' All the Rules,12264319,2004,
4886,Confidence,12251640,2003,
4887,Before I Fall,12241122,2017,Open Road Films (II)
4888,Here,12237270,2024,Sony Pictures Releasing
4889,Far from the Madding Crowd,12236500,2015,Fox Searchlight Pictures
4890,12 Rounds,12234694,2009,
4891,Lone Wolf McQuade,12232628,1983,
4892,The 33,12227722,2015,Warner Bros.
4893,Bonhoeffer,12222383,2024,Angel
4894,Barney's Great Adventure,12218638,1998,
4895,I'll Be Home for Christmas,12214338,1998,
4896,Hideaway,12201255,1995,
4897,Family Business,12195695,1989,
4898,Chasing Liberty,12195626,2004,
4899,The Kitchen,12180032,2019,Warner Bros.
4900,Saving Grace,12178602,2000,
4901,Dreamscape,12145169,1984,
4902,Pink Cadillac,12143484,1989,
4903,After,12138565,2019,Aviron Pictures
4904,Let Me In,12134935,2010,Overture Films
4905,The Shift,12118219,2023,Angel
4906,Roommates,12096881,1995,
4907,Bye Bye Love,12096673,1995,
4908,Foxcatcher,12096300,2014,Sony Pictures Classics
4909,Hellbound: Hellraiser II,12090735,1988,
4910,About My Father,12089391,2023,Lionsgate
4911,Soul Men,12082391,2008,
4912,Holy Man,12069719,1998,
4913,Extraordinary Measures,12068313,2010,CBS Films
4914,She's Out of Control,12065892,1989,
4915,Sunshine Cleaning,12062558,2009,
4916,The Last Stand,12050299,2013,Lionsgate
4917,The Black Stallion Returns,12049108,1983,
4918,Fatal Beauty,12046526,1987,
4919,The Protector,12044087,2006,
4920,Bottoms,12036071,2023,Orion Pictures
4921,Chasing Amy,12021272,1997,
4922,In Dreams,12017369,1999,
4923,The Gift,12008642,2000,
4924,Big Night,12008376,1996,
4925,The Sword in the Stone,12000000,1983,
4926,Blow Out,12000000,1981,
4927,The King and I,11993021,1999,
4928,Zoom,11989328,2006,
4929,Phantasm,11988469,1979,
4930,Upgrade,11977130,2018,BH Tilt
4931,End of the Spear,11967000,2006,
4932,Sorority Row,11965282,2009,
4933,"Roman J. Israel, Esq.",11962778,2017,Sony Pictures Releasing
4934,Brighton Beach Memoirs,11957943,1986,
4935,Firewalker,11949484,1986,
4936,Deathstalker,11919250,1983,
4937,The Thirteenth Floor,11916661,1999,
4938,The Darjeeling Limited,11902715,2007,
4939,Blinded by the Light,11901145,2019,Warner Bros.
4940,Making Love,11897978,1982,
4941,Sydney White,11892415,2007,
4942,Glee: The 3D Concert Movie,11862398,2011,Twentieth Century Fox
4943,Padmaavat,11846060,2018,Viva Pictures
4944,Sliding Doors,11841544,1998,
4945,Tales from the Hood,11837928,1995,
4946,Alaska,11829959,1996,
4947,The Cookout,11814019,2004,
4948,Back Roads,11809387,1981,
4949,Bloodsport,11806119,1988,
4950,Meet Dave,11803254,2008,
4951,3 Ninjas Kick Back,11798854,1994,
4952,Zelig,11798616,1983,
4953,Caddyshack II,11798302,1988,
4954,The Lords of Discipline,11787127,1983,
4955,X,11769469,2022,A24
4956,Strictly Ballroom,11738022,1993,
4957,Dave Chappelle's Block Party,11718595,2006,
4958,Knockaround Guys,11715637,2002,
4959,Used Cars,11715321,1980,
4960,Up the Creek,11708269,1984,
4961,Princess Mononoke,11696687,1999,
4962,Winged Migration,11689053,2002,
4963,Fifty Shades of Black,11686940,2016,Open Road Films (II)
4964,The Adventures of Elmo in Grouchland,11683047,1999,
4965,Gone,11682205,2012,Lionsgate
4966,Sarah's Oil,11675627,2025,Amazon MGM Studios
4967,Girl with a Pearl Earring,11670971,2003,
4968,Surviving Christmas,11663156,2004,
4969,Rock-A-Doodle,11657385,1992,
4970,Sound of Hope: The Story of Possum Trot,11647099,2024,Angel
4971,Far from Home: The Adventures of Yellow Dog,11642946,1995,
4972,Halloween 5: The Revenge of Michael Myers,11642254,1989,
4973,Bros,11628165,2022,Universal Pictures
4974,The Muse,11614954,1999,
4975,The Last Kiss,11614790,2006,
4976,The Promise,11606005,1979,
4977,Gross Anatomy,11604598,1989,
4978,Lifeforce,11603545,1985,
4979,So I Married an Axe Murderer,11585483,1993,
4980,Graveyard Shift,11582891,1990,
4981,Wing Commander,11578059,1999,
4982,Get Over It,11576464,2001,
4983,Henry & June,11567449,1990,
4984,Police Academy 6: City Under Siege,11567217,1989,
4985,The Other Side of the Mountain: Part II,11565678,1978,
4986,Drunken Master II,11555430,2000,
4987,Pump Up the Volume,11541758,1990,
4988,Boys Don't Cry,11540607,1999,
4989,Turbulence,11538235,1997,
4990,The Conspirator,11538204,2011,Roadside Attractions
4991,The Longshots,11537046,2008,
4992,Young Einstein,11536599,1989,
4993,Super Size Me,11536423,2004,
4994,Fair Game,11534477,1995,
4995,Just One of the Guys,11528900,1985,
4996,No Manches Frida,11528613,2016,Pantelion Films
4997,Mulholland Falls,11526099,1996,
4998,Shattered,11511031,1991,
4999,Army of Darkness,11502976,1993,
5000,The Words,11494838,2012,CBS Films
5001,Thief,11492915,1981,
5002,The River,11489982,1984,
5003,Das Boot,11487676,1982,
5004,The Beautician and the Beast,11486880,1997,
5005,After Death,11478326,2023,Angel
5006,Something New,11468568,2006,
5007,Material Girls,11449638,2006,
5008,Bodies Bodies Bodies,11446602,2022,A24
5009,Moon Over Parador,11444204,1988,
5010,The Ref,11439193,1994,
5011,Double Team,11438337,1997,
5012,The Shipping News,11434216,2001,
5013,Saltburn,11425829,2023,Amazon MGM Studios
5014,The Powerpuff Girls Movie,11412414,2002,
5015,The Smashing Machine,11411388,2025,A24
5016,Cops and Robbersons,11391093,1994,
5017,Jennifer 8,11390479,1992,
5018,The Seduction,11378339,1982,
5019,Thumbelina,11373501,1994,
5020,Unforgettable,11368012,2017,Warner Bros.
5021,The Legacy,11364985,1979,
5022,Opportunity Knocks,11359129,1990,
5023,Balto,11348324,1995,
5024,Nightmare Alley,11338107,2021,Searchlight Pictures
5025,Career Opportunities,11336986,1991,
5026,Past Lives,11331983,2023,A24
5027,Manhattan Murder Mystery,11330911,1993,
5028,Out of the Furnace,11330849,2013,Relativity Media
5029,Antitrust,11328094,2001,
5030,Extreme Prejudice,11307844,1987,
5031,Casanova,11304403,2005,
5032,Tank,11302884,1984,
5033,Ready to Wear,11300653,1994,
5034,Who's the Man?,11299730,1993,
5035,The Lives of Others,11286112,2007,
5036,The Old Man & the Gun,11277120,2018,Fox Searchlight Pictures
5037,One Good Cop,11276846,1991,
5038,Brotherhood of the Wolf,11274610,2002,
5039,Lords of Dogtown,11273517,2005,
5040,Island of Lemurs: Madagascar,11272213,2014,Warner Bros.
5041,Chill Factor,11263966,1999,
5042,CyberWorld,11253900,2000,
5043,Bobby,11242801,2006,
5044,Jane Eyre,11242660,2011,Focus Features
5045,The Smurfs and the Magic Flute,11234220,1983,
5046,"The Adventures of Priscilla, Queen of the Desert",11220670,1994,
5047,Q&A,11207891,1990,
5048,Deep Rising,11203026,1998,
5049,Be Kind Rewind,11175164,2008,
5050,For Love or Money,11146270,1993,
5051,Return to Oz,11137801,1985,
5052,Dark Waters,11136084,2019,Focus Features
5053,2 Days in the Valley,11132210,1996,
5054,Falling in Love,11129057,1984,
5055,V.I. Warshawski,11128309,1991,
5056,Whispers in the Dark,11124511,1992,
5057,The Danish Girl,11114018,2015,Focus Features
5058,Hard to Hold,11113806,1984,
5059,Hell Fest,11107431,2018,Lionsgate
5060,Café Society,11103205,2016,Lionsgate
5061,Big Trouble in Little China,11100000,1986,
5062,Michael Collins,11092559,1996,
5063,Mad Dog and Glory,11081586,1993,
5064,My Family,11079373,1995,
5065,Wild Orchid,11060485,1990,
5066,In the Land of Women,11052958,2007,
5067,Krush Groove,11052713,1985,
5068,House of Flying Daggers,11050094,2004,
5069,Mrs. Henderson Presents,11036366,2005,
5070,The Wild Life,11020375,1984,
5071,Doomsday,11008770,2008,
5072,The Couch Trip,11005304,1988,
5073,The Astronaut Farmer,11003643,2007,
5074,The Young Victoria,11001272,2009,
5075,The Super,11000863,1991,
5076,Hang 'Em High,11000000,1968,
5077,"Give 'em Hell, Harry!",11000000,1975,
5078,The Last Flight of Noah's Ark,11000000,1980,
5079,The Mirror Crack'd,11000000,1980,
5080,Adrenaline Rush: The Science of Risk,10994028,2002,
5081,Who's Harry Crumb?,10982364,1989,
5082,Dragon Wars: D-War,10977721,2007,
5083,The Man Who Loved Women,10964740,1983,
5084,Moment by Moment,10963824,1978,
5085,Terrifier 2,10962499,2022,Cinedigm Entertainment Group
5086,Nuns on the Run,10959015,1990,
5087,What the #$*! Do We (K)now!?,10942306,2004,
5088,Pride and Prejudice and Zombies,10938134,2016,Screen Gems
5089,Suzume,10932037,2023,Crunchyroll
5090,Leave It to Beaver,10925060,1997,
5091,Cookie's Fortune,10920544,1999,
5092,Stop-Loss,10915744,2008,
5093,The Englishman Who Went Up a Hill But Came Down a Mountain,10904930,1995,
5094,Dead Man Down,10895295,2013,FilmDistrict
5095,The Pink Panther,10878107,1964,
5096,Narrow Margin,10873237,1990,
5097,The Lighthouse,10867104,2019,A24
5098,The Last Duel,10853945,2021,20th Century Studios
5099,Victory,10853418,1981,
5100,Rollover,10851261,1981,
5101,The End of the Affair,10827816,1999,
5102,Office Space,10827810,1999,
5103,Extract,10823158,2009,
5104,Moving,10815378,1988,
5105,Gotcha!,10806919,1985,
5106,Dracula: Dead and Loving It,10772144,1995,
5107,Gettysburg,10769960,1993,
5108,Welcome to Marwen,10763520,2018,Universal Pictures
5109,New York Stories,10763469,1989,
5110,Missing in Action 2: The Beginning,10755447,1985,
5111,The Darkness,10753574,2016,BH Tilt
5112,Stay Tuned,10736401,1992,
5113,Abandon,10727683,2002,
5114,Belle,10726630,2014,Fox Searchlight Pictures
5115,Glengarry Glen Ross,10725228,1992,
5116,The Drop,10724389,2014,Fox Searchlight Pictures
5117,Drive Angry,10721033,2011,Summit Entertainment
5118,The Beguiled,10709995,2017,Focus Features
5119,The Fiendish Plot of Dr. Fu Manchu,10697276,1980,
5120,RoboCop 3,10696210,1993,
5121,Impractical Jokers: The Movie,10691091,2020,truTV
5122,Deconstructing Harry,10686841,1997,
5123,Fear and Loathing in Las Vegas,10680275,1998,
5124,Hercules,10676194,1983,
5125,The Astronaut's Wife,10672566,1999,
5126,Universal Soldier: The Return,10667893,1999,
5127,The Gunman,10664749,2015,Open Road Films (II)
5128,Nocturnal Animals,10663357,2016,Focus Features
5129,Island of the Sharks,10658505,1999,
5130,Two If by Sea,10658278,1996,
5131,The Package,10647219,1989,
5132,The Purple Rose of Cairo,10631333,1985,
5133,Moving Violations,10627754,1985,
5134,Wolfen,10626725,1981,
5135,Antlers,10619670,2021,Searchlight Pictures
5136,PK,10616104,2014,UTV Motion Pictures
5137,The Dark Half,10611160,1993,
5138,After Hours,10609321,1985,
5139,The House on Sorority Row,10604986,1983,
5140,Broadway Danny Rose,10600497,1984,
5141,Play Misty for Me,10600000,1971,
5142,Beautiful Girls,10597759,1996,
5143,Primeval,10597734,2007,
5144,The Banshees of Inisherin,10582266,2022,Searchlight Pictures
5145,Not Easily Broken,10572742,2009,
5146,Drop Dead Gorgeous,10571408,1999,
5147,Three to Tango,10570375,1999,
5148,Husbands and Wives,10555619,1992,
5149,We're No Angels,10555348,1989,
5150,Jonah Hex,10547117,2010,Warner Bros.
5151,Mad City,10541523,1997,
5152,Magic in the Moonlight,10539326,2014,Sony Pictures Classics
5153,Greta,10532219,2019,Focus Features
5154,Where the Boys Are,10530000,1984,
5155,Scoop,10525717,2006,
5156,Here on Earth,10522168,2000,
5157,Sabotage,10508518,2014,Open Road Films (II)
5158,Getaway,10501938,2013,Warner Bros.
5159,American Ninja,10499694,1985,
5160,Iron Eagle II,10497324,1988,
5161,Home Fries,10493366,1998,
5162,Silent Rage,10490791,1982,
5163,Light of Day,10489617,1987,
5164,Come Play,10475990,2020,Focus Features
5165,Camp Nowhere,10475705,1994,
5166,Narc,10465659,2002,
5167,The Machine,10458331,2023,Sony Pictures Releasing
5168,The Newton Boys,10452012,1998,
5169,A Rage in Harlem,10438504,1991,
5170,Thief of Hearts,10435015,1984,
5171,Mrs. Harris Goes to Paris,10433915,2022,Focus Features
5172,Interiors,10432366,1978,
5173,Black Christmas,10429730,2019,Universal Pictures
5174,Moms' Night Out,10429707,2014,TriStar Pictures
5175,The Brothers McMullen,10426506,1995,
5176,I'll Do Anything,10424645,1994,
5177,Head Over Heels,10424470,2001,
5178,Savannah Smiles,10413170,1982,
5179,Raise Your Voice,10411980,2004,
5180,Roving Mars,10407978,2006,
5181,Armour of God 2: Operation Condor,10405394,1997,
5182,Fiddler on the Roof,10404330,1971,
5183,Becoming Led Zeppelin,10403353,2025,Sony Pictures Classics
5184,The Perfect Score,10391003,2004,
5185,Stardust Memories,10389003,1980,
5186,The Scarlet Letter,10382407,1995,
5187,Live by Night,10378555,2016,
5188,Doctor Detroit,10375893,1983,
5189,Deal of the Century,10369581,1983,
5190,U2 3D,10363341,2008,
5191,The Witches,10360553,1990,
5192,The Man with Two Brains,10353438,1983,
5193,Howl's Moving Castle,10352604,2005,
5194,Disorderlies,10348437,1987,
5195,Look Who's Talking Now,10340263,1993,
5196,Pandorum,10330853,2009,
5197,Straw Dogs,10324441,2011,Screen Gems
5198,Knock Off,10319915,1998,
5199,I Got the Hook Up,10317779,1998,
5200,Cry Macho,10310734,2021,Warner Bros.
5201,Stop Making Sense,10306902,1984,
5202,Never Let Go,10306106,2024,Lionsgate
5203,La Vie En Rose,10301706,2007,
5204,Better Off Dead,10297601,1985,
5205,White Squall,10292300,1996,
5206,Shopgirl,10284523,2005,
5207,The Year of Living Dangerously,10278575,1983,
5208,Someone to Watch Over Me,10278549,1987,
5209,Whiteout,10275638,2009,
5210,The Boondock Saints II: All Saints Day,10273188,2009,
5211,Santa vs. the Snowman 3D,10259134,2002,
5212,Kinsey,10254979,2004,
5213,House of the Dead,10249719,2003,
5214,Pathfinder,10232081,2007,
5215,The Miracle Season,10230620,2018,LD Entertainment
5216,Air Bud: Golden Receiver,10224116,1998,
5217,In the Mix,10223896,2005,
5218,Eddington,10223277,2025,A24
5219,Unfinished Business,10219501,2015,Twentieth Century Fox
5220,Brainstorm,10219460,1983,
5221,The Best of Enemies,10205616,2019,STX Entertainment
5222,Sorority Boys,10200032,2002,
5223,The Intouchables,10198820,2012,The Weinstein Company
5224,Martin Lawrence: You So Crazy,10184701,1994,
5225,Win Win,10179275,2011,Fox Searchlight Pictures
5226,Lost in America,10179000,1985,
5227,Facing the Giants,10178331,2006,
5228,Lovesick,10171304,1983,
5229,Domino,10169202,2005,
5230,The Great Raid,10167373,2005,
5231,The Belko Experiment,10166820,2017,BH Tilt
5232,Cyborg,10166459,1989,
5233,Sunset Park,10163782,1996,
5234,Henry V,10161099,1989,
5235,Bats,10155690,1999,
5236,The Fountain,10144010,2006,
5237,Hoodwinked Too! Hood vs. Evil,10143779,2011,The Weinstein Company
5238,The Walk,10137502,2015,TriStar Pictures
5239,Prom,10130219,2011,Walt Disney Studios Motion Pictures
5240,Swimming Pool,10130108,2003,
5241,Entry,10128645,2025,
5242,House of Cards,10128645,2025,
5243,Last Night in Soho,10127625,2021,Focus Features
5244,A Family Thing,10125417,1996,
5245,Demon Slayer: Kimetsu No Yaiba - To the Swordsmith Village,10117806,2023,Crunchyroll
5246,Brokedown Palace,10115013,1999,
5247,Possession,10113733,2002,
5248,Buddy,10113400,1997,
5249,The Wash,10097538,2001,
5250,The Girl with the Dragon Tattoo,10095170,2010,Music Box Films
5251,Under the Cherry Moon,10090429,1986,
5252,Pulse: A Stomp Odyssey,10086514,2002,
5253,Mrs. Winterbourne,10082005,1996,
5254,Shakedown,10068039,1988,
5255,Boiling Point,10058318,1993,
5256,Emma.,10055355,2020,Focus Features
5257,Class Reunion,10054150,1982,
5258,Marshall,10051659,2017,Open Road Films (II)
5259,Cry Wolf,10047674,2005,
5260,Lucky Numbers,10042516,2000,
5261,Godzilla 2000,10037390,2000,
5262,What's Eating Gilbert Grape,10032765,1993,
5263,Next Day Air,10027047,2009,
5264,Dirty Work,10023282,1998,
5265,The Lady in the Van,10021175,2015,
5266,Hope and Glory,10021120,1987,
5267,The Red Violin,10019109,1998,
5268,Cutthroat Island,10017322,1995,
5269,A Little Princess,10015449,1995,
5270,Penelope,10011996,2008,
5271,Bratz,10010209,2007,
5272,The Unbearable Lightness of Being,10006806,1988,
5273,The Two Jakes,10005969,1990,
5274,Terror in the Aisles,10004817,1984,
5275,Rental Family,10004014,2025,Searchlight Pictures
5276,Late Night with the Devil,10001000,2024,IFC Films
5277,The Hollywood Knights,10000000,1980,
5278,Once Bitten,10000000,1985,
5279,Nashville,9984123,1975,
5280,Lassie,9979683,1994,
5281,Criminal Law,9974446,1989,
5282,Dudley Do-Right,9974410,1999,
5283,Murphy's Law,9947631,1986,
5284,Brazil,9929135,1985,
5285,Immortal Beloved,9914409,1994,
5286,Straight Time,9900000,1978,
5287,Very Bad Things,9898412,1998,
5288,The Onion Field,9890597,1979,
5289,Night Falls on Manhattan,9889670,1997,
5290,Miami Blues,9888167,1990,
5291,Explorers,9873044,1985,
5292,Dunston Checks In,9871065,1996,
5293,Serial,9870727,1980,
5294,Maid to Order,9868521,1987,
5295,I Still Believe,9868521,2020,Lionsgate
5296,Jade,9851610,1995,
5297,Seducing Doctor Lewis,9844180,2003,
5298,3 Strikes,9832166,2000,
5299,Hanky Panky,9823934,1982,
5300,"He Said, She Said",9804775,1991,
5301,Bad Dreams,9797098,1988,
5302,The Express,9793406,2008,
5303,Lisa Frankenstein,9774285,2024,Focus Features
5304,The Swan Princess,9771658,1994,
5305,Everyone Says I Love You,9759200,1996,
5306,Piece by Piece,9756635,2024,Focus Features
5307,The Hidden,9747988,1987,
5308,Amos & Andrew,9745803,1993,
5309,Firestarter,9739250,2022,Universal Pictures
5310,Rendition,9736045,2007,
5311,Cloak and Dagger,9719952,1984,
5312,Somewhere in Time,9709597,1980,
5313,Flesh and Bone,9709451,1993,
5314,The Journey of Natty Gann,9708373,1985,
5315,Blue Valentine,9706328,2010,
5316,SpaceCamp,9697739,1986,
5317,Duplex,9692135,2003,
5318,The Butcher's Wife,9689816,1991,
5319,S1m0ne,9688676,2002,
5320,The Baby-Sitters Club,9685976,1995,
5321,The Perfect Match,9669521,2016,Lionsgate
5322,I Don't Know How She Does It,9662284,2011,The Weinstein Company
5323,Hotel Mumbai,9651611,2019,Bleecker Street Media
5324,Country,9640000,1984,
5325,Belly,9639390,1998,
5326,Popstar: Never Stop Never Stopping,9639125,2016,Universal Pictures
5327,Without a Trace,9632062,1983,
5328,Digimon: The Movie,9631153,2000,
5329,Wrongfully Accused,9623329,1998,
5330,Shall We Dance?,9619222,1997,
5331,The Wife,9601092,2018,Sony Pictures Classics
5332,The Spanish Prisoner,9593903,1998,
5333,Blacklight,9591094,2022,Briarcliff Entertainment
5334,See How They Run,9586237,2022,Walt Disney Studios Motion Pictures
5335,Comes a Horseman,9585769,1978,
5336,Carbon Copy,9566593,1981,
5337,Scenes from a Mall,9563393,1991,
5338,Midnight Sun,9561064,2018,Global Road Entertainment
5339,Fair Game,9540691,2010,Summit Entertainment
5340,She's the One,9538948,1996,
5341,Thank You for Your Service,9536300,2017,Universal Pictures
5342,Death Sentence,9534258,2007,
5343,Matinee,9532895,1993,
5344,From the Hip,9518342,1987,
5345,Saturday Night,9511315,2024,Sony Pictures Releasing
5346,Smart People,9511289,2008,
5347,Chaplin,9493259,1992,
5348,Bullet to the Head,9489829,2013,Warner Bros.
5349,Guilty by Suspicion,9480198,1991,
5350,Away We Go,9451946,2009,
5351,The Visitor,9443451,2008,
5352,Dr. Strangelove or: How I Learned to Stop Worrying and Love the Bomb,9440272,1964,
5353,Once,9439923,2007,
5354,Sleepover,9436390,2004,
5355,Pearl,9423445,2022,A24
5356,Rock Dog,9420546,2017,Lionsgate
5357,Village of the Damned,9418365,1995,
5358,You Can Count on Me,9416804,2000,
5359,Fun Size,9409538,2012,Paramount Pictures
5360,Angie,9398308,1994,
5361,Black Snake Moan,9396870,2007,
5362,Fierce Creatures,9381260,1997,
5363,Tully,9369755,2018,Focus Features
5364,Tuff Turf,9369329,1985,
5365,Dragonball Evolution,9362785,2009,
5366,Let Him Go,9358025,2020,Focus Features
5367,Talk to Her,9357911,2002,
5368,The Frisco Kid,9346177,1979,
5369,Hellraiser: Bloodline,9336886,1996,
5370,We're Back! A Dinosaur's Story,9317021,1993,
5371,Bobby Deerfield,9300000,1977,
5372,Lost in Yonkers,9285189,1993,
5373,Motherless Brooklyn,9277736,2019,Warner Bros.
5374,The Crow,9275659,2024,Lionsgate
5375,No Manches Frida 2,9270920,2019,Pantelion Films
5376,Ringmaster,9257103,1998,
5377,Celtic Pride,9255027,1996,
5378,Hardcore Henry,9252038,2016,STX Entertainment
5379,Belfast,9250870,2021,Focus Features
5380,Dark Blue,9250301,2003,
5381,Havana,9243140,1990,
5382,Mrs. Brown,9229808,1997,
5383,A Serious Man,9228768,2009,
5384,Gladiator,9223441,1992,
5385,Superbabies: Baby Geniuses 2,9219388,2004,
5386,Shoot the Moon,9217530,1982,
5387,Redeeming Love,9214020,2022,Universal Pictures
5388,Everybody's Fine,9208876,2009,
5389,Bernie,9206470,2012,Millennium Entertainment
5390,Return of the Living Dead II,9205924,1988,
5391,"Where'd You Go, Bernadette",9198356,2019,United Artists Releasing
5392,Bad Boys,9190819,1983,
5393,Body Parts,9188150,1991,
5394,Traffik,9186156,2018,Lionsgate
5395,The Four Horsemen of the Apocalypse,9183673,1921,
5396,Peeples,9177065,2013,Lionsgate
5397,Get Low,9176933,2010,Sony Pictures Classics
5398,A Mighty Heart,9176787,2007,
5399,A Single Man,9176000,2009,
5400,Pennies from Heaven,9171289,1981,
5401,Ulee's Gold,9161691,1997,
5402,The Lord of the Rings: The War of the Rohirrim,9158572,2024,Warner Bros.
5403,Stone Cold,9151887,1991,
5404,Switching Channels,9129999,1988,
5405,Tap,9114702,1989,
5406,Meet the Blacks,9097072,2016,Freestyle Releasing
5407,Warlock,9094451,1991,
5408,Sweet Dreams,9085049,1985,
5409,The Divorce,9081057,2003,
5410,Huevos: Little Rooster's Egg-cellent Adventure,9080818,2015,Lionsgate
5411,A Midsummer Night's Sex Comedy,9077269,1982,
5412,The Lobster,9077245,2016,
5413,Trail of the Pink Panther,9056073,1982,
5414,First Daughter,9055921,2004,
5415,Salmon Fishing in the Yemen,9047981,2012,CBS Films
5416,The Boy in the Striped Pajamas,9046156,2008,
5417,Conquest of the Planet of the Apes,9043472,1972,
5418,Hamnet,9041295,2025,Focus Features
5419,Apollo 11,9039891,2019,Neon
5420,Freaky,9030855,2020,Universal Pictures
5421,Target,9023199,1985,
5422,Trippin',9017070,1999,
5423,The Ice Harvest,9016782,2005,
5424,Transamerica,9015303,2005,
5425,Renegades,9015164,1989,
5426,White Sands,9011574,1992,
5427,House Party,9002247,2023,Warner Bros.
5428,Thelma,9002073,2024,Magnolia Pictures
5429,Till,9000202,2022,United Artists Releasing
5430,Saturn 3,9000000,1980,
5431,Tribute,9000000,1980,
5432,Deadly Friend,8988731,1986,
5433,Aliens of the Deep,8968684,2005,
5434,Alien Adventure,8959784,1999,
5435,Teaching Mrs. Tingle,8951935,1999,
5436,Saved!,8940582,2004,
5437,Salaar,8929282,2023,-
5438,In the Mouth of Madness,8924549,1995,
5439,Bolero,8914881,1984,
5440,The Next Karate Kid,8914777,1994,
5441,Late for Dinner,8906823,1991,
5442,The Formula,8894289,1980,
5443,Salsa,8892589,1988,
5444,"Mystery, Alaska",8891623,1999,
5445,Battle of the Year,8888355,2013,Screen Gems
5446,The Inkwell,8880705,1994,
5447,White Fang 2: Myth of the White Wolf,8878839,1994,
5448,The Day the Earth Blew Up: A Looney Tunes Movie,8875344,2025,Ketchup Entertainment
5449,Queen of Katwe,8874389,2016,Walt Disney Studios Motion Pictures
5450,Unfriended: Dark Web,8866745,2018,BH Tilt
5451,Apt Pupil,8863193,1998,
5452,Nightbreed,8862354,1990,
5453,Battle for the Planet of the Apes,8844595,1973,
5454,Movie 43,8840453,2013,Relativity Media
5455,The Deep End,8823109,2001,
5456,Ratchet & Clank,8821329,2016,Focus Features
5457,Can You Ever Forgive Me?,8803865,2018,Fox Searchlight Pictures
5458,Body Double,8801940,1984,
5459,Scandal,8800000,1989,
5460,Before and After,8797839,1996,
5461,The Seeker: The Dark Is Rising,8794452,2007,
5462,Oxford Blues,8793152,1984,
5463,The Five Heartbeats,8750400,1991,
5464,Mad Max,8750000,1980,
5465,Whatever It Takes,8745680,2000,
5466,True Believer,8742750,1989,
5467,Street Fighter: The Legend of Chun-Li,8742261,2009,
5468,Suspect Zero,8725813,2004,
5469,Ghosts of Mars,8709640,2001,
5470,Radical,8702731,2023,Pantelion Films
5471,If You Could See What I Hear,8693512,1982,
5472,Mischief,8692426,1985,
5473,Clean and Sober,8674093,1988,
5474,Once Upon a Crime...,8669847,1992,
5475,Bingo,8667684,1991,
5476,My Life in Ruins,8665206,2009,
5477,The Zone of Interest,8659464,2023,
5478,The Puppet Masters,8647042,1994,
5479,The Man with One Red Shoe,8645411,1985,
5480,That Was Then... This Is Now,8630068,1985,
5481,Secret Admirer,8622757,1985,
5482,Manhunter,8620929,1986,
5483,All Dogs Go to Heaven 2,8620678,1996,
5484,The Bounty,8613462,1984,
5485,U2: Rattle and Hum,8600823,1988,
5486,Boat Trip,8600126,2003,
5487,Pollock,8598593,2000,
5488,An Unfinished Life,8586392,2005,
5489,Death at a Funeral,8580428,2007,
5490,The Lost City of Z,8580410,2017,Bleecker Street Media
5491,High Spirits,8578231,1988,
5492,Strange Brew,8571374,1983,
5493,Dhurandhar,8570000,2025,Moviegoers Entertainment
5494,Leprechaun,8556940,1993,
5495,Blue Velvet,8551228,1986,
5496,Serenity,8547045,2019,Aviron Pictures
5497,The Barbarian Invasions,8544975,2003,
5498,The Rich Man's Wife,8543587,1996,
5499,Care Bears Movie II: A New Generation,8540346,1986,
5500,Without a Clue,8539181,1988,
5501,Ski Patrol,8533973,1990,
5502,Battle Creek Brawl,8527743,1980,
5503,MacGruber,8525600,2010,Universal Pictures
5504,The Quiet Ones,8509867,2014,Lionsgate
5505,Troop Beverly Hills,8508843,1989,
5506,Stick,8489518,1985,
5507,Nothing But Trouble,8479793,1991,
5508,Wise Guys,8475466,1986,
5509,Legends of Oz: Dorothy's Return,8462347,2014,Clarius Entertainment
5510,Tender Mercies,8443124,1983,
5511,Bebe's Kids,8442162,1992,
5512,Play It to the Bone,8434146,1999,
5513,1984,8430492,1984,
5514,The Awakening,8415112,1980,
5515,Amy,8413144,2015,A24
5516,Pushing Tin,8408835,1999,
5517,Dr. Giggles,8403433,1992,
5518,Sex Drive,8402485,2008,
5519,Twice in a Lifetime,8402424,1985,
5520,Meteor,8400000,1979,
5521,Something Wicked This Way Comes,8400000,1983,
5522,The Importance of Being Earnest,8384929,2002,
5523,The Last Temptation of Christ,8373585,1988,
5524,Smoke,8367636,1995,
5525,Death to Smoochy,8364691,2002,
5526,Turbo: A Power Rangers Movie,8363899,1997,
5527,Something Wild,8362969,1986,
5528,Twin Dragons,8359717,1999,
5529,Mr. Jones,8345845,1993,
5530,My Life as a Dog,8345266,1987,
5531,A Simple Wish,8345056,1997,
5532,A Real Pain,8344978,2024,Searchlight Pictures
5533,All About My Mother,8344738,1999,
5534,Return to Paradise,8341087,1998,
5535,Love Lies Bleeding,8335797,2024,A24
5536,Tenacious D in the Pick of Destiny,8334575,2006,
5537,The Man,8330720,2005,
5538,Lipstick,8328666,1976,
5539,Mandela: Long Walk to Freedom,8323085,2013,The Weinstein Company
5540,Larger Than Life,8315693,1996,
5541,Johnny English Reborn,8305970,2011,Universal Pictures
5542,The Love Letter,8302478,1999,
5543,Shadow of the Vampire,8293784,2000,
5544,The Cooler,8291572,2003,
5545,Reckless,8289916,1984,
5546,Downhill,8287061,2020,Searchlight Pictures
5547,Three Thousand Years of Longing,8286741,2022,United Artists Releasing
5548,The Fish That Saved Pittsburgh,8281246,1979,
5549,Deadly Blessing,8279042,1981,
5550,Early Man,8267544,2018,Lionsgate
5551,Cry-Baby,8266343,1990,
5552,Satisfaction,8253123,1988,
5553,Christopher Columbus: The Discovery,8251071,1992,
5554,Dazed and Confused,8249404,1993,
5555,The Blob,8247943,1988,
5556,Tall Tale,8247627,1995,
5557,The Many Saints of Newark,8237403,2021,Warner Bros.
5558,The Promise,8224288,2017,Open Road Films (II)
5559,Bloodline,8218695,1979,
5560,Blue Steel,8217997,1990,
5561,Black Robe,8211952,1991,
5562,Whose Life Is It Anyway?,8206145,1981,
5563,Lucas,8200000,1986,
5564,Cadillac Records,8195551,2008,
5565,Bajrangi Bhaijaan,8178001,2015,Eros Worldwide
5566,Beau Is Afraid,8176562,2023,A24
5567,Nick of Time,8175346,1995,
5568,Firestorm,8165212,1998,
5569,Cheetah,8153677,1989,
5570,DeepStar Six,8143225,1989,
5571,Funny About Love,8141292,1990,
5572,Code Name: The Cleaner,8135024,2007,
5573,Delta Farce,8130530,2007,
5574,Sketch,8129808,2025,Angel
5575,Dead Bang,8125592,1989,
5576,Prince of the City,8124257,1981,
5577,Mad Hot Ballroom,8117961,2005,
5578,Hoot,8117637,2006,
5579,The Road,8117000,2009,
5580,Before Midnight,8114627,2013,Sony Pictures Classics
5581,Dirty Pretty Things,8112414,2003,
5582,Inherent Vice,8110975,2014,
5583,Spy x Family Code: White,8110042,2024,Crunchyroll
5584,A Cure for Wellness,8106986,2017,Twentieth Century Fox
5585,The Philadelphia Experiment,8103330,1984,
5586,Fresh,8094616,1994,
5587,BTS: Yet to Come in Cinemas,8093270,2023,Trafalgar Releasing
5588,The Fire Inside,8093190,2024,Amazon MGM Studios
5589,The Shootist,8091910,1976,
5590,Streets of Fire,8089290,1984,
5591,Connie and Carla,8085771,2004,
5592,The Adventures of Baron Munchausen,8083123,1989,
5593,My Giant,8072007,1998,
5594,Bella,8070537,2007,
5595,Woo,8064972,1998,
5596,The Painted Veil,8060487,2006,
5597,Weathering with You,8056636,2020,GKIDS
5598,Punisher: War Zone,8050977,2008,
5599,The Death of Stalin,8047856,2018,IFC Films
5600,Aspen Extreme,8041049,1993,
5601,Dead Ringers,8038508,1988,
5602,The Ice Storm,8038061,1997,
5603,Haunted Honeymoon,8033397,1986,
5604,Dhoom 3,8031955,2013,Yash Raj Films
5605,The Texas Chainsaw Massacre 2,8025872,1986,
5606,Jerusalem,8020721,2013,
5607,The Boat That Rocked,8017917,2009,
5608,The Meteor Man,8016708,1993,
5609,Silent Night,8012103,2023,Lionsgate
5610,Dragon Ball Z: Resurrection 'F',8008363,2015,FUNimation Entertainment
5611,The Great White Hype,8008255,1996,
5612,Machete Kills,8008161,2013,Open Road Films (II)
5613,Blackhat,8005980,2015,Universal Pictures
5614,The Wild Life,8005586,2016,Lionsgate
5615,Night Crossing,8000000,1982,
5616,The Pirate Movie,7983086,1982,
5617,Strange Days,7959291,1995,
5618,Blankman,7941977,1994,
5619,A Thousand Acres,7936780,1997,
5620,American Hot Wax,7932571,1978,
5621,Unstrung Heroes,7929434,1995,
5622,The Chase,7924955,1994,
5623,Bushwhacked,7919823,1995,
5624,Arbitrage,7919574,2012,Roadside Attractions
5625,Miracle at St. Anna,7919117,2008,
5626,The Brink's Job,7909950,1978,
5627,Sanju,7909317,2018,FIP
5628,Just the Way You Are,7889694,1984,
5629,Teen Wolf Too,7888703,1987,
5630,The Funhouse,7886857,1981,
5631,The Space Between Us,7885294,2017,STX Entertainment
5632,City of Ember,7873007,2008,
5633,Vertigo,7863310,1958,
5634,Trumbo,7857741,2015,Bleecker Street Media
5635,D.A.R.Y.L.,7840873,1985,
5636,Fatal Instinct,7839327,1993,
5637,Brahmastra Part One: Shiva,7839108,2022,Walt Disney Studios Motion Pictures
5638,The Night Listener,7836393,2006,
5639,Bones and All,7834907,2022,United Artists Releasing
5640,Hoop Dreams,7830611,1994,
5641,The Little Drummer Girl,7828841,1984,
5642,Dead Calm,7825009,1989,
5643,Serial Mom,7820688,1994,
5644,Slither,7802450,2006,
5645,In Bruges,7800824,2008,
5646,House II: The Second Story,7800000,1987,
5647,Vampire Academy,7791979,2014,The Weinstein Company
5648,The Best of Times,7790931,1986,
5649,If Looks Could Kill,7788597,1991,
5650,Bad Words,7779614,2014,Focus Features
5651,Sirens,7770731,1994,
5652,"Enemies, A Love Story",7754571,1989,
5653,Loving,7751969,2016,Focus Features
5654,The Return,7749851,2006,
5655,Anna,7743794,2019,Lionsgate
5656,The Beast Within,7742572,1982,
5657,Being Julia,7739049,2004,
5658,Unsane,7732899,2018,Bleecker Street Media
5659,Surviving the Game,7727256,1994,
5660,"The Cook, the Thief, His Wife & Her Lover",7724701,1990,
5661,Disorganized Crime,7723506,1989,
5662,A New Life,7721852,1988,
5663,Expelled: No Intelligence Allowed,7720487,2008,
5664,Tupac: Resurrection,7718961,2003,
5665,Dolphins and Whales 3D: Tribes of the Ocean,7714996,2008,
5666,The Collector,7712114,2009,
5667,Kevin Hart: Laugh at My Pain,7706436,2011,Codeblack Entertainment
5668,Penguins,7699452,2019,Walt Disney Studios Motion Pictures
5669,Mr. & Mrs. Bridge,7698010,1990,
5670,Mortdecai,7696134,2015,Lionsgate
5671,Sarah's Key,7693187,2011,The Weinstein Company
5672,The Imaginarium of Doctor Parnassus,7689607,2009,
5673,Runaway Train,7683620,1985,
5674,Strictly Business,7683267,1991,
5675,The Hill,7665865,2023,Briarcliff Entertainment
5676,He-Man and She-Ra: The Secret of the Sword,7660857,1985,
5677,The Order,7660806,2003,
5678,Journey to the South Pacific,7653913,2013,
5679,Fatso,7653061,1980,
5680,The Prisoner of Zenda,7650600,1979,
5681,Beautiful Boy,7649973,2018,Amazon Studios
5682,Run Lola Run,7647184,1999,
5683,The Girl Who Played with Fire,7638241,2010,Music Box Films
5684,Quicksilver,7634909,1986,
5685,Megalopolis,7629085,2024,Lionsgate
5686,Ninja III: The Domination,7610785,1984,
5687,Losing Isaiah,7603766,1995,
5688,Promised Land,7597898,2012,
5689,Men,7587853,2022,A24
5690,While We're Young,7587485,2015,A24
5691,Sprung,7575028,1997,
5692,Pandas,7574012,2018,Warner Bros.
5693,Krippendorf's Tribe,7571115,1998,
5694,City of God,7564459,2003,
5695,Hackers,7563728,1995,
5696,Over Her Dead Body,7563670,2008,
5697,Into the Night,7562164,1985,
5698,The Jerky Boys,7557877,1995,
5699,El cantante,7556712,2007,
5700,Wanted: Dead or Alive,7555000,1987,
5701,Proof,7535331,2005,
5702,Damage,7532911,1992,
5703,The Curse of the Jade Scorpion,7517191,2001,
5704,The Amazing Panda Adventure,7506759,1995,
5705,The Man Who Wasn't There,7504257,2001,
5706,Nothing Like the Holidays,7503736,2008,
5707,Martian Child,7500310,2007,
5708,Chitty Chitty Bang Bang,7500000,1968,
5709,The Sugarland Express,7500000,1974,
5710,Agatha,7500000,1979,
5711,How to Beat the High Cost of Living,7500000,1980,
5712,How to Become a Detective,7500000,1980,
5713,I Know Who Killed Me,7498716,2007,
5714,The Trip to Bountiful,7491903,1985,
5715,It Runs in the Family,7491839,2003,
5716,Foxes,7470348,1980,
5717,Cyrus,7468936,2010,Fox Searchlight Pictures
5718,Stealing Home,7467504,1988,
5719,Taking Woodstock,7460204,2009,
5720,Dunki,7460159,2023,Yash Raj Films USA Inc.
5721,A Good Year,7459300,2006,
5722,I'll See You in My Dreams,7449681,2015,Bleecker Street Media
5723,Soul on Fire,7448606,2025,Affirm Films
5724,The Protégé,7446823,2021,Lionsgate
5725,Doogal,7438000,2006,
5726,Goin' South,7435671,1978,
5727,Harley Davidson and the Marlboro Man,7434726,1991,
5728,Maximum Overdrive,7433663,1986,
5729,Kids,7412216,1995,
5730,Clifford,7408745,1994,
5731,Those Who Wish Me Dead,7407200,2021,Warner Bros.
5732,Tex,7400000,1982,
5733,Ironweed,7393346,1987,
5734,Paranoia,7388654,2013,Relativity Media
5735,The Squid and the Whale,7372734,2005,
5736,The Condemned,7371706,2007,
5737,Witchboard,7369373,1986,
5738,Mid90s,7362439,2018,A24
5739,Clean Slate,7355425,1994,
5740,The Crucible,7343114,1996,
5741,Iceman,7343032,1984,
5742,Wild America,7342923,1997,
5743,Mississippi Masala,7332515,1992,
5744,Alice,7331647,1990,
5745,Memory,7329043,2022,Open Road Films (II)
5746,King of the Gypsies,7325177,1978,
5747,Babies,7320323,2010,Focus Features
5748,Bones,7316658,2001,
5749,Sarafina!,7306242,1992,
5750,Homecoming,7306045,2022,
5751,Two by Two,7306045,2022,
5752,Who's That Girl,7305209,1987,
5753,Outside Providence,7302522,1999,
5754,Wild Hearts Can't Be Broken,7294835,1991,
5755,Eat Drink Man Woman,7294403,1994,
5756,The Forsaken,7288451,2001,
5757,Lorenzo's Oil,7286388,1993,
5758,Phantasm II,7282851,1988,
5759,She's So Lovely,7281450,1997,
5760,Big Trouble,7267307,2002,
5761,Barcelona,7266973,1994,
5762,Searching for Bobby Fischer,7266383,1993,
5763,Sisu,7265622,2023,Lionsgate
5764,Buddy Buddy,7258543,1981,
5765,Clown in a Cornfield,7251799,2025,RLJ Entertainment
5766,Women on the Verge of a Nervous Breakdown,7251740,1988,
5767,Friends with Kids,7251073,2012,Roadside Attractions
5768,B*A*P*S,7246735,1997,
5769,Off Limits,7242035,1988,
5770,Rush,7241350,1991,
5771,The Missionary,7241180,1982,
5772,Fall,7240521,2022,Lionsgate
5773,Johnny Handsome,7237794,1989,
5774,Let There Be Light,7233471,2017,Atlas Distribution Company
5775,Zeus and Roxanne,7233324,1997,
5776,Force 10 from Navarone,7230000,1978,
5777,Gold,7227038,2017,The Weinstein Company
5778,All the King's Men,7221458,2006,
5779,Mulholland Drive,7220243,2001,
5780,Sight,7206741,2024,Angel
5781,The Big Red One,7206220,1980,
5782,The Big Year,7204138,2011,Twentieth Century Fox
5783,Transylvania 6-5000,7196872,1985,
5784,Encounter in the Third Dimension,7195792,1999,
5785,The Green Inferno,7192291,2015,BH Tilt
5786,American Dreamz,7191830,2006,
5787,1492: Conquest of Paradise,7191399,1992,
5788,Brittany Runs a Marathon,7189808,2019,Amazon Studios
5789,Paradise Alley,7185518,1978,
5790,North,7182747,1994,
5791,The Boy Who Could Fly,7177431,1986,
5792,10 to Midnight,7175592,1983,
5793,The Hoax,7164995,2007,
5794,The Orphanage,7161284,2007,
5795,The Name of the Rose,7153487,1986,
5796,Dear God,7138523,1996,
5797,She's Gotta Have It,7137502,1986,
5798,I Am Not Your Negro,7123919,2017,Magnolia Pictures
5799,Hardbodies,7121719,1984,
5800,Beatriz at Dinner,7115854,2017,Roadside Attractions
5801,The Night House,7100581,2021,Searchlight Pictures
5802,Silence,7100177,2016,
5803,Where Eagles Dare,7100000,1969,
5804,A Separation,7099055,2011,
5805,The Bad News Bears Go to Japan,7092495,1978,
5806,Spencer,7086632,2021,Neon
5807,Before the Devil Knows You're Dead,7084227,2007,
5808,Seeking a Friend for the End of the World,7078738,2012,Focus Features
5809,Trapped,7073251,2002,
5810,Haikyu!! The Dumpster Battle,7071622,2024,Crunchyroll
5811,How She Move,7070641,2008,
5812,Quills,7065332,2000,
5813,The Stunt Man,7063886,1980,
5814,Phat Girlz,7061128,2006,
5815,Pride,7057600,2007,
5816,Alphabet City,7035585,1984,
5817,House Arrest,7032782,1996,
5818,Star Kid,7029025,1998,
5819,Turistas,7027762,2006,
5820,Three Wishes,7027517,1995,
5821,Screwed,7027345,2000,
5822,BASEketball,7027290,1998,
5823,Bug,7025810,2007,
5824,Kissing Jessica Stein,7025722,2002,
5825,Last of the Dogmen,7024389,1995,
5826,Running with Scissors,7022827,2006,
5827,Hiding Out,7019441,1987,
5828,Black Nativity,7018189,2013,Fox Searchlight Pictures
5829,An American Carol,7013191,2008,
5830,Crossover,7009668,2006,
5831,International Velvet,7009238,1978,
5832,The Triplets of Belleville,7007149,2003,
5833,Our Brand Is Crisis,7002261,2015,Warner Bros.
5834,Buena Vista Social Club,7002182,1999,
5835,Cat People,7000000,1982,
5836,Fearless,6995302,1993,
5837,Relentless,6985999,1989,
5838,Children of the Corn II: The Final Sacrifice,6980986,1993,
5839,Grandma,6980524,2015,Sony Pictures Classics
5840,Trial by Jury,6971777,1994,
5841,I Ought to Be in Pictures,6968359,1982,
5842,Shag,6957975,1989,
5843,La Cage aux Folles II,6950125,1981,
5844,Suburban Commando,6948859,1991,
5845,Red Sonja,6948633,1985,
5846,Blue City,6947787,1986,
5847,Sexy Beast,6946056,2001,
5848,State and Main,6944471,2000,
5849,Almost an Angel,6939946,1990,
5850,Retribution,6937696,2023,Roadside Attractions
5851,The Wedding Banquet,6933459,1993,
5852,Take Me Home Tonight,6928068,2011,Relativity Media
5853,A Cry in the Dark,6908797,1988,
5854,Birth of the Dragon,6901965,2017,BH Tilt
5855,Shut In,6900335,2016,EuropaCorp
5856,Presence,6900044,2025,Neon
5857,The Amateur,6892098,1982,
5858,Willard,6886089,2003,
5859,Redline,6881022,2007,
5860,Thunderbirds,6880917,2004,
5861,Death Wish 4: The Crackdown,6880310,1987,
5862,Woman Thou Art Loosed,6879730,2004,
5863,The Brothers Grimsby,6874837,2016,Sony Pictures Releasing
5864,Cedar Rapids,6861102,2011,Fox Searchlight Pictures
5865,Never Talk to Strangers,6858261,1995,
5866,Romantic Comedy,6857733,1983,
5867,Running Scared,6855137,2006,
5868,The Spectacular Now,6854611,2013,A24
5869,200 Cigarettes,6852450,1999,
5870,The Collection,6842058,2012,LD Entertainment
5871,Exit to Eden,6841570,1994,
5872,BTS Permission to Dance on Stage - Seoul: Live Viewing,6840000,2022,Trafalgar Releasing
5873,The Pope of Greenwich Village,6836201,1984,
5874,Moonlight Mile,6835856,2002,
5875,Panther,6834525,1995,
5876,Mixed Nuts,6821850,1994,
5877,Journey to Bethlehem,6820796,2023,Affirm Films
5878,Dog Days,6809080,2018,LD Entertainment
5879,The Chipmunk Adventure,6804312,1987,
5880,Trick or Treat,6797218,1986,
5881,Boy Erased,6788692,2018,Focus Features
5882,Fanny and Alexander,6783304,1983,
5883,Conviction,6783129,2010,
5884,In the Valley of Elah,6777741,2007,
5885,Tár,6773650,2022,Focus Features
5886,Runaway,6770587,1984,
5887,Ladies in Lavender,6765081,2005,
5888,Me and Earl and the Dying Girl,6758416,2015,Fox Searchlight Pictures
5889,Caught Up,6754958,1998,
5890,The Young Black Stallion,6751389,2003,
5891,Séraphin: Heart of Stone,6749187,2002,
5892,Smoke Signals,6745362,1998,
5893,The Mambo Kings,6742168,1992,
5894,Amour,6739492,2012,
5895,Fortress,6739141,1993,
5896,Baahubali: The Beginning,6738000,2015,Blue Sky Cinema
5897,9½ Weeks,6735922,1986,
5898,Loving Vincent,6735118,2017,Good Deed Entertainment
5899,Afraid,6725687,2024,Sony Pictures Releasing
5900,Town & Country,6719973,2001,
5901,American History X,6719864,1998,
5902,Next Goal Wins,6713826,2023,Searchlight Pictures
5903,The Life of Chuck,6712600,2025,Neon
5904,Hotel Artemis,6708147,2018,Global Road Entertainment
5905,Roger & Me,6706368,1989,
5906,The Snowman,6700035,2017,Universal Pictures
5907,Delta Force 2: The Colombian Connection,6698361,1990,
5908,U Turn,6682098,1997,
5909,The Closet,6678894,2001,
5910,Hairspray,6671108,1988,
5911,A Big Bold Beautiful Journey,6671082,2025,Sony Pictures Releasing
5912,City Island,6671036,2010,Anchor Bay Films
5913,Nightmares,6670680,1983,
5914,Six Weeks,6668025,1982,
5915,The Golden Seal,6666725,1983,
5916,Forced Vengeance,6660333,1982,
5917,Where the Buffalo Roam,6659377,1980,
5918,I Dreamed of Africa,6651522,2000,
5919,Swing Shift,6650206,1984,
5920,Fresh Horses,6640346,1988,
5921,Black Moon Rising,6637565,1986,
5922,Femme Fatale,6630252,2002,
5923,Good Boy,6624062,2025,IFC Films
5924,The Savages,6623082,2007,
5925,The Gong Show Movie,6621520,1980,
5926,The Last Station,6617867,2010,Sony Pictures Classics
5927,The Courier,6613432,2021,Roadside Attractions
5928,The Hunted,6609661,1995,
5929,Best of the Best II,6608687,1993,
5930,Bride & Prejudice,6605592,2005,
5931,The Grandmaster,6594959,2013,The Weinstein Company
5932,Millions,6584159,2005,
5933,Once Upon a Forest,6582052,1993,
5934,Strange Wilderness,6575282,2008,
5935,I.S.S.,6573799,2024,Bleecker Street Media
5936,Curse of the Golden Flower,6566773,2006,
5937,Here Come the Littles,6565359,1985,
5938,The Last Supper,6564857,2025,-
5939,The Dead Don't Die,6563605,2019,Focus Features
5940,The Road to Wellville,6562513,1994,
5941,Bajirao Mastani,6557047,2015,Eros Worldwide
5942,Lost & Found,6552255,1999,
5943,The Razor's Edge,6551987,1984,
5944,Jexi,6546159,2019,Lionsgate
5945,A Journal for Jordan,6545174,2021,Sony Pictures Releasing
5946,3 Idiots,6532874,2009,
5947,The Rules of Attraction,6532619,2002,
5948,Winter's Bone,6531503,2010,Roadside Attractions
5949,Maria Full of Grace,6529624,2004,
5950,Warriors of Virtue,6524620,1997,
5951,A Very Long Engagement,6524389,2004,
5952,Blue Collar,6521083,1978,
5953,A-X-L,6501381,2018,Global Road Entertainment
5954,Operation Fortune: Ruse de Guerre,6496125,2023,Lionsgate
5955,Switchback,6492660,1997,
5956,Teacher's Pet,6491969,2004,
5957,The Young Messiah,6490401,2016,Focus Features
5958,The Big Bounce,6489476,2004,
5959,Flashback,6488114,1990,
5960,The Osterman Weekend,6486797,1983,
5961,Little Boy,6485961,2015,Open Road Films (II)
5962,The Real McCoy,6484246,1993,
5963,Star 80,6472990,1983,
5964,Mighty Aphrodite,6468498,1995,
5965,...All the Marbles,6468195,1981,
5966,Promising Young Woman,6460965,2020,Focus Features
5967,The Last Unicorn,6455330,1982,
5968,Gods and Monsters,6451628,1998,
5969,The Unbreakable Boy,6443813,2025,Lionsgate
5970,Hot to Trot,6436211,1988,
5971,Brideshead Revisited,6432256,2008,
5972,Run the Race,6424420,2019,Roadside Attractions
5973,Mac and Me,6424112,1988,
5974,Same Kind of Different as Me,6423605,2017,Pure Flix Entertainment
5975,The Temp,6419876,1993,
5976,Waiting for Superman,6417135,2010,Paramount Vantage
5977,Defenseless,6413375,1991,
5978,The Rocker,6409528,2008,
5979,Just Between Friends,6408791,1986,
5980,Six Degrees of Separation,6405918,1993,
5981,My Own Private Idaho,6401336,1991,
5982,Eyewitness,6400000,1981,
5983,Most Wanted,6391946,1997,
5984,The Secret in Their Eyes,6391436,2010,Sony Pictures Classics
5985,Cantinflas,6382924,2014,Lionsgate
5986,Post Grad,6380019,2009,
5987,The Aristocrats,6377461,2005,
5988,Hyde Park on Hudson,6376145,2012,
5989,Article 99,6375979,1992,
5990,It's Kind of a Funny Story,6363628,2010,Focus Features
5991,Fahrenheit 11/9,6352306,2018,Briarcliff Entertainment
5992,The Sting II,6347072,1983,
5993,Motel Hell,6342668,1980,
5994,The Unholy,6337299,1988,
5995,Marcel the Shell with Shoes On,6333702,2022,A24
5996,Amityville 3-D,6333135,1983,
5997,Affliction,6330054,1998,
5998,Joe Kidd,6330000,1972,
5999,The Soldier,6328816,1982,
6000,Girls Just Want to Have Fun,6326051,1985,
6001,Little Miss Marker,6321392,1980,
6002,Beyond the Sea,6318709,2004,
6003,Fatale,6306897,2020,Lionsgate
6004,Southside with You,6304223,2016,Roadside Attractions
6005,The Jacket,6303762,2005,
6006,Lowriders,6303560,2017,BH Tilt
6007,What Planet Are You From?,6291602,2000,
6008,The Gods Must Be Crazy II,6291444,1990,
6009,One Night at McCool's,6290673,2001,
6010,Impostor,6285176,2002,
6011,Rambling Rose,6266621,1991,
6012,The House of the Spirits,6265311,1994,
6013,A Night in the Life of Jimmy Reardon,6264058,1988,
6014,Music Box,6263883,1989,
6015,All Is Lost,6263670,2013,Roadside Attractions
6016,Dick,6262878,1999,
6017,The Adventures of Buckaroo Banzai Across the 8th Dimension,6254148,1984,
6018,Mambo Italiano,6253026,2003,
6019,Firstborn,6250994,1984,
6020,Widows' Peak,6243722,1994,
6021,I'm Still Here,6233517,2025,Sony Pictures Classics
6022,Love Again,6230837,2023,Screen Gems
6023,Ghost World,6217849,2001,
6024,Cuckoo,6217733,2024,Neon
6025,Unbroken: Path to Redemption,6216897,2018,Pure Flix Entertainment
6026,Oh Heavenly Dog,6216067,1980,
6027,Topsy-Turvy,6208548,1999,
6028,Justin Bieber's Believe,6206566,2013,Open Road Films (II)
6029,The Straight Story,6203044,1999,
6030,Night and the City,6202756,1992,
6031,Croupier,6201143,2000,
6032,Sultan,6200000,2016,Yash Raj Films
6033,Rabbit-Proof Fence,6199600,2002,
6034,Braddock: Missing in Action III,6193901,1988,
6035,Nowhere in Africa,6180200,2003,
6036,Back to Black,6178165,2024,Focus Features
6037,Tell No One,6177192,2008,
6038,Americathon,6171763,1979,
6039,Maudie,6170998,2017,Sony Pictures Classics
6040,Mystery Date,6166819,1991,
6041,The Secret of Roan Inish,6159269,1995,
6042,UHF,6157157,1989,
6043,Barton Fink,6153939,1991,
6044,Chained Heat,6149983,1983,
6045,Plenty,6148000,1985,
6046,Almost Heroes,6136856,1998,
6047,Folks!,6132924,1992,
6048,The Book of Clarence,6132813,2024,Sony Pictures Releasing
6049,Chasing Papi,6130049,2003,
6050,The Border,6118683,1982,
6051,The Hurricane Heist,6115825,2018,Entertainment Studios Motion Pictures
6052,Coco Before Chanel,6113834,2009,
6053,Kull: The Conqueror,6112613,1997,
6054,Short Cuts,6110979,1993,
6055,Evil Under the Sun,6110000,1982,
6056,The Interview,6105175,2014,Sony Pictures Releasing
6057,The Alto Knights,6103664,2025,Warner Bros.
6058,Every Day,6102076,2018,Orion Pictures
6059,Sea Rex 3D: Journey to a Prehistoric World,6096582,2010,
6060,Rustlers' Rhapsody,6090497,1985,
6061,Grandma's Boy,6090172,2006,
6062,Gigli,6087542,2003,
6063,Deuces Wild,6080065,2002,
6064,Assassination,6075793,1987,
6065,Heaven Help Us,6070794,1985,
6066,Men Don't Leave,6070725,1990,
6067,Just Getting Started,6069605,2017,Broad Green Pictures
6068,Partners,6062898,1982,
6069,Shirley Valentine,6056912,1989,
6070,The Way of the Gun,6055661,2000,
6071,Megiddo: The Omega Code 2,6047691,2001,
6072,Meet the Mormons,6047363,2014,Purdie Distribution
6073,Leave No Trace,6046104,2018,Bleecker Street Media
6074,Racing with the Moon,6045647,1984,
6075,Truth & Treason,6044364,2025,Angel
6076,Foolish,6033999,1999,
6077,A Fine Mess,6029824,1986,
6078,Gold Diggers: The Secret of Bear Mountain,6029091,1995,
6079,Trapped in Paradise,6017509,1994,
6080,The Walking Dead,6014341,1995,
6081,Running,6012556,1979,
6082,The Cemetery Club,6011745,1993,
6083,American Splendor,6010990,2003,
6084,Hitchcock,6008677,2012,Fox Searchlight Pictures
6085,Run Fatboy Run,6003262,2008,
6086,The Diving Bell and the Butterfly,6003227,2007,
6087,Chasing Mavericks,6002756,2012,Twentieth Century Fox
6088,The Loft,6002684,2015,Open Road Films (II)
6089,Kill Bill: The Whole Bloody Affair,6002538,2025,Lionsgate
6090,The Sessions,6002451,2012,Fox Searchlight Pictures
6091,Beyond the Limit,5997566,1983,
6092,Light It Up,5985690,1999,
6093,The Boxer,5980578,1997,
6094,Still of the Night,5979947,1982,
6095,The Current War,5979540,2019,101 Studios
6096,The Hunger,5979292,1983,
6097,1969,5979011,1988,
6098,Les Boys II,5974732,1998,
6099,Lars and the Real Girl,5972884,2007,
6100,The Wandering Earth,5971413,2019,CMC Pictures
6101,Basic Instinct 2,5971336,2006,
6102,Central Station,5969553,1998,
6103,Shin Godzilla,5960549,2016,
6104,My Little Pony: The Movie,5958456,1986,
6105,Captive State,5958315,2019,Focus Features
6106,Last Dance,5939449,1996,
6107,Someone Like You,5937306,2024,Fathom Events
6108,Inventing the Abbotts,5936344,1997,
6109,The Last Legion,5933494,2007,
6110,Immediate Family,5932613,1989,
6111,Evil Dead II,5923044,1987,
6112,Casa de mi Padre,5909483,2012,Lionsgate
6113,Gang Related,5906773,1997,
6114,The Florida Project,5904366,2017,A24
6115,Highlander,5900000,1986,
6116,Cry Freedom,5899797,1987,
6117,Feel the Noise,5898393,2007,
6118,Local Hero,5895761,1983,
6119,Ed Wood,5887457,1994,
6120,Death of a Nation,5885881,2018,Pure Flix / Quality Flix
6121,Against the Ropes,5884190,2004,
6122,The Opposite of Sex,5881367,1998,
6123,Captain Fantastic,5879835,2016,Bleecker Street Media
6124,Palmetto,5878911,1998,
6125,Heaven & Earth,5864949,1993,
6126,The Rescue,5855392,1988,
6127,Real Women Have Curves,5853194,2002,
6128,The Transformers: The Movie,5849647,1986,
6129,The Bling Ring,5845732,2013,A24
6130,The Hitcher,5844868,1986,
6131,Pulling Strings,5842961,2013,Lionsgate
6132,The Last Seduction,5842603,1994,
6133,Crossroads,5839031,1986,
6134,Night of the Living Dead,5835247,1990,
6135,The Last American Virgin,5829781,1982,
6136,She Said,5825995,2022,Universal Pictures
6137,Before Sunset,5820649,2004,
6138,Cyrano de Bergerac,5820020,1990,
6139,Stanley & Iris,5820015,1990,
6140,The Perfect Holiday,5812781,2007,
6141,The Hunt,5812500,2020,Universal Pictures
6142,Honey Don't!,5810510,2025,Focus Features
6143,This Is Spinal Tap,5805939,1984,
6144,All Saints,5802208,2017,Affirm Films
6145,Arctic Dogs,5801249,2019,Entertainment Studios Motion Pictures
6146,Mona Lisa,5794184,1986,
6147,Luther,5791328,2003,
6148,Beginners,5790894,2011,Focus Features
6149,Pretty Baby,5786368,1978,
6150,Bordello of Blood,5781045,1996,
6151,Sheena,5778353,1984,
6152,Millennium,5777099,1989,
6153,Suburbicon,5775178,2017,Paramount Pictures
6154,Victor Frankenstein,5775076,2015,Twentieth Century Fox
6155,The Tie That Binds,5772529,1995,
6156,Kolya,5770254,1997,
6157,Leatherface: Texas Chainsaw Massacre III,5765562,1990,
6158,The Clearing,5763875,2004,
6159,Lucky You,5758950,2007,
6160,My Hero Academia: Two Heroes,5754556,2018,FUNimation Entertainment
6161,Get on the Bus,5754249,1996,
6162,Airheads,5751882,1994,
6163,Closed Circuit,5750401,2013,Focus Features
6164,Beyond Rangoon,5750110,1995,
6165,A Most Violent Year,5749134,2014,
6166,Dream Scenario,5742193,2023,A24
6167,The Station Agent,5739376,2003,
6168,Gallipoli,5732587,1981,
6169,Gymkata,5730596,1985,
6170,Hardware,5728953,1990,
6171,God's Not Dead: A Light in Darkness,5728940,2018,Pure Flix Entertainment
6172,Spellbound,5728581,2003,
6173,One Eight Seven,5727130,1997,
6174,The Lonely Guy,5718573,1984,
6175,Kin,5718096,2018,Lionsgate
6176,The Crime of Padre Amaro,5717044,2002,
6177,One Life,5716885,2024,Bleecker Street Media
6178,Wisdom,5715174,1987,
6179,Who's Your Caddy?,5713425,2007,
6180,Surrender,5711976,1987,
6181,Screamers,5711695,1996,
6182,Mary Reilly,5707094,1996,
6183,Flying Monsters 3D with David Attenborough,5705874,2011,
6184,Mongol: The Rise of Genghis Khan,5705761,2008,
6185,A Dangerous Method,5704709,2011,
6186,RocknRolla,5700626,2008,
6187,Under Fire,5696391,1983,
6188,Kundun,5684789,1997,
6189,Cold Comfort Farm,5682429,1996,
6190,Eight Men Out,5680515,1988,
6191,Hear No Evil,5679569,1993,
6192,Smokey and the Bandit Part 3,5678950,1983,
6193,The Man Who Invented Christmas,5676486,2017,Bleecker Street Media
6194,Megaforce,5675599,1982,
6195,Down in the Delta,5672903,1998,
6196,Outlaws,5672846,2012,Arc Entertainment
6197,Personal Best,5672311,1982,
6198,My Bloody Valentine,5672031,1981,
6199,Nadine,5669831,1987,
6200,The Warrior's Way,5666340,2010,Relativity Media
6201,20th Century Women,5664764,2016,
6202,Where the Money Is,5661798,2000,
6203,The Pallbearer,5656388,1996,
6204,Underclassman,5655459,2005,
6205,Never Die Alone,5645298,2004,
6206,I Heard the Bells,5644104,2022,Fathom Events
6207,Dan Da Dan: Evil Eye,5637078,2025,GKIDS
6208,Danny Collins,5637066,2015,Bleecker Street Media
6209,Batman: Mask of the Phantasm,5635204,1993,
6210,Swing Kids,5632086,1993,
6211,Phantoms,5624282,1998,
6212,Avenging Angel,5622787,1985,
6213,Paris Can Wait,5617731,2017,Sony Pictures Classics
6214,Gloria Bell,5611123,2019,A24
6215,Cuba,5610280,1979,
6216,Indochine,5603158,1992,
6217,Devara Part 1,5600000,2024,Prathyangira Cinemas
6218,Elvira: Mistress of the Dark,5596267,1988,
6219,Islands in the Stream,5596173,1977,
6220,Iris,5594617,2001,
6221,Paradise,5588800,1982,
6222,Loose Cannons,5585154,1990,
6223,Europa Europa,5575738,1991,
6224,Cesar Chavez,5571497,2014,
6225,Gridlock'd,5571205,1997,
6226,Gully Boy,5566534,2019,Viva Pictures
6227,A Night in Heaven,5563663,1983,
6228,Tiger Zinda Hai,5560921,2017,Yash Raj Films
6229,The Star Chamber,5555305,1983,
6230,Dream a Little Dream,5552441,1989,
6231,For Your Consideration,5549923,2006,
6232,Farewell My Concubine,5549086,1993,
6233,Delirious,5546827,1991,
6234,Before Sunrise,5535405,1995,
6235,Water,5529144,2005,
6236,Sustenance,5525069,2023,
6237,Say It Isn't So,5520393,2001,
6238,Aqua Teen Hunger Force Colon Movie Film for Theaters,5520368,2007,
6239,Wind,5519569,1992,
6240,Three of Hearts,5516936,1993,
6241,The Grey Fox,5516140,1983,
6242,Die My Love,5515263,2025,MUBI
6243,Heartbreak Hotel,5509417,1988,
6244,Downfall,5509040,2005,
6245,Shine a Light,5505267,2008,
6246,Going Ape!,5504218,1981,
6247,Slums of Beverly Hills,5502773,1998,
6248,A Scanner Darkly,5501616,2006,
6249,Rescue Dawn,5490423,2007,
6250,The Counterfeiters,5488570,2008,
6251,Ride,5485295,1998,
6252,The Dogs of War,5484132,1981,
6253,Judas and the Black Messiah,5478009,2021,Warner Bros.
6254,Of Mice and Men,5471088,1992,
6255,Stan & Ollie,5470235,2018,
6256,Livin' Large!,5467959,1991,
6257,Little Children,5463019,2006,
6258,Women Talking,5456531,2022,
6259,Eve of Destruction,5451119,1991,
6260,Troll,5450815,1986,
6261,Gray Lady Down,5438927,1978,
6262,The Rhythm Section,5437971,2020,Paramount Pictures
6263,Nefarious,5433685,2023,SDG Releasing
6264,Split Second,5430822,1992,
6265,Big George Foreman,5426772,2023,Sony Pictures Releasing
6266,Lifeguard,5424178,1976,
6267,Belle Epoque,5418216,1994,
6268,Orphan: First Kill,5413227,2022,Paramount Pictures
6269,Monkeybone,5411999,2001,
6270,Meatballs Part II,5410972,1984,
6271,Amores Perros,5408467,2001,
6272,The Sicilian,5406879,1987,
6273,The Killer's Game,5404378,2024,Lionsgate
6274,Waitress: The Musical,5402148,2023,Bleecker Street Media
6275,The Human Stain,5381908,2003,
6276,Orlando,5377643,1993,
6277,My Old Ass,5372282,2024,Amazon MGM Studios
6278,Second Sight,5368865,1989,
6279,Tiger 3,5365263,2023,Yash Raj Films USA Inc.
6280,The Guard,5360274,2011,Sony Pictures Classics
6281,October Baby,5357328,2011,
6282,Roadrunner: A Film About Anthony Bourdain,5354970,2021,Focus Features
6283,Margin Call,5354039,2011,Roadside Attractions
6284,The Truth About Charlie,5350371,2002,
6285,Creator,5349607,1985,
6286,Monkey Shines,5344577,1988,
6287,The Goldfinch,5332621,2019,Warner Bros.
6288,Once Upon a Time in the West,5321508,1969,
6289,Once Upon a Time in America,5321508,1984,
6290,Bread and Tulips,5318679,2001,
6291,Divine Madness,5318098,1980,
6292,Freelance,5314136,2023,Relativity Media
6293,Made,5313300,2001,
6294,The Dresser,5310748,1983,
6295,Won't Back Down,5310554,2012,Twentieth Century Fox
6296,Chennai Express,5307960,2013,UTV Motion Pictures
6297,Whatever Works,5306706,2009,
6298,Cave of Forgotten Dreams,5304920,2011,IFC Films
6299,Dangerous Ground,5303931,1997,
6300,Cannery Row,5301539,1982,
6301,Hero and the Terror,5301200,1988,
6302,Metalstorm: The Destruction of Jared-Syn,5301085,1983,
6303,The Senior,5295949,2025,Angel
6304,Slackers,5285941,2002,
6305,The Skeleton Twins,5284309,2014,Roadside Attractions
6306,Bad Education,5284284,2004,
6307,The in Crowd,5280035,2000,
6308,Black & White,5277299,2000,
6309,Love Letters,5269990,1984,
6310,Persuasion,5269757,1995,
6311,Gardens of Stone,5262047,1987,
6312,Siegfried & Roy: The Magic Box,5231283,1999,
6313,Venom,5229643,1982,
6314,Hollywood Shuffle,5228617,1987,
6315,Miami Rhapsody,5221281,1995,
6316,Hurry Up Tomorrow,5215357,2025,Lionsgate
6317,Don't Let Go,5215062,2019,OTL Releasing
6318,In God We Trust (or Gimme That Prime Time Religion),5215015,1980,
6319,Light of the World,5213377,2025,-
6320,Copshop,5213243,2021,Open Road Films (II)
6321,Bandslam,5210988,2009,
6322,The Wind Rises,5209580,2014,Walt Disney Studios Motion Pictures
6323,Hunt for the Wilderpeople,5205468,2016,The Orchard
6324,Formula 51,5204007,2002,
6325,Inchon,5200986,1982,
6326,Jane Eyre,5200601,1996,
6327,Kelly's Heroes,5200000,1970,
6328,Clara's Heart,5194491,1988,
6329,The Girl Who Kicked the Hornet's Nest,5190196,2010,Music Box Films
6330,52 Pick-Up,5186646,1986,
6331,Lifemark,5180537,2022,Fathom Events
6332,Alone in the Dark,5178569,2005,
6333,Student Bodies,5165432,1981,
6334,Jack the Bear,5145823,1993,
6335,The Hotel New Hampshire,5142858,1984,
6336,Birthday Girl,5142576,2002,
6337,Colette,5137622,2018,Bleecker Street Media
6338,Butch and Sundance: The Early Days,5136913,1979,
6339,The Object of Beauty,5136759,1991,
6340,The Company You Keep,5133027,2013,Sony Pictures Classics
6341,The World's Fastest Indian,5128124,2005,
6342,Heidi's Song,5124391,1982,
6343,Grind,5123696,2003,
6344,King David,5111099,1985,
6345,Gossip,5108820,2000,
6346,Solo,5107669,1996,
6347,Simmba,5102129,2018,
6348,Biutiful,5101237,2011,Roadside Attractions
6349,Out of Bounds,5099316,1986,
6350,Sunshine,5096267,1999,
6351,Birth,5095038,2004,
6352,Top Dog,5093707,1995,
6353,Vigilante,5091888,1983,
6354,Ghost in the Machine,5086909,1993,
6355,Bleed for This,5083906,2016,Open Road Films (II)
6356,Miller's Crossing,5080409,1990,
6357,Celebrity,5078660,1998,
6358,Infinity Pool,5078400,2023,Neon
6359,Anatomy of a Fall,5076369,2023,Neon
6360,White Bird,5069171,2024,Lionsgate
6361,Action Point,5059608,2018,Paramount Pictures
6362,Two Mules for Sister Sara,5050000,1970,
6363,The Mustang,5043620,2019,Focus Features
6364,My Hero Academia: You're Next,5041781,2024,Toho International
6365,Kinds of Kindness,5038931,2024,Searchlight Pictures
6366,Drive-Away Dolls,5028215,2024,Focus Features
6367,The Three Burials of Melquiades Estrada,5027684,2005,
6368,The Wandering Earth II,5023132,2023,Well Go USA Entertainment
6369,American Dreamer,5021751,1984,
6370,Woman on Top,5020111,2000,
6371,Beirut,5019226,2018,Bleecker Street Media
6372,La Femme Nikita,5017971,1991,
6373,I Saw the TV Glow,5017817,2024,A24
6374,Your Name.,5017246,2017,FUNimation Entertainment
6375,The Legend of Maula Jatt,5016493,2022,
6376,Broken Embraces,5014305,2009,
6377,The Treasure of the Sierra Madre,5014000,1948,
6378,Brass Target,5011158,1978,
6379,Moon,5010163,2009,
6380,Heaven's Prisoners,5009305,1996,
6381,Wicked Little Letters,5008179,2024,Sony Pictures Releasing
6382,Bubble Boy,5007898,2001,
6383,I Am Love,5005465,2010,Magnolia Pictures
6384,Tempest,5005245,1982,
6385,Club Dread,5001708,2004,
6386,The Watcher in the Woods,5000000,1981,
6387,Day of the Dead,5000000,1985,
6388,The Way,4998213,2011,
6389,No Small Affair,4994094,1984,
6390,"That's Entertainment, Part II",4979380,1976,
6391,Let It Ride,4973285,1989,
6392,Gringo,4969853,2018,STX Entertainment
6393,Summer Lovers,4968000,1982,
6394,The Handmaid's Tale,4960385,1990,
6395,Jakob the Liar,4956401,1999,
6396,The Sun Is Also a Star,4950029,2019,Warner Bros.
6397,20 Feet from Stardom,4946445,2013,RADiUS-TWC
6398,Innocent Blood,4943279,1992,
6399,Vamp,4941117,1986,
6400,Jean de Florette,4940939,1987,
6401,Girl 6,4939939,1996,
6402,The Apparition,4936819,2012,Warner Bros.
6403,From Justin to Kelly,4928883,2003,
6404,Surf Ninjas,4916135,1993,
6405,Hilary and Jackie,4912892,1998,
6406,The Playboys,4906900,1992,
6407,The Virgin Suicides,4906229,2000,
6408,"Paris, Je T'aime",4899278,2007,
6409,The Lover,4899194,1992,
6410,Players,4896094,1979,
6411,The Magdalene Sisters,4890878,2003,
6412,Rainbow Brite and the Star Stealer,4889971,1985,
6413,Hamlet 2,4886216,2008,
6414,Invaders from Mars,4884663,1986,
6415,He Knows You're Alone,4875436,1980,
6416,The Long Walk Home,4873620,1990,
6417,Dilwale,4871263,2015,UTV Motion Pictures
6418,Torch Song Trilogy,4865997,1988,
6419,Band of the Hand,4865912,1986,
6420,Harry & Son,4864980,1984,
6421,Little Buddha,4858139,1994,
6422,The Conversation,4852199,1974,
6423,Hollywood Ending,4850753,2002,
6424,American Anthem,4845724,1986,
6425,Zola,4844399,2021,A24
6426,Flow,4844117,2024,Janus Films
6427,Off Beat,4842778,1986,
6428,90 Minutes in Heaven,4842699,2015,The Samuel Goldwyn Company
6429,Extreme Ops,4842259,2002,
6430,Dìdi,4839360,2024,Focus Features
6431,Diggstown,4836637,1992,
6432,The Libertine,4835065,2005,
6433,You Hurt My Feelings,4830788,2023,A24
6434,Angus,4821759,1995,
6435,Mao's Last Dancer,4817770,2010,The Samuel Goldwyn Company
6436,Passion Fish,4814619,1992,
6437,Kandahar,4813132,2023,Open Road Films (II)
6438,Wolves,4811282,1999,
6439,The SpongeBob Movie: Sponge on the Run,4810790,2020,Paramount Pictures
6440,Bring the Soul: The Movie,4809800,2019,Trafalgar Releasing
6441,Promises,4803056,2024,
6442,Confessions,4803056,2024,
6443,Moon to Blood,4803056,2024,
6444,Golda,4801781,2023,Bleecker Street Media
6445,Chhaava,4800000,2025,Yash Raj Films
6446,The Last Showgirl,4799804,2024,
6447,Incarnate,4799774,2016,BH Tilt
6448,Abbott and Costello Meet Frankenstein,4796000,1948,
6449,See You in the Morning,4795009,1989,
6450,Into the West,4790801,1993,
6451,Eddie and the Cruisers,4786789,1983,
6452,Just Visiting,4781539,2001,
6453,My Chauffeur,4781448,1986,
6454,Igby Goes Down,4777465,2002,
6455,Mansfield Park,4775847,1999,
6456,In the Name of the King: A Dungeon Siege Tale,4775656,2008,
6457,Absolutely Fabulous: The Movie,4772155,2016,Fox Searchlight Pictures
6458,The Good Mother,4764606,1988,
6459,A Walk on the Moon,4750660,1999,
6460,In the Cut,4750602,2003,
6461,Violets Are Blue...,4743287,1986,
6462,"Grandview, U.S.A.",4743119,1984,
6463,Duets,4739023,2000,
6464,Drugstore Cowboy,4729352,1989,
6465,Stealing Beauty,4722310,1996,
6466,The Other Side of Heaven,4720371,2001,
6467,Samson,4719928,2018,Pure Flix Entertainment
6468,True Story,4719695,2015,Fox Searchlight Pictures
6469,Your Friends and Neighbors,4714658,1998,
6470,Hands of Stone,4712792,2016,The Weinstein Company
6471,King Kong Lives,4711220,1986,
6472,Hamlet,4708156,1996,
6473,Held Up,4705631,2000,
6474,The Great Santini,4702575,1979,
6475,Suffragette,4702420,2015,Focus Features
6476,Compulsive Liar,4697364,2019,Entertainment One
6477,College,4694636,2008,
6478,True Identity,4693236,1991,
6479,Origin,4689830,2023,
6480,National Lampoon's Senior Trip,4686937,1995,
6481,Avenging Force,4679650,1986,
6482,It Lives Inside,4675092,2023,Neon
6483,The Science of Sleep,4670644,2006,
6484,Clerks III,4663106,2022,Fathom Events
6485,"No Retreat, No Surrender",4662137,1986,
6486,C.H.U.D.,4654423,1984,
6487,The Hitman,4654288,1991,
6488,War,4654000,2019,Yash Raj Films
6489,Radio Flyer,4651977,1992,
6490,Fire with Fire,4636169,1986,
6491,Black Beauty,4630377,1994,
6492,Let's Go to Prison,4630045,2006,
6493,Atlas Shrugged: Part I,4627375,2011,Rocky Mountain Pictures
6494,Lantana,4623189,2001,
6495,Land of Bad,4620045,2024,The Avenue Entertainment
6496,Joe's Apartment,4619014,1996,
6497,Leonard Part 6,4615255,1987,
6498,Little Voice,4611784,1998,
6499,The January Man,4611062,1989,
6500,Longtime Companion,4609953,1990,
6501,Triangle of Sadness,4608096,2022,Neon
6502,Love in the Time of Cholera,4607608,2007,
6503,"Lust, Caution",4604982,2007,
6504,Dutch,4603929,1991,
6505,Les Boys,4602341,1997,
6506,Eliminators,4601256,1986,
6507,Thirteen,4601043,2003,
6508,The Lookout,4600585,2007,
6509,Pavarotti,4600249,2019,CBS Films
6510,River's Edge,4600000,1987,
6511,Deception,4598506,2008,
6512,Sunset,4594452,1988,
6513,Touching the Void,4593598,2004,
6514,Jay and Silent Bob Reboot,4589490,2019,Saban Films
6515,The Cursed,4588389,2022,LD Entertainment
6516,Cold War,4580048,2018,
6517,Made in Heaven,4572845,1987,
6518,Away from Her,4571521,2007,
6519,Welcome to the Dollhouse,4569019,1996,
6520,Pain and Glory,4567338,2019,Sony Pictures Classics
6521,Snowpiercer,4563650,2014,RADiUS-TWC
6522,Ong-Bak: The Thai Warrior,4563167,2005,
6523,Stitch Head,4562943,2025,Briarcliff Entertainment
6524,Graffiti Bridge,4562778,1990,
6525,Making the Grade,4561346,1984,
6526,The Mighty Quinn,4557214,1989,
6527,Mumford,4555459,1999,
6528,Swingers,4555020,1996,
6529,Dangerous Beauty,4553271,1998,
6530,Death Before Dishonor,4546244,1987,
6531,Italian for Beginners,4544753,2002,
6532,Sisu: Road to Revenge,4544481,2025,Sony Pictures Releasing
6533,Miss March,4543320,2009,
6534,Au Revoir les Enfants,4542825,1988,
6535,Tolkien,4535154,2019,Fox Searchlight Pictures
6536,Talk to Me,4533261,2007,
6537,Mediterraneo,4532791,1992,
6538,The Exorcism,4530418,2024,Vertical Entertainment
6539,McHale's Navy,4529843,1997,
6540,Brave the Dark,4525443,2025,Angel
6541,The Last Black Man in San Francisco,4515719,2019,A24
6542,Separation,4509143,2021,Open Road Films (II)
6543,The Book of Henry,4504974,2017,Focus Features
6544,Kickin' It Old Skool,4502604,2007,
6545,Hypnotic,4500169,2023,Ketchup Entertainment
6546,Shelby Oaks,4500051,2025,Neon
6547,"Blood In, Blood Out",4496583,1993,
6548,Coast to Coast,4495445,1980,
6549,Curse of the Pink Panther,4491986,1983,
6550,Flawless,4488529,1999,
6551,Honkytonk Man,4484991,1982,
6552,Mindhunters,4480744,2005,
6553,Bob Roberts,4479470,1992,
6554,Tortilla Soup,4467615,2001,
6555,Joy of Sex,4463841,1984,
6556,Anonymous,4463292,2011,Sony Pictures Releasing
6557,All Night Long,4454295,1981,
6558,Amazing Grace,4450456,2018,
6559,Y2K,4446596,2024,A24
6560,Persepolis,4445756,2007,
6561,Bright Star,4444637,2009,
6562,Flash of Genius,4442377,2008,
6563,The Company Men,4441272,2011,The Weinstein Company
6564,Barney's Version,4439201,2011,Sony Pictures Classics
6565,The Railway Man,4438438,2014,The Weinstein Company
6566,Spartan,4434432,2004,
6567,Two Days in Paris,4433994,2007,
6568,Beyond Borders,4430101,2003,
6569,Ed,4422380,1996,
6570,The Adventures of Pluto Nash,4420080,2002,
6571,"Food, Inc.",4417674,2009,
6572,Don't Think Twice,4417667,2016,The Film Arcade
6573,Wagons East,4412297,1994,
6574,Johnny English Strikes Again,4412170,2018,Universal Pictures
6575,Run,4409328,1991,
6576,Dear White People,4404154,2014,Roadside Attractions
6577,Simply Irresistible,4398989,1999,
6578,Babette's Feast,4398938,1988,
6579,Black Book,4398532,2007,
6580,The Company of Wolves,4389334,1985,
6581,Pumpkinhead,4385516,1988,
6582,Mrs. Soffel,4385312,1984,
6583,Brian Banks,4376819,2019,Bleecker Street Media
6584,Seven Days in Utopia,4373074,2011,Visio Entertainment
6585,The Dead,4370078,1987,
6586,The Biggest Little Farm,4366949,2019,Neon
6587,A Life Less Ordinary,4366722,1997,
6588,On the Line,4365455,2001,
6589,Prem Ratan Dhan Payo,4364639,2015,FIP
6590,Solitary Man,4360548,2010,Anchor Bay Films
6591,Bogus,4357406,1996,
6592,Meet the Deedles,4356216,1998,
6593,Brainscan,4352094,1994,
6594,Marlowe,4350243,2023,Open Road Films (II)
6595,The Mean Season,4349446,1985,
6596,Mr. Nanny,4348572,1993,
6597,Dark Angel,4348368,1990,
6598,Staying Together,4348025,1989,
6599,Lisa,4347648,1990,
6600,Gotti,4343227,2018,Vertical Entertainment
6601,The Tao of Steve,4342203,2000,
6602,Keeping Up with the Steins,4339241,2006,
6603,A Star Is Born,4335968,1954,
6604,Blindspotting,4333394,2018,Lionsgate
6605,Vengeance,4330720,2022,Focus Features
6606,PCU,4330020,1994,
6607,Much Ado About Nothing,4328849,2013,Roadside Attractions
6608,Mortuary,4319001,1983,
6609,Ran,4314927,1985,
6610,Hear My Song,4313473,1991,
6611,Inside Job,4312735,2010,Sony Pictures Classics
6612,Melvin and Howard,4309490,1980,
6613,Trenchcoat,4304286,1983,
6614,The Amazing Maurice,4303645,2023,Viva Pictures
6615,Enigma,4301582,2002,
6616,Van Wilder: The Rise of Taj,4300645,2006,
6617,Yellowbeard,4300000,1983,
6618,Catch a Fire,4299773,2006,
6619,Listen to Me,4299023,1989,
6620,Goal! The Dream Begins,4283255,2006,
6621,Ponniyin Selvan: Part I,4282000,2022,Sarigama Cinemas
6622,Best Seller,4278150,1987,
6623,Mummies,4275970,2023,Warner Bros.
6624,Glitter,4274407,2001,
6625,"Jeff, Who Lives at Home",4269426,2012,Paramount Vantage
6626,The Meddler,4267218,2016,
6627,Ae Dil Hai Mushkil,4264983,2016,FIP
6628,Lambada,4263112,1990,
6629,Four Rooms,4257354,1995,
6630,Linda Ronstadt: The Sound of My Voice,4252657,2019,Greenwich Entertainment
6631,45 Years,4247285,2015,
6632,Men with Brooms,4245870,2002,
6633,Kiss Kiss Bang Bang,4243756,2005,
6634,Before Night Falls,4242892,2000,
6635,Until September,4239154,1984,
6636,The Lunchbox,4235151,2014,
6637,Greenberg,4234170,2010,Focus Features
6638,In a Violent Nature,4229999,2024,IFC Films
6639,Antonia's Line,4228275,1996,
6640,For King + Country: A Drummer Boy Christmas - Live,4227406,2024,Fathom Events
6641,Roadie,4226370,1980,
6642,Left Behind: The Movie,4224065,2001,
6643,Lovely & Amazing,4222923,2002,
6644,Exotica,4221036,1995,
6645,Casablanca,4219709,1942,
6646,Moonage Daydream,4218925,2022,Neon
6647,The Keep,4218594,1983,
6648,Detroit Rock City,4217115,1999,
6649,Hot Pursuit,4215849,1987,
6650,China Cry: A True Story,4212828,1990,
6651,A Hologram for the King,4212494,2016,Roadside Attractions
6652,Stronger,4211129,2017,Roadside Attractions
6653,That's Dancing!,4210938,1985,
6654,Swiss Army Man,4210454,2016,A24
6655,Popcorn,4205000,1991,
6656,Burn the Stage: The Movie,4201819,2018,Trafalgar Releasing
6657,Keeper,4200165,2025,Neon
6658,The Fog of War,4198566,2003,
6659,Gloria,4197729,1999,
6660,Ultimate X: The Movie,4197492,2002,
6661,Sweet and Lowdown,4197015,1999,
6662,The Water Diviner,4196641,2015,Warner Bros.
6663,Red Scorpion,4192440,1989,
6664,To Gillian on Her 37th Birthday,4189233,1996,
6665,Uri: The Surgical Strike,4186168,2019,Pack Your Bag Films
6666,Dancer in the Dark,4184036,2000,
6667,A Day Without a Mexican,4179890,2004,
6668,Boogie,4178620,2021,Focus Features
6669,East Is East,4177818,2000,
6670,Goon,4168528,2012,Magnolia Pictures
6671,Playing God,4166918,1997,
6672,Ya veremos,4165949,2018,Pantelion Films
6673,Priest,4165845,1995,
6674,Witless Protection,4161625,2008,
6675,Twin Peaks: Fire Walk with Me,4160851,1992,
6676,Mostly Martha,4160475,2002,
6677,Whipped,4159986,2000,
6678,Good Hair,4157223,2009,
6679,Idle Hands,4152230,1999,
6680,2.0,4152000,2018,-
6681,Bully,4142648,2012,
6682,Heart Condition,4134992,1990,
6683,Woes,4124076,2025,
6684,The Same Coin,4124076,2025,
6685,Because of Me,4124076,2025,
6686,My Science Project,4122748,1985,
6687,Godzilla 1985,4116395,1985,
6688,Kama Sutra: A Tale of Love,4109095,1997,
6689,Kissing a Fool,4106588,1998,
6690,The Raid: Redemption,4105187,2012,Sony Pictures Classics
6691,This Boy's Life,4104962,1993,
6692,Life Itself,4102648,2018,Amazon Studios
6693,Life Stinks,4102526,1991,
6694,Man Trouble,4096030,1992,
6695,Tie Me Up! Tie Me Down!,4087361,1990,
6696,That's Life!,4079895,1986,
6697,Bottle Shock,4078607,2008,
6698,The Hero,4077333,2017,The Orchard
6699,Impromptu,4076211,1991,
6700,Meet Wally Sparks,4073582,1997,
6701,Denial,4073489,2016,Bleecker Street Media
6702,Enron: The Smartest Guys in the Room,4071700,2005,
6703,Le Dîner de Cons,4071548,1999,
6704,Frances Ha,4069826,2013,IFC Films
6705,The Gospel of John,4069090,2003,
6706,The Broken Hearts Gallery,4067442,2020,TriStar Pictures
6707,Tank Girl,4064495,1995,
6708,Good Bye Lenin!,4064200,2004,
6709,Belle de Jour,4063348,1995,
6710,Secretary,4059680,2002,
6711,Gloria,4059673,1980,
6712,Peter's Friends,4058564,1992,
6713,'83,4055660,2021,Reliance Entertainment
6714,Infidel,4051990,2020,Cloudburst Entertainment
6715,All of Us Strangers,4050103,2023,
6716,The Anniversary Party,4047329,2001,
6717,Replicas,4046429,2019,Entertainment Studios Motion Pictures
6718,Buck,4038912,2011,IFC Films
6719,Please Give,4033574,2010,Sony Pictures Classics
6720,Passed Away,4030793,1992,
6721,Irrational Man,4030360,2015,Sony Pictures Classics
6722,My Name Is Khan,4018771,2010,Fox Searchlight Pictures
6723,Belle,4018313,2022,GKIDS
6724,I'm Not There,4017609,2007,
6725,Sgt. Stubby: An American Hero,4015935,2018,Fun Academy Media Group
6726,My Old Lady,4013786,2014,Cohen Media Group
6727,Mountains of the Moon,4011793,1990,
6728,Ladrón que roba a ladrón,4011254,2007,
6729,Safety Not Guaranteed,4010957,2012,FilmDistrict
6730,Short Time,4010647,1990,
6731,Theater Camp,4009945,2023,Searchlight Pictures
6732,King's Ransom,4008527,2005,
6733,Tai-Pan,4007250,1986,
6734,Restoration,4005941,1995,
6735,The Apprentice,4001904,2024,Briarcliff Entertainment
6736,Kagemusha: The Shadow Warrior,4000000,1980,
6737,American Ninja 2: The Confrontation,4000000,1987,
6738,P2,3995018,2007,
6739,Young@Heart,3992189,2008,
6740,"Welcome Home, Roxy Carmichael",3989297,1990,
6741,Fluke,3987768,1995,
6742,Sleight,3986245,2017,BH Tilt
6743,The Pebble and the Penguin,3983912,1995,
6744,Entre Nous,3974975,1984,
6745,Family Camp,3973263,2022,Roadside Attractions
6746,Playing by Heart,3970078,1999,
6747,Bat*21,3966256,1988,
6748,Memories of Me,3965604,1988,
6749,Peaceful Warrior,3960414,2006,
6750,Loverboy,3960327,1989,
6751,Mr. Turner,3958500,2014,
6752,The Winslow Boy,3957934,1999,
6753,Ip Man 4: The Finale,3956031,2019,
6754,The Phantom of the Opera,3953745,1989,
6755,Joysticks,3952448,1983,
6756,Charlie Bartlett,3951699,2008,
6757,Of Gods and Men,3951596,2011,Sony Pictures Classics
6758,The Friend,3941217,2025,Bleecker Street Media
6759,Gordy,3941146,1995,
6760,Manon of the Spring,3940542,1987,
6761,Shadow Force,3933483,2025,Lionsgate
6762,Yanks,3931010,1979,
6763,Caravans,3930501,1978,
6764,My Demon Lover,3922273,1987,
6765,China: The Panda Adventure,3921642,2001,
6766,Earth Girls Are Easy,3916303,1989,
6767,Morgan,3915251,2016,Twentieth Century Fox
6768,The Upper Room Part I,3914137,2025,
6769,Reunions,3914137,2025,
6770,The Upper Room Part II,3914137,2025,
6771,Resurrection,3910019,1980,
6772,The Assassination of Jesse James by the Coward Robert Ford,3909149,2007,
6773,Shame,3909002,2011,
6774,Paris Is Burning,3905297,1991,
6775,Kabali,3903095,2016,-
6776,Warlock: The Armageddon,3902679,1993,
6777,A United Kingdom,3902185,2017,Fox Searchlight Pictures
6778,Reminiscence,3900193,2021,Warner Bros.
6779,The Manhattan Project,3900000,1986,
6780,The Spanish Apartment,3897799,2003,
6781,Camping sauvage,3894585,2004,
6782,Me and You and Everyone We Know,3885134,2005,
6783,Cyrano,3873124,2022,United Artists Releasing
6784,The Man Who Knew Infinity,3866794,2016,IFC Films
6785,The Last Sign,3864576,2024,
6786,Humble,3864576,2024,
6787,Trailer Park Boys: The Movie,3860678,2006,
6788,Flashpoint,3854833,1984,
6789,The Door in the Floor,3854624,2004,
6790,The Heavenly Kid,3852271,1985,
6791,Blood Simple,3851855,1985,
6792,An Affair to Remember,3850000,1957,
6793,Feds,3838793,1988,
6794,North Shore,3832228,1987,
6795,With a Friend Like Harry...,3830441,2001,
6796,Yeh Jawaani Hai Deewani,3827466,2013,Eros Worldwide
6797,Where to Invade Next,3827261,2016,Drafthouse Films
6798,Ida,3827060,2014,Music Box Films
6799,Melinda and Melinda,3826280,2005,
6800,The Real Cancun,3825421,2003,
6801,Let's Spend the Night Together,3821199,1983,
6802,The September Issue,3820067,2009,
6803,Max Steel,3818664,2016,Open Road Films (II)
6804,Benji: Off the Leash!,3817362,2004,
6805,Norman,3814868,2017,Sony Pictures Classics
6806,Critters 2: The Main Course,3813293,1988,
6807,Ponniyin Selvan: Part Two,3813000,2023,-
6808,Hide in Plain Sight,3806930,1980,
6809,Breaking the Waves,3803298,1996,
6810,Better Luck Tomorrow,3802390,2003,
6811,Bound,3802260,1996,
6812,Babes,3800038,2024,Neon
6813,Power,3800000,1986,
6814,Guyana: Cult of the Damned,3798102,1980,
6815,Barb Wire,3793614,1996,
6816,Jekyll and Hyde... Together Again,3792188,1982,
6817,Sweet Hearts Dance,3790493,1988,
6818,Atanarjuat: The Fast Runner,3789952,2002,
6819,La Traviata,3783329,1983,
6820,Jimmy Hollywood,3783003,1994,
6821,To Save a Life,3777210,2010,The Samuel Goldwyn Company
6822,Vera Drake,3775283,2004,
6823,Batman: The Killing Joke,3775000,2016,Fathom Events
6824,Cheech & Chong's: The Corsican Brothers,3772785,1984,
6825,The Monster Squad,3769990,1987,
6826,Fading Gigolo,3769873,2014,Millennium Entertainment
6827,Nitro,3768878,2007,
6828,A Dry White Season,3766879,1989,
6829,The Class,3766810,2008,
6830,Perfect Days,3766668,2024,Neon
6831,The Merchant of Venice,3765585,2004,
6832,When Time Ran Out...,3763988,1980,
6833,The Cold Light of Day,3763583,2012,Lionsgate
6834,Portrait of a Lady on Fire,3759854,2019,
6835,Anomalisa,3759286,2015,
6836,Friend Request,3759078,2017,Entertainment Studios Motion Pictures
6837,Imagine: John Lennon,3753977,1988,
6838,"Lock, Stock and Two Smoking Barrels",3753929,1999,
6839,Mannequin: On the Move,3752428,1991,
6840,Allan Quatermain and the Lost City of Gold,3751699,1987,
6841,A Monster Calls,3740823,2016,
6842,Exterminator 2,3739406,1984,
6843,Liberty Heights,3736868,1999,
6844,Queer,3736813,2024,A24
6845,Then She Found Me,3735717,2008,
6846,White Man's Burden,3734870,1995,
6847,Born to Be Wild,3730409,1995,
6848,Lost Highway,3726792,1997,
6849,The Return of Martin Guerre,3723036,1983,
6850,The Gun in Betty Lou's Handbag,3721911,1992,
6851,The Governess,3719509,1998,
6852,Original Gangstas,3718087,1996,
6853,Midnight Special,3712282,2016,Warner Bros.
6854,The Secret Lives of Dentists,3707346,2003,
6855,Ben Is Back,3703184,2018,
6856,Scouts Guide to the Zombie Apocalypse,3703046,2015,Paramount Pictures
6857,The Pursuit of D.B. Cooper,3702028,1981,
6858,Nomadland,3700000,2021,Searchlight Pictures
6859,Searching for Sugar Man,3696196,2012,Sony Pictures Classics
6860,Ne Zha,3695533,2019,Well Go USA Entertainment
6861,The Portrait of a Lady,3692836,1996,
6862,Worth Winning,3690328,1989,
6863,12 Mighty Orphans,3689637,2021,Sony Pictures Releasing
6864,Three O'Clock High,3685862,1987,
6865,Pinocchio,3684305,2002,
6866,Step Into Liquid,3681803,2003,
6867,High Tension,3681066,2005,
6868,Don 2,3680306,2011,Reliance Big Pictures
6869,Gosnell: The Trial of America's Biggest Serial Killer,3679893,2018,GVN Releasing
6870,The Brother from Another Planet,3677209,1984,
6871,Sunshine,3675753,2007,
6872,Bad Company,3674841,1995,
6873,Laurel Canyon,3663356,2003,
6874,Sentimental Value,3663249,2025,Neon
6875,Cabin Boy,3662459,1994,
6876,Colorful Stage! The Movie: A Miku Who Can't Sing,3661284,2025,GKIDS
6877,Mission Mangal,3659413,2019,FIP
6878,Rules Don't Apply,3652206,2016,Twentieth Century Fox
6879,Left Behind: Rise of the Antichrist,3649422,2023,Fathom Events
6880,Caché,3647381,2005,
6881,Requiem for a Dream,3635482,2000,
6882,The Chorus,3635164,2004,
6883,A la mala,3629842,2015,Lionsgate
6884,Stay,3626883,2005,
6885,The Trigger Effect,3622979,1996,
6886,Spare Parts,3618912,2015,Lionsgate
6887,Table 19,3614896,2017,Fox Searchlight Pictures
6888,My Heroes Have Always Been Cowboys,3603615,1991,
6889,Their Finest,3603484,2017,STX Entertainment
6890,8 Heads in a Duffel Bag,3602884,1997,
6891,Bug,3602023,1975,
6892,The Pest,3600616,1997,
6893,Phoenix Forgotten,3600146,2017,Cinelou Films
6894,Calvary,3600006,2014,Fox Searchlight Pictures
6895,Om Shanti Om,3597372,2007,
6896,In the Mood for Love,3596859,2001,
6897,Turk 182,3594997,1985,
6898,We Are Your Friends,3591417,2015,Warner Bros.
6899,Wish I Was Here,3591299,2014,Focus Features
6900,Ella McCay,3590133,2025,20th Century Studios
6901,Dead Heat,3588626,1988,
6902,Bagdad Cafe,3587303,1988,
6903,Wrong Is Right,3583513,1982,
6904,Tougher Than Leather,3582760,1988,
6905,Three Colors: Red,3581969,1994,
6906,Elegy,3581642,2008,
6907,The Big Blue,3580882,1988,
6908,The Jane Austen Book Club,3575227,2007,
6909,The Journey: A Music Special from Andrea Bocelli,3574915,2023,Fathom Events
6910,Old Gringo,3574256,1989,
6911,The Runaways,3573673,2010,Apparition
6912,Major League: Back to the Minors,3572443,1998,
6913,The New Adventures of Pippi Longstocking,3569939,1988,
6914,Cats Don't Dance,3566637,1997,
6915,New Jersey Drive,3565508,1995,
6916,Fat Man and Little Boy,3563162,1989,
6917,Physical Evidence,3560932,1989,
6918,Tom and Jerry: The Movie,3560469,1993,
6919,The Bride,3558669,1985,
6920,Les Boys III,3557100,2001,
6921,Madame Sousatzka,3548238,1988,
6922,Sooryavanshi,3547776,2021,Reliance Entertainment
6923,Shout,3547684,1991,
6924,Chevalier,3541159,2023,Walt Disney Studios Motion Pictures
6925,The Big Bus,3540307,1976,
6926,In Country,3531971,1989,
6927,The Brothers Bloom,3531756,2009,
6928,The Oscar Nominated Short Films 2019: Documentary,3531094,2019,Shorts International
6929,Things Change,3527886,1988,
6930,Blood and Chocolate,3526847,2007,
6931,'Til There Was You,3525125,1997,
6932,Pina,3524826,2011,
6933,Fight or Flight,3522025,2025,Vertical Entertainment
6934,The Good Thief,3517797,2003,
6935,Born Into Brothels: Calcutta's Red Light Kids,3515061,2004,
6936,Happy-Go-Lucky,3512016,2008,
6937,Indivisible,3511417,2018,Pure Flix Entertainment
6938,Feast of Love,3511074,2007,
6939,BTS World Tour: Love Yourself in Seoul,3509917,2019,Fathom Events
6940,The Oscar Nominated Short Films 2018: Live Action,3508777,2018,Shorts International
6941,The Beach Bum,3502600,2019,Neon
6942,Miss Sloane,3500605,2016,EuropaCorp
6943,The Wraith,3500000,1986,
6944,Disobedience,3498782,2018,Bleecker Street Media
6945,An Inconvenient Sequel: Truth to Power,3496795,2017,Paramount Pictures
6946,Mafia Mamma,3496761,2023,Bleecker Street Media
6947,Mommy,3494070,2014,Roadside Attractions
6948,The Corporation,3493516,2004,
6949,What If,3493000,2014,CBS Films
6950,The To-Do List,3491669,2013,CBS Films
6951,Jeffrey,3487767,1995,
6952,Moll Flanders,3486957,1996,
6953,Heaven's Gate,3484331,1980,
6954,A Man Called Ove,3479315,2016,Music Box Films
6955,The Lemon Sisters,3473905,1990,
6956,What We Do in the Shadows,3469224,2015,Paladin
6957,Talk Radio,3468572,1988,
6958,Til Death Do Us Part,3455267,2017,Novus Content
6959,First Reformed,3448256,2018,A24
6960,Malena,3448233,2000,
6961,Learning to Drive,3447633,2015,Broad Green Pictures
6962,Days of Heaven,3446749,1978,
6963,Free Willy 3: The Rescue,3446539,1997,
6964,"Juliet, Naked",3444895,2018,Roadside Attractions
6965,Jodhaa Akbar,3440718,2008,
6966,Price of Glory,3440228,2000,
6967,Bill & Ted Face the Music,3439660,2020,United Artists Releasing
6968,The Ultimate Gift,3438735,2007,
6969,Bad Samaritan,3435047,2018,Electric Entertainment
6970,A Simple Twist of Fate,3430583,1994,
6971,The Grand Seduction,3430018,2014,Entertainment One
6972,Metallica Through the Never,3419967,2013,Picturehouse
6973,Father Hood,3418141,1993,
6974,A Shock to the System,3417056,1990,
6975,Kinjite: Forbidden Subjects,3416846,1989,
6976,Angels and Insects,3414301,1996,
6977,Gunmen,3411885,1994,
6978,Laal Singh Chaddha,3401324,2022,Paramount Pictures
6979,Indignation,3401155,2016,Roadside Attractions
6980,Everybody Wants Some!!,3400278,2016,Paramount Pictures
6981,A Thousand and One,3400020,2023,Focus Features
6982,Next Stop Wonderland,3395581,1998,
6983,Like Crazy,3395391,2011,Paramount Vantage
6984,Head Office,3393807,1986,
6985,The MatchMaker,3392080,1997,
6986,Big Shots,3390043,1987,
6987,Born American,3388020,1986,
6988,Nitro Circus: The Movie,3377618,2012,Arc Entertainment
6989,Near Dark,3369307,1987,
6990,Starchaser: The Legend of Orin,3360800,1985,
6991,Saiyaara,3359480,2025,
6992,Blue Sky,3359465,1994,
6993,Fighting Back,3355948,1982,
6994,Echo in the Canyon,3355324,2019,Greenwich Entertainment
6995,Blindness,3351751,2008,
6996,Maggie's Plan,3351735,2016,Sony Pictures Classics
6997,Solo Leveling: ReAwakening,3350693,2024,Sony Pictures Releasing
6998,The Work and the Glory,3347647,2004,
6999,Venus,3347411,2006,
7000,Emperor,3346265,2013,Roadside Attractions
7001,The Outfit,3344040,2022,Focus Features
7002,Squanto: A Warrior's Tale,3342223,1994,
7003,Harsh Times,3337931,2006,
7004,Rize,3336391,2005,
7005,Atlas Shrugged II: The Strike,3336053,2012,Atlas Distribution Company
7006,My Boyfriend's Back,3335984,1993,
7007,Wings of Desire,3333969,1988,
7008,Fraternity Vacation,3333306,1985,
7009,Camille Claudel,3331297,1989,
7010,A Smile Like Yours,3330352,1997,
7011,Last Ounce of Courage,3329674,2012,Rocky Mountain Pictures
7012,Fifty,3328240,1999,
7013,7 Days in Entebbe,3326885,2018,Focus Features
7014,Carpool,3325651,1996,
7015,Robot & Frank,3325038,2012,The Samuel Goldwyn Company
7016,The Snapper,3323524,1993,
7017,Veronica Mars,3322127,2014,Warner Bros.
7018,Elvis Gratton II: Miracle à Memphis,3316272,1999,
7019,Pootie Tang,3313583,2001,
7020,Shoplifters,3313513,2018,
7021,Stand Up Guys,3310031,2013,Lionsgate
7022,Mrs Dalloway,3309421,1998,
7023,Ghost Dog: The Way of the Samurai,3308029,2000,
7024,Happily Ever After,3299382,1993,
7025,Art School Confidential,3297137,2006,
7026,The Penguin Lessons,3294990,2025,Sony Pictures Classics
7027,Exit Through the Gift Shop,3291250,2010,Producers Distribution Agency (PDA)
7028,The Glass Shield,3291163,1995,
7029,13 Conversations About One Thing,3288164,2002,
7030,Things We Lost in the Fire,3287315,2007,
7031,Wish You Were Here,3283832,1987,
7032,Only the Strong,3283371,1993,
7033,Romeo Is Bleeding,3275585,1994,
7034,2025 Oscar Nominated Short Films: Live Action,3275477,2025,ShortsTV
7035,Kabhi Alvida Naa Kehna,3275444,2006,
7036,What Happens Later,3273895,2023,Bleecker Street Media
7037,'Round Midnight,3272593,1986,
7038,God's Not Dead: In God We Trust,3269322,2024,Fathom Events
7039,My Crazy Life,3267313,1994,
7040,The Sweet Hereafter,3263585,1997,
7041,Raees,3262954,2017,Zee Cinema
7042,Pinocchio and the Emperor of the Night,3261638,1987,
7043,After the Hunt,3258830,2025,Amazon MGM Studios
7044,Jujutsu Kaisen: Hidden Inventory / Premature Death - The Movie,3257365,2025,GKIDS
7045,Zoot Suit,3256082,1981,
7046,The Fifth Estate,3255008,2013,Walt Disney Studios Motion Pictures
7047,You Will Meet a Tall Dark Stranger,3248246,2010,Sony Pictures Classics
7048,Splitting Heirs,3246063,1993,
7049,Before I Go to Sleep,3242457,2014,Clarius Entertainment
7050,Carrington,3242342,1995,
7051,Catfish,3237343,2010,Rogue Pictures
7052,Sing Street,3237118,2016,The Weinstein Company
7053,The Mermaid,3232685,2016,Sony Pictures Releasing
7054,The Leisure Seeker,3226443,2017,
7055,"Race for Your Life, Charlie Brown",3223888,1977,
7056,Lost and Found,3223197,1979,
7057,Barfly,3221568,1987,
7058,Pi,3221152,1998,
7059,Green Room,3220371,2016,A24
7060,Anything Else,3212310,2003,
7061,The Cat's Meow,3209481,2002,
7062,Traces of Red,3206714,1992,
7063,Another Year,3205706,2010,
7064,The Limey,3204663,1999,
7065,Widow of St. Pierre,3193889,2001,
7066,Pig,3186668,2021,Neon
7067,The Skin I Live In,3185812,2011,Sony Pictures Classics
7068,Phoenix,3184472,2015,IFC Films
7069,Hell of a Summer,3182678,2025,Neon
7070,Silent Fall,3180674,1994,
7071,Penitentiary II,3178542,1982,
7072,Grizzly Man,3178403,2005,
7073,Resurrecting the Champ,3172573,2007,
7074,Rude Awakening,3169719,1989,
7075,The Eagle Huntress,3169351,2016,
7076,I've Loved You So Long,3169305,2008,
7077,Maiden,3168978,2019,Sony Pictures Classics
7078,The Big Kahuna,3165544,2000,
7079,Relay,3164481,2025,Bleecker Street Media
7080,The Girl Who Believes in Miracles,3163362,2021,Atlas Distribution Company
7081,2024 Oscar Nominated Short Films: Documentary,3162293,2024,ShortsTV
7082,Calm Before,3160915,2024,
7083,Dedication,3160915,2024,
7084,"Sitting, Serving, Scheming",3160915,2024,
7085,Beautiful,3157348,2000,
7086,Our Kind of Traitor,3153157,2016,Roadside Attractions
7087,Clerks,3151130,1994,
7088,Steal Big Steal Little,3150170,1995,
7089,Voyagers,3149935,2021,Lionsgate
7090,Two Lovers,3149034,2009,
7091,The Sisters Brothers,3143056,2018,Annapurna Pictures
7092,The Naked Cage,3136701,1986,
7093,The Favor,3134381,1994,
7094,Rosewater,3128941,2014,Open Road Films (II)
7095,Compadres,3127773,2016,Pantelion Films
7096,Boynton Beach Club,3127472,2006,
7097,Mr. Wonderful,3125424,1993,
7098,Feeling Minnesota,3124440,1996,
7099,Obvious Child,3123963,2014,A24
7100,Wordplay,3121270,2006,
7101,Capturing the Friedmans,3119113,2003,
7102,Jawbreaker,3117085,1999,
7103,Asterix & Obelix: Mission Cleopatra,3115188,2002,
7104,Soul Survivors,3111545,2001,
7105,Minari,3110580,2021,A24
7106,Sing Sing,3110476,2024,A24
7107,Coogan's Bluff,3110000,1968,
7108,Night of the Demons,3109904,1988,
7109,Zindagi Na Milegi Dobara,3108485,2011,Eros Worldwide
7110,White Mischief,3107551,1988,
7111,Illegal Tender,3106835,2007,
7112,K2,3106559,1992,
7113,Wild Tales,3106530,2015,Sony Pictures Classics
7114,Blame It on the Bellboy,3104545,1992,
7115,Death and the Maiden,3103716,1994,
7116,Supercross,3102550,2005,
7117,The Legend of Billie Jean,3099497,1985,
7118,8 Women,3098776,2002,
7119,The Guru,3095506,2003,
7120,Celeste & Jesse Forever,3094813,2012,Sony Pictures Classics
7121,The Ex,3093394,2007,
7122,The Front Room,3092269,2024,A24
7123,Paid in Full,3090862,2002,
7124,Tous les matins du monde,3089497,1992,
7125,War 2,3087065,2025,Yash Raj Films USA Inc.
7126,Strange Darling,3083595,2024,-
7127,"Synecdoche, New York",3083538,2008,
7128,Hedwig and the Angry Inch,3082286,2001,
7129,The Fan,3082096,1981,
7130,Speed Zone,3077361,1989,
7131,Dominick and Eugene,3076031,1988,
7132,Chloe,3075255,2010,Sony Pictures Classics
7133,Messenger of Death,3074681,1988,
7134,Thoroughbreds,3072605,2018,
7135,The Public Eye,3067917,1992,
7136,Dil Dhadakne Do,3066100,2015,Eros Worldwide
7137,Sunshine State,3065921,2002,
7138,Ladrones,3063505,2015,Lionsgate
7139,Princess Caraboo,3062530,1994,
7140,Malone,3060858,1987,
7141,The Long Game,3060040,2024,-
7142,Songcatcher,3059834,2001,
7143,The Wild Parrots of Telegraph Hill,3058527,2005,
7144,The Band's Visit,3054457,2008,
7145,CrissCross,3052738,1992,
7146,The Golden Bowl,3050532,2001,
7147,Heavenly Creatures,3049135,1994,
7148,Russian Ark,3048997,2002,
7149,Jab Tak Hai Jaan,3047539,2012,Yash Raj Films
7150,Basquiat,3046399,1996,
7151,Tanu Weds Manu Returns,3043479,2015,Eros Worldwide
7152,The House of Mirth,3043284,2000,
7153,Crumb,3041083,1995,
7154,China Moon,3038499,1994,
7155,Living,3038113,2022,
7156,The Worst Person in the World,3034775,2022,Neon
7157,From Prada to Nada,3033623,2011,Lionsgate
7158,CS Lewis: The Most Reluctant Convert,3032744,2021,
7159,Melancholia,3030848,2011,Magnolia Pictures
7160,Colossal,3029287,2017,Neon
7161,Whitney,3026351,2018,
7162,2023 Oscar Nominated Short Films: Live Action,3025631,2023,ShortsTV
7163,Ingrid Goes West,3024308,2017,Neon
7164,G,3020784,2005,
7165,Rock the Kasbah,3020664,2015,Open Road Films (II)
7166,The Last Days of Disco,3020601,1998,
7167,Albert Nobbs,3014696,2012,Roadside Attractions
7168,Honey Boy,3012615,2019,Amazon Studios
7169,The Last Metro,3007945,1981,
7170,Miss Potter,3005605,2006,
7171,The End of the Tour,3002884,2015,A24
7172,The Other Side of the Door,3000342,2016,Twentieth Century Fox
7173,Sign 'o' the Times,3000073,1987,
7174,Hanover Street,3000000,1979,
7175,Running Brave,3000000,1983,
7176,Made for More,2999134,2018,
7177,Bullies,2995527,1986,
7178,North Sea Hijack,2993772,1980,
7179,The Empty Man,2992948,2020,20th Century Studios
7180,Martha Marcy May Marlene,2990625,2011,Fox Searchlight Pictures
7181,Fright Night Part 2,2983784,1989,
7182,Happiness,2982011,1998,
7183,Love! Valour! Compassion!,2977807,1997,
7184,The Challenge,2977706,1982,
7185,Homicide,2971661,1991,
7186,Bharat,2971549,2019,Viva Pictures
7187,My Boyfriend's Meds,2971116,2020,Pantelion Films
7188,Rule Breakers,2969825,2025,Angel
7189,Anthropoid,2964845,2016,
7190,In a World...,2963902,2013,Roadside Attractions
7191,Isn't She Great,2962465,2000,
7192,Man on Wire,2962242,2008,
7193,Metropolitan,2960492,1990,
7194,Gracie,2956339,2007,
7195,976-EVIL,2955917,1989,
7196,The Last Full Measure,2949212,2020,Roadside Attractions
7197,Veer Zaara,2938532,2004,
7198,"Careful, He Might Hear You",2938179,1984,
7199,Up at the Villa,2933161,2000,
7200,Joan Rivers: A Piece of Work,2930687,2010,IFC Films
7201,The Beatles: Eight Days a Week - The Touring Years,2930414,2016,
7202,Jesus Thirsts: The Miracle of the Eucharist,2927121,2024,Fathom Events
7203,Choke,2926565,2008,
7204,Love Stinks,2924635,1999,
7205,Waiting for Guffman,2923982,1997,
7206,Clifford's Really Big Movie,2922354,2004,
7207,This Is My Life,2922094,1992,
7208,Homework,2914328,1982,
7209,Dream Horse,2913328,2021,Bleecker Street Media
7210,Crimes of Passion,2912945,1984,
7211,Tsotsi,2912606,2006,
7212,1992,2906073,2024,Lionsgate
7213,Cradle Will Rock,2903404,1999,
7214,Kabhi Khushi Kabhie Gham...,2902000,2001,
7215,Waking Life,2901447,2001,
7216,Midnight Madness,2900000,1980,
7217,The House Next Door: Meet the Blacks 2,2893660,2021,Hidden Empire Film Group (HEFG)
7218,Tadpole,2891288,2002,
7219,Attack on Titan the Movie: The Last Attack,2890192,2025,Sony Pictures Releasing
7220,The Warrior and the Sorceress,2886225,1984,
7221,Friends 25th: The One With The Anniversary,2884827,2019,Fathom Events
7222,The Trip to Italy,2880537,2014,IFC Films
7223,Phar Lap,2878404,1984,
7224,No Man's Land,2877571,1987,
7225,Unzipped,2875086,1995,
7226,K.G.F: Chapter 2,2874000,2022,Viva Pictures
7227,Saaho,2872057,2019,Yash Raj Films
7228,Talaash: The Answer Lies Within,2871956,2012,Reliance Big Pictures
7229,Jinxed!,2869638,1982,
7230,Gas,2869425,1981,
7231,The Toxic Avenger,2866783,2025,Iconic Events Releasing
7232,Another You,2865916,1991,
7233,Rappin',2864844,1985,
7234,Modern Romance,2863642,1981,
7235,Home Run,2861020,2013,The Samuel Goldwyn Company
7236,Nickel Boys,2858346,2024,
7237,American Animals,2856954,2018,
7238,eXistenZ,2856712,1999,
7239,The Fabulous Four,2854291,2024,Bleecker Street Media
7240,The Man in the Moon,2853801,1991,
7241,The Great Beauty,2852400,2013,
7242,Filly Brown,2850357,2013,Lionsgate
7243,Airborne,2850263,1993,
7244,The Judas Project,2850135,1993,
7245,Letters to God,2848578,2010,Vivendi Entertainment
7246,God Bless the Broken Road,2846257,2018,
7247,Othello,2844379,1995,
7248,The Oscar Nominated Short Films 2017: Live Action,2835355,2017,Shorts International
7249,Running on Empty,2835116,1988,
7250,Kedi,2835047,2017,Oscilloscope
7251,The Perez Family,2832826,1995,
7252,Reservoir Dogs,2832029,1992,
7253,The Identical,2827666,2014,Freestyle Releasing
7254,Newsies: The Broadway Musical,2827489,2017,Fathom Events
7255,The Fluffy Movie: Unity Through Laughter,2827393,2014,Open Road Films (II)
7256,The Power of One,2827107,1992,
7257,Sid and Nancy,2826523,1986,
7258,Monsieur Ibrahim,2823890,2003,
7259,Unforgettable,2821671,1996,
7260,Newsies,2819485,1992,
7261,The Oscar Nominated Short Films 2016: Live Action,2816816,2016,
7262,The Hudsucker Proxy,2816518,1994,
7263,Yor: The Hunter from the Future,2810199,1983,
7264,My Brother's Wife,2808241,2006,
7265,Return to the Blue Lagoon,2807854,1991,
7266,Here Today,2807494,2021,Stage 6 Films
7267,Map of the Human Heart,2806881,1993,
7268,Loving Couples,2806659,1980,
7269,Breaking,2806359,2022,Bleecker Street Media
7270,Barfi!,2804874,2012,UTV Motion Pictures
7271,In the Company of Men,2804473,1997,
7272,Citizenfour,2800870,2014,
7273,White Christmas,2800094,1954,
7274,Heat,2793214,1987,
7275,Year of the Comet,2791515,1992,
7276,Fast Forward,2791350,1985,
7277,When We Were Kings,2789985,1996,
7278,Hexed,2786807,1993,
7279,Kirk Cameron's Saving Christmas,2783970,2014,The Samuel Goldwyn Company
7280,Bugsy Malone,2783840,1976,
7281,La boda de Valentina,2783739,2018,
7282,"My Daughter, My Angel",2779545,2007,
7283,How to Lose Friends & Alienate People,2778752,2008,
7284,Gleaming the Cube,2777280,1989,
7285,Impulse,2773433,1984,
7286,My Penguin Friend,2769460,2024,Roadside Attractions
7287,Dr. Jekyll and Ms. Hyde,2763020,1995,
7288,My Architect,2762863,2003,
7289,The Manchurian Candidate,2757256,1962,
7290,The Pyramid,2756333,2014,Twentieth Century Fox
7291,Finding You,2753985,2021,Roadside Attractions
7292,Comedian,2751988,2002,
7293,Deadtime Stories,2750741,1986,
7294,Ma vie en cinémascope,2750263,2004,
7295,Freeriders,2750064,1998,
7296,Devdas,2745382,2002,
7297,Desperate Hours,2742912,1990,
7298,Goliyon Ki Raasleela Ram Leela,2738863,2013,Eros Worldwide
7299,Dangerous Animals,2738137,2025,IFC Films
7300,Is Genesis History?,2737155,2017,Fathom Events
7301,Shadows and Fog,2735731,1992,
7302,Hot Moves,2732684,1985,
7303,Kalank,2729336,2019,FIP
7304,The Good Lie,2722209,2014,Warner Bros.
7305,Wolf Warrior 2,2721100,2017,The H Collective
7306,My Cousin Rachel,2716368,2017,Fox Searchlight Pictures
7307,Absolution,2716343,2024,The Samuel Goldwyn Company
7308,Chéri,2715657,2009,
7309,Walk on Water,2713932,2005,
7310,Straight Out of Brooklyn,2712293,1991,
7311,Everything Must Go,2711643,2011,Roadside Attractions
7312,The History Boys,2706659,2006,
7313,Youth,2703296,2015,
7314,The Show,2702578,1995,
7315,The Way Back,2701859,2011,Newmarket Films
7316,The Allnighter,2700000,1987,
7317,Half Nelson,2697938,2006,
7318,The Scout,2694234,1994,
7319,Bobby Jones: Stroke of Genius,2694071,2004,
7320,Blind Fury,2692037,1990,
7321,The Bear,2687148,1984,
7322,Bad Medicine,2685453,1985,
7323,Richard III,2684904,1995,
7324,Hello Mary Lou: Prom Night II,2683519,1987,
7325,Magic in the Water,2680717,1995,
7326,Ip Man 3,2679437,2016,
7327,Junebug,2678691,2005,
7328,"After Dark, My Sweet",2678414,1990,
7329,Lamb,2676410,2021,A24
7330,Samsara,2672413,2012,Oscilloscope
7331,Tod@s caen,2670925,2019,Pantelion Films
7332,Playing for Keeps,2669366,1986,
7333,He Named Me Malala,2668936,2015,Fox Searchlight Pictures
7334,The Final Option,2666873,1983,
7335,Crash,2664812,1996,
7336,Bharath Ane Nenu,2663090,2018,
7337,Everybody Knows,2660165,2019,Focus Features
7338,The Card Counter,2657850,2021,Focus Features
7339,Easy Virtue,2656784,2009,
7340,The Taste of Things,2654510,2024,IFC Films
7341,Kids in the Hall: Brain Candy,2654308,1996,
7342,Chi-Raq,2653032,2015,Roadside Attractions
7343,The Mighty,2652246,1998,
7344,GHOST: Rite Here Rite Now,2647702,2024,Trafalgar Releasing
7345,Dhoom 2,2643586,2006,
7346,One Night Stand,2642983,1997,
7347,Naked Lunch,2641357,1991,
7348,God's Army,2637726,2000,
7349,Ezra,2631460,2024,Bleecker Street Media
7350,Voices,2631244,1979,
7351,Sight & Sound Presents: Daniel LIVE,2629933,2024,Fathom Events
7352,The Raid 2,2627209,2014,Sony Pictures Classics
7353,Thérèse: The Story of Saint Thérèse of Lisieux,2627016,2004,
7354,Captivity,2626800,2007,
7355,Boy Kills World,2626127,2024,Roadside Attractions
7356,The Idolmaker,2625716,1980,
7357,"Hello, Love, Again",2625000,2024,-
7358,Floyd Mayweather vs. Conor McGregor,2620183,2017,
7359,Pink Floyd: Live at Pompeii,2620076,2025,
7360,Escape from Germany,2616475,2024,Susan Tuckett Media
7361,Under the Skin,2614251,2014,A24
7362,Miles Ahead,2610896,2016,
7363,Heathcliff: The Movie,2610686,1986,
7364,Girl in Progress,2609412,2012,Lionsgate
7365,The Care Bears Adventure in Wonderland,2608000,1987,
7366,Qué León,2607916,2018,
7367,Kapoor & Sons,2607036,2016,
7368,Eleanor the Great,2607002,2025,Sony Pictures Classics
7369,Raise the Red Lantern,2603061,1992,
7370,N-Secure,2595644,2010,Freestyle Releasing
7371,The Admiral: Roaring Currents,2589811,2014,CJ Entertainment
7372,Control Room,2589616,2004,
7373,A Question of Faith,2587072,2017,Pure Flix Entertainment
7374,House of Games,2585639,1987,
7375,Captive,2583301,2015,Paramount Pictures
7376,The Fall,2581421,2008,
7377,Love and Death on Long Island,2581012,1998,
7378,Land,2577830,2021,Focus Features
7379,Brassed Off,2576331,1997,
7380,Jung Kook: I Am Still,2574318,2024,Trafalgar Releasing
7381,It Came from Hollywood,2573342,1982,
7382,Calendar Girl,2570550,1993,
7383,Stree 2,2570000,2024,Parthenos
7384,The Cure,2568425,1995,
7385,18 Again!,2567099,1988,
7386,Maxie,2564278,1985,
7387,Monty Python and the Holy Grail,2562392,1975,
7388,Honk for Jesus. Save Your Soul.,2561270,2022,Focus Features
7389,The Blue Angels,2560945,2024,Amazon MGM Studios
7390,Under the Volcano,2556800,1984,
7391,The Men's Club,2556361,1986,
7392,King of New York,2554476,1990,
7393,Dragon Ball Z: Battle of Gods,2553002,2014,Screenvision
7394,The Dish,2552992,2001,
7395,Jiro Dreams of Sushi,2552478,2012,Magnolia Pictures
7396,No Other Land,2549422,2025,-
7397,Carnage,2547047,2011,
7398,Streets of Gold,2546238,1986,
7399,Bang Bang,2546172,2014,FIP
7400,True Stories,2545142,1986,
7401,Impulse,2544504,1990,
7402,Words on Bathroom Walls,2542518,2020,Roadside Attractions
7403,Man on the Train,2542020,2003,
7404,Truth,2541854,2015,Sony Pictures Classics
7405,Mack & Rita,2540965,2022,Gravitas Premiere
7406,Ruby Sparks,2540106,2012,Fox Searchlight Pictures
7407,Sin Nombre,2536665,2009,
7408,The King of Comedy,2536242,1983,
7409,IN OUR HANDS: Battle for Jerusalem,2534370,2017,Fathom Events
7410,Do It Like An Hombre,2534252,2017,
7411,The Dreamers,2532228,2004,
7412,Bucky Larson: Born to Be a Star,2529395,2011,Sony Pictures Releasing
7413,Promare,2529324,2019,GKIDS
7414,Pieces of April,2528664,2003,
7415,You Were Never Really Here,2528078,2018,
7416,A Private Function,2527088,1985,
7417,A Stranger Is Watching,2519559,1982,
7418,The Room Next Door,2519488,2024,
7419,Dabangg 2,2519190,2012,
7420,Aces: Iron Eagle III,2517600,1992,
7421,Studio 666,2513963,2022,Open Road Films (II)
7422,Full Frontal,2512846,2002,
7423,Ra.One,2511689,2011,Eros Worldwide
7424,Frozen River,2511476,2008,
7425,Reform School Girls,2510433,1986,
7426,September 5,2508723,2024,
7427,Spinal Tap II: The End Continues,2508554,2025,Bleecker Street Media
7428,Marie,2507995,1985,
7429,Grace Unplugged,2507201,2013,Roadside Attractions
7430,Tu Jhoothi Main Makkaar,2503604,2023,Yash Raj Films USA Inc.
7431,Bon Voyage,2503286,2003,
7432,Problemista,2503154,2024,A24
7433,Red Rock West,2502551,1994,
7434,Come Out in Jesus Name,2500574,2023,Fathom Events
7435,Mistress America,2500431,2015,Fox Searchlight Pictures
7436,The Black Marble,2500000,1980,
7437,P.O.W. the Escape,2497233,1986,
7438,Rumble Fish,2494480,1983,
7439,Desert Hearts,2492088,1986,
7440,The Stupids,2491989,1996,
7441,"Silent Night, Deadly Night",2491460,1984,
7442,Choose Me,2490233,1984,
7443,The Stepfather,2488740,1987,
7444,Himalaya,2487878,2001,
7445,Maurice,2484230,1987,
7446,Moonlight and Valentino,2484226,1995,
7447,The Lost City,2484186,2006,
7448,Suspiria,2483472,2018,
7449,The American Society of Magical Negroes,2480645,2024,Focus Features
7450,My One and Only,2479538,2009,
7451,The Legend of Ochi,2475373,2025,A24
7452,Jefferson in Paris,2473668,1995,
7453,Kick,2472695,2014,UTV Motion Pictures
7454,LBJ,2470979,2017,
7455,Afterglow,2465960,1997,
7456,Class of 1999,2459895,1990,
7457,Oldboy,2458200,2005,
7458,Tulip Fever,2455635,2017,
7459,The Endurance,2453083,2001,
7460,Crimes of the Future,2452882,2022,Neon
7461,My Beautiful Laundrette,2451545,1986,
7462,The Sapphires,2450867,2013,The Weinstein Company
7463,Kill the Messenger,2450846,2014,
7464,Coolie,2450000,2025,Prathyangira Cinemas
7465,The Hand,2447576,1981,
7466,The Man Who Wasn't There,2443487,1983,
7467,Table for Five,2439705,1983,
7468,A Family Secret,2438422,2006,
7469,"Hey There, It's Yogi Bear",2438233,1986,
7470,Son of the Pink Panther,2438031,1993,
7471,THX 1138,2437000,1971,
7472,Pawn Sacrifice,2436633,2015,Bleecker Street Media
7473,Stranger Than Paradise,2436000,1984,
7474,Never Let Me Go,2434652,2010,Fox Searchlight Pictures
7475,Tough Enough,2433722,1983,
7476,Kansas,2432536,1988,
7477,The Grace Card,2430735,2011,The Samuel Goldwyn Company
7478,Ghajini,2430627,2008,
7479,Love Aaj Kal,2430083,2009,
7480,The Homesman,2429989,2014,
7481,You Kill Me,2429367,2007,
7482,The Disappointments Room,2423468,2016,
7483,"Paris, Texas",2422082,1984,
7484,Farewell to the King,2420917,1989,
7485,If Lucy Fell,2420162,1996,
7486,The Rider,2419031,2018,
7487,Mary and the Witch's Flower,2418404,2018,
7488,"Sorry, Baby",2418280,2025,A24
7489,Merrily We Roll Along,2418113,2025,Sony Pictures Classics
7490,Career Girls,2416734,1997,
7491,The Gatekeepers,2415727,2013,Sony Pictures Classics
7492,Flirting,2415396,1992,
7493,Body Chemistry,2415312,1990,
7494,Dead of Winter,2413427,1987,
7495,The Oscar Nominated Short Films 2015: Live Action,2412593,2015,Shorts International
7496,Wanda Nevada,2411145,1979,
7497,A Sunday in the Country,2411143,1984,
7498,The Art of Self-Defense,2410914,2019,Bleecker Street Media
7499,Arctic,2410795,2019,
7500,Sunburn,2410776,1979,
7501,Lawnmower Man 2: Beyond Cyberspace,2409225,1996,
7502,The Kindred,2407024,1987,
7503,BloodRayne,2405420,2006,
7504,The Eyes of Tammy Faye,2404127,2021,Searchlight Pictures
7505,Summer Camp,2403638,2024,Roadside Attractions
7506,The Miracle Club,2402780,2023,Sony Pictures Releasing
7507,Sidewalks of New York,2402652,2001,
7508,The Salesman,2402067,2017,
7509,T2 Trainspotting,2402004,2017,
7510,The Queen of Versailles,2401999,2012,
7511,Pokémon the Movie: I Choose You!,2401722,2017,
7512,The Evil Dead,2400000,1983,
7513,Kalifornia,2395231,1993,
7514,Hillsong: Let Hope Rise,2394386,2016,
7515,Backbeat,2392589,1994,
7516,Dangerously Close,2390525,1986,
7517,In the Loop,2388804,2009,
7518,I'm in Love with a Church Girl,2387730,2013,High Top Releasing
7519,After We Collided,2386483,2020,Open Road Films (II)
7520,Hearts Beat Loud,2386251,2018,
7521,The Basketball Diaries,2381087,1995,
7522,"Spring, Summer, Fall, Winter... and Spring",2380788,2004,
7523,Journey,2377609,2003,
7524,The Dancer Upstairs,2377348,2003,
7525,Dear Zindagi,2376479,2016,
7526,Buffalo '66,2375097,1998,
7527,Smilla's Sense of Snow,2372903,1997,
7528,The Pillow Book,2372744,1997,
7529,A Little Sex,2370376,1982,
7530,"My People, My Country",2356683,2019,CMC Pictures
7531,Drive My Car,2352240,2021,Janus Films
7532,Ek Tha Tiger,2347774,2012,
7533,At Close Range,2347000,1986,
7534,Downtown,2346150,1990,
7535,Redbelt,2345941,2008,
7536,Chocolat,2344286,1989,
7537,No,2343664,2013,Sony Pictures Classics
7538,1991,2342264,2018,
7539,Elle,2341534,2016,
7540,Double Dragon,2341309,1994,
7541,Layer Cake,2339957,2005,
7542,Papillon,2335896,2018,
7543,Gabriela,2335352,2001,
7544,Jeepers Creepers III,2335162,2017,
7545,Meru,2334228,2015,Music Box Films
7546,To Live,2332728,1994,
7547,Last Orders,2329631,2002,
7548,Trance,2328743,2013,Fox Searchlight Pictures
7549,Interstella 5555: The 5tory of the 5ecret 5tar 5ystem,2328339,2024,Trafalgar Releasing
7550,A World Apart,2326860,1988,
7551,Weeds,2325444,1987,
7552,Hitpig,2324019,2024,Viva Pictures
7553,Elevation,2321801,2024,Vertical Entertainment
7554,East/West,2321029,2000,
7555,"Summer of Soul (...Or, When the Revolution Could Not Be Televised)",2320649,2021,Searchlight Pictures
7556,White Hunter Black Heart,2319124,1990,
7557,Shanghai Surprise,2315683,1986,
7558,"Man, Woman and Child",2314561,1983,
7559,A Aa,2313043,2016,
7560,Shadow Conspiracy,2312463,1997,
7561,Exhuma,2310900,2024,Well Go USA Entertainment
7562,WARx2,2310625,2015,
7563,A Good Man in Africa,2308390,1994,
7564,Merry Christmas Mr. Lawrence,2306560,1983,
7565,The Resurrection of Gavin Stone,2303792,2017,
7566,Burnt by the Sun,2302338,1995,
7567,The East,2301839,2013,Fox Searchlight Pictures
7568,Ode to My Father,2300121,2014,
7569,The Day of the Dolphin,2300000,1973,
7570,Fan,2300000,2016,
7571,Parallel Mothers,2297501,2021,
7572,Mark Twain's America in,2297096,1998,
7573,Sky Bandits,2295500,1986,
7574,At Eternity's Gate,2294915,2018,
7575,Renoir,2293798,2013,The Samuel Goldwyn Company
7576,Perfect Blue,2292123,1999,
7577,The Killing of a Sacred Deer,2291901,2017,
7578,Once Upon a Time... When We Were Colored,2291255,1996,
7579,Love Crimes,2287928,1992,
7580,Dancing at Lughnasa,2287818,1998,
7581,Snowriders II,2287639,1997,
7582,Hav Plenty,2284034,1998,
7583,The Company,2283914,2003,
7584,Waltz with Bashir,2283849,2008,
7585,Pecker,2281761,1998,
7586,The Nasty Girl,2281569,1990,
7587,Gigi & Nate,2280814,2022,Roadside Attractions
7588,Noises Off...,2280148,1992,
7589,Collide,2280004,2017,
7590,A Brief History of Time,2279692,1992,
7591,"Yes, Giorgio",2279543,1982,
7592,Nomads,2278264,1986,
7593,Adam,2277396,2009,
7594,Escanaba in da Moonlight,2276602,2001,
7595,Riding Giants,2276368,2004,
7596,Showdown in Little Tokyo,2275557,1991,
7597,Bamboozled,2274979,2000,
7598,Super 30,2269878,2019,Reliance Big Pictures
7599,Texasville,2268181,1990,
7600,Sleepwalk with Me,2266067,2012,
7601,Love Is Strange,2262223,2014,
7602,Gilda Live,2261507,1980,
7603,Leprechaun 2,2260622,1994,
7604,Sing,2260616,1989,
7605,Dans une galaxie près de chez vous - Le film,2259688,2004,
7606,In the Land of Saints and Sinners,2258795,2024,The Samuel Goldwyn Company
7607,The Christmas Candle,2258620,2013,EchoLight Studios
7608,The Night of the Shooting Stars,2257307,1983,
7609,The Draughtsman's Contract,2256246,1983,
7610,DysFunktional Family,2255000,2003,
7611,My Neighbor Totoro,2250213,2017,
7612,Touch of Evil,2247465,1958,
7613,My All-American,2246000,2015,
7614,Faustina: Love and Mercy,2243180,2019,Fathom Events
7615,Half Brothers,2241980,2020,Focus Features
7616,2 States,2238174,2014,
7617,The Illusionist,2231474,2010,
7618,Vincent & Theo,2231274,1990,
7619,Bhool Bhulaiyaa 3,2230000,2024,-
7620,Detective Chinatown 1900,2229946,2025,CMC Pictures
7621,Rabbit Hole,2229058,2010,
7622,The Squeeze,2228951,1987,
7623,Le Week-End,2225098,2014,
7624,Don,2223961,2006,
7625,Perfume: The Story of a Murderer,2223293,2006,
7626,The White Ribbon,2222862,2009,
7627,Shattered Glass,2220008,2003,
7628,The Good House,2219760,2022,Roadside Attractions
7629,Def by Temptation,2218579,1990,
7630,Lage Raho Munna Bhai,2217562,2006,
7631,The Incredibly True Adventure of Two Girls in Love,2213927,1995,
7632,A Good Person,2210465,2023,United Artists Releasing
7633,Transsiberian,2206405,2008,
7634,But I'm a Cheerleader,2205627,2000,
7635,Autumn Tale,2205339,1999,
7636,Innocence,2202382,2001,
7637,The Host,2201923,2007,
7638,Dark Eyes,2201428,1987,
7639,Rivers and Tides,2200276,2002,
7640,Blue Is the Warmest Colour,2199787,2013,
7641,Coffee and Cigarettes,2198924,2004,
7642,The Impostors,2198044,1998,
7643,Rang De Basanti,2197694,2006,
7644,The Lovers,2194521,2017,
7645,Wild Bill,2193982,1995,
7646,Oldboy,2193658,2013,FilmDistrict
7647,Electric Dreams,2193612,1984,
7648,Krrish 3,2191534,2013,Eros Worldwide
7649,Singham Again,2190000,2024,-
7650,Russkies,2189047,1987,
7651,Scoob!,2188425,2021,Warner Bros.
7652,Jem and the Holograms,2184640,2015,
7653,Bird,2181286,1988,
7654,Decision to Leave,2179864,2022,MUBI
7655,The Fall of the American Empire,2178460,2018,
7656,Chinese Box,2178160,1998,
7657,Dance with a Stranger,2174622,1985,
7658,3 from Hell,2172949,2019,
7659,Tarzan and the Lost City,2172941,1998,
7660,The Oscar Nominated Short Films 2014: Live Action,2171849,2014,
7661,Words and Pictures,2171257,2014,
7662,After We Fell,2170750,2021,Vertical Entertainment
7663,Total Dhamaal,2167632,2019,
7664,A Dog of Flanders,2165637,1999,
7665,Priceless,2165188,2008,
7666,Ma vie en rose,2162043,1997,
7667,Limbo,2160710,1999,
7668,Singh Is King,2159376,2008,
7669,Austenland,2159041,2013,
7670,Wilde,2158775,1998,
7671,Turtle Diary,2156772,1986,
7672,Scenes from the Class Struggle in Beverly Hills,2156471,1989,
7673,Emily the Criminal,2156296,2022,Roadside Attractions
7674,The Patriarch,2156047,2017,
7675,The Endless Summer 2,2155385,1994,
7676,Heartbeeps,2154696,1981,
7677,Paterson,2152738,2016,
7678,Rich in Love,2149866,1993,
7679,Meatballs III: Summer Job,2147228,1987,
7680,The Saratov Approach,2146999,2013,
7681,Mrs. Parker and the Vicious Circle,2144667,1994,
7682,The Oscar Nominated Short Films 2013: Live Action,2142342,2013,
7683,The Lodge,2138907,2020,Neon
7684,Moving On,2136832,2023,Roadside Attractions
7685,Morgan Stewart's Coming Home,2136381,1987,
7686,Brad's Status,2133158,2017,
7687,Train to Busan,2129768,2016,
7688,Windows,2128395,1980,
7689,The Quiet Earth,2123135,1985,
7690,The Father,2122771,2021,Sony Pictures Classics
7691,Framed,2122703,1975,
7692,Mallrats,2122561,1995,
7693,Let the Right One In,2122065,2008,
7694,Umma,2121025,2022,Stage 6 Films
7695,29th Street,2120564,1991,
7696,Videodrome,2120439,1983,
7697,The Nutcracker,2119994,1993,
7698,Intimate Strangers,2110589,2004,
7699,Housefull 4,2109160,2019,
7700,Night of the Zoopocalypse,2108907,2025,Viva Pictures
7701,Gloria,2107925,2014,
7702,Average Joe,2106965,2024,Fathom Events
7703,The Clothes in the Wardrobe,2106846,1993,
7704,State Property,2106838,2002,
7705,Fanaa,2105352,2006,
7706,The Princess and the Goblin,2105078,1994,
7707,The Sea Inside,2104923,2004,
7708,Faithful,2104439,1996,
7709,A Month by the Lake,2101087,1995,
7710,Eating,2100538,1990,
7711,Game Changer,2100000,2025,Shloka Entertainments
7712,The Daytrippers,2099677,1997,
7713,The Ark and the Darkness,2097560,2024,Fathom Events
7714,Indian Horse,2097362,2018,
7715,Guru,2096000,2007,
7716,Butterfly,2092682,2000,
7717,Fear,2090261,2023,Hidden Empire Film Group (HEFG)
7718,The Wedding Banquet,2090228,2025,Bleecker Street Media
7719,A Prophet,2087720,2010,Sony Pictures Classics
7720,Zero Effect,2087471,1998,
7721,Trick,2087228,1999,
7722,Just Tell Me What You Want,2086905,1980,
7723,Shanghai Triad,2086101,1995,
7724,Between the Temples,2084122,2024,Sony Pictures Classics
7725,I'm Not Ashamed,2082980,2016,
7726,Winnie-the-Pooh: Blood and Honey,2082898,2023,Fathom Events
7727,Screwballs,2082215,1983,
7728,"Oh, Hi!",2082113,2025,Sony Pictures Classics
7729,Strawberry & Chocolate,2080805,1995,
7730,Oliver Twist,2080321,2005,
7731,Salaam Bombay!,2080046,1988,
7732,Shallow Grave,2079569,1995,
7733,Rab Ne Bana Di Jodi,2078956,2008,
7734,Raising Victor Vargas,2078661,2003,
7735,The Wackness,2077116,2008,
7736,Brick,2075743,2006,
7737,Purple Hearts,2075282,1984,
7738,The Sheltering Sky,2075084,1990,
7739,Blackfish,2073582,2013,
7740,Strangers with Candy,2072645,2006,
7741,The Wolf and the Lion,2072173,2022,Blue Fox Entertainment
7742,Incendies,2071334,2011,Sony Pictures Classics
7743,Cadence,2070871,1991,
7744,Billy's Hollywood Screen Kiss,2070399,1998,
7745,Snowriders,2068490,1996,
7746,Tamasha,2065487,2015,
7747,Pelle the Conqueror,2063688,1988,
7748,Auto Focus,2063196,2002,
7749,Ravenous,2062405,1999,
7750,Rust and Bone,2062027,2012,
7751,The Krays,2060847,1990,
7752,Married to It,2059832,1993,
7753,Sight & Sound Presents: NOAH Live,2059719,2025,-
7754,Two Girls and a Guy,2057193,1998,
7755,Beyond the Mat,2053648,1999,
7756,Three Men and a Cradle,2052466,1986,
7757,Skinamarink,2052272,2023,IFC Films
7758,Jacknife,2049769,1989,
7759,Besieged,2048740,1999,
7760,Testament,2044892,1983,
7761,Orchestra Seats,2044858,2007,
7762,Rooftops,2043889,1989,
7763,Big Bully,2042530,1996,
7764,We Don't Live Here Anymore,2041014,2004,
7765,El Mariachi,2040920,1993,
7766,Wildfire: Feel the Heat,2040635,1999,
7767,I Love You Phillip Morris,2037459,2010,
7768,Novocaine,2036682,2001,
7769,Mom and Dad Save the World,2034470,1992,
7770,Jeepers Creepers: Reborn,2033057,2022,Fathom Events
7771,Gate 2: The Trespassers,2032973,1992,
7772,Pieces,2032311,1983,
7773,Puzzle,2032018,2018,
7774,The Trip,2030962,2011,IFC Films
7775,This Is Elvis,2028612,1981,
7776,Is Anybody There?,2026756,2009,
7777,Good Time,2026499,2017,
7778,The Immigrant,2025328,2014,
7779,The Work and the Glory II: American Zion,2025032,2005,
7780,A Bigger Splash,2024099,2016,
7781,Puccini: Tosca,2023749,2018,
7782,Re-Animator,2023414,1985,
7783,Winter People,2023282,1989,
7784,Sphinx,2022771,1981,
7785,The Dressmaker,2022115,2016,
7786,Three Seasons,2021698,1999,
7787,Surviving Picasso,2021348,1996,
7788,A Fantastic Woman,2020988,2018,
7789,Taal,2020532,1999,
7790,Kika,2019581,1994,
7791,Betty Blue,2016851,1986,
7792,Shortbus,2016181,2006,
7793,Rad,2015882,1986,
7794,Night on Earth,2015810,1992,
7795,Better Than Chocolate,2015406,1999,
7796,Evil Words,2014071,2003,
7797,"Bon Voyage, Charlie Brown (and Don't Come Back!!)",2013193,1980,
7798,The Moderns,2011497,1988,
7799,The Order,2010901,2024,Vertical Entertainment
7800,Luce,2010613,2019,
7801,Monsieur Lazhar,2009517,2012,
7802,Pope Francis: A Man of His Word,2008385,2018,
7803,Footnote,2007758,2012,
7804,Titus,2007290,1999,
7805,Paradise Road,2007100,1997,
7806,The Handmaiden,2006788,2016,
7807,Crazy in Alabama,2005840,1999,
7808,Lee,2005488,2024,Roadside Attractions
7809,Assassination Nation,2005142,2018,
7810,Hum Saath-Saath Hain,2005094,1999,
7811,Red Nose,2004814,2003,
7812,Honky Tonk Freeway,2004742,1981,
7813,Chhichhore,2004400,2019,
7814,Look Back,2002270,2024,GKIDS
7815,Desierto,2002036,2016,
7816,Yolo,2001584,2024,Sony Pictures Releasing
7817,Nemesis,2001124,1993,
7818,Greater,2000620,2016,
7819,Ju Dou,2000455,1991,
7820,The Front Runner,2000105,2018,
7821,Bad Lieutenant,2000022,1992,
7822,Queen Rock Montreal,2000000,2024,-
7823,The Double Life of Véronique,1999955,1991,
7824,Our Winning Season,1997705,1978,
7825,Blue Moon,1996625,2025,Sony Pictures Classics
7826,The Butcher Boy,1995911,1998,
7827,Opus,1993397,2025,A24
7828,The Bride of Badrinath,1993259,2017,
7829,Kal Ho Naa Ho,1991922,2003,
7830,Date with an Angel,1988962,1987,
7831,Official Secrets,1988546,2019,
7832,Killer Joe,1987762,2012,
7833,Agneepath,1986748,2012,
7834,Detective Chinatown 2,1983984,2018,
7835,Better Man,1983648,2024,
7836,Ridicule,1979768,1996,
7837,Demolition,1978592,2016,
7838,Raggedy Man,1976198,1981,
7839,The Iceman,1969193,2013,
7840,Endless Winter,1966454,1995,
7841,Savage Islands,1963756,1983,
7842,Dreams,1963207,1990,
7843,Watcher,1961207,2022,IFC Films
7844,High Art,1960216,1998,
7845,Margot at the Wedding,1959420,2007,
7846,"Happy, Texas",1955933,1999,
7847,The Clan of the Cave Bear,1953732,1986,
7848,Christy,1952677,2025,Black Bear
7849,SUGA: Agust D Tour 'D-DAY' the Movie,1951896,2024,Trafalgar Releasing
7850,Cake,1951776,2015,
7851,Out of Darkness,1951547,2024,Bleecker Street Media
7852,Vertical Reality,1951429,1994,
7853,Race the Sun,1945552,1996,
7854,I Wanna Hold Your Hand,1944682,1978,
7855,Jake Speed,1943751,1986,
7856,Madame Bovary,1942423,1991,
7857,Goodbye Lover,1940299,1999,
7858,Masterminds,1935539,1997,
7859,Erik the Viking,1932642,1989,
7860,The Curse,1930001,1987,
7861,The Valet,1926800,2007,
7862,Queen Bees,1926706,2021,Gravitas Ventures
7863,Jules,1924922,2023,Bleecker Street Media
7864,The Tenant,1924733,1976,
7865,Better Days,1921657,2019,
7866,Communion,1919653,1989,
7867,"Kiss Me, Guido",1918497,1997,
7868,Warning Sign,1918117,1985,
7869,Everybody Loves Somebody,1915789,2017,
7870,Old Fashioned,1914090,2015,
7871,State of Grace,1911542,1990,
7872,Along With the Gods: The Two Worlds,1908823,2017,
7873,Assassination,1904682,2015,
7874,Neil Young: Heart of Gold,1904606,2006,
7875,Werewolves,1903905,2024,
7876,The Proposition,1903434,2006,
7877,The Decline of the American Empire,1902706,1986,
7878,Pets on a Train,1902241,2025,Viva Pictures
7879,Jane Austen Wrecked My Life,1900978,2025,Sony Pictures Classics
7880,Splitsville,1900750,2025,Neon
7881,A Sound of Thunder,1900451,2005,
7882,Quiet Cool,1900000,1986,
7883,Tango,1897948,1999,
7884,Oscar and Lucinda,1897404,1998,
7885,Youth,1891956,2017,
7886,The Mighty Macs,1891936,2011,
7887,Bring on the Night,1890571,1985,
7888,The Story of Qiu Ju,1890247,1993,
7889,Mr. Malcolm's List,1885718,2022,Bleecker Street Media
7890,The Night We Never Met,1884814,1993,
7891,Singin' in the Rain,1884537,1952,
7892,Vibes,1883811,1988,
7893,Verdi: La Traviata,1882931,2018,
7894,Only Lovers Left Alive,1879534,2014,
7895,The Slugger's Wife,1878561,1985,
7896,Breaking In,1877618,1989,
7897,The Personal History of David Copperfield,1876298,2020,Searchlight Pictures
7898,I Shot Andy Warhol,1875527,1996,
7899,Racetime,1875283,2018,
7900,Legend,1872994,2015,
7901,Armageddon Time,1872625,2022,Focus Features
7902,Harrison's Flowers,1871025,2002,
7903,In the Lost Lands,1870305,2025,Vertical Entertainment
7904,Tillu Square,1870000,2024,
7905,Cookie,1869417,1989,
7906,Baby It's You,1867792,1983,
7907,A Quiet Passion,1865396,2017,
7908,C'mon C'mon,1863674,2021,A24
7909,Bitter Moon,1862805,1994,
7910,Riff Raff,1862519,2025,Roadside Attractions
7911,English Vinglish,1862086,2012,
7912,Badla,1861000,2019,
7913,Radhe Shyam,1860000,2022,-
7914,Rich Kids,1856122,1979,
7915,Blue Lock: Episode Nagi,1855384,2024,
7916,Creation of the Gods II: Demon Force,1853487,2025,Well Go USA Entertainment
7917,Roman de gare,1852764,2008,
7918,Miss Firecracker,1852655,1989,
7919,The Five of Us,1852272,2004,
7920,Salaam-e-Ishq,1852050,2007,
7921,Washington Square,1851761,1997,
7922,Clouds of Sils Maria,1851517,2015,
7923,Heavenly Bodies,1839623,1985,
7924,Elvis Gratton 3: Le retour d'Elvis Wong,1838920,2004,
7925,Henry Poole Is Here,1836515,2008,
7926,The Wind that Shakes the Barley,1836089,2007,
7927,Bodyguard,1834384,2011,
7928,Crooked Arrows,1832541,2012,
7929,Pinocchio,1831718,2020,Roadside Attractions
7930,Toilet: A Love Story,1830715,2017,
7931,Spartacus,1830650,1960,
7932,Poison Ivy,1829804,1992,
7933,The White Crow,1828784,2019,
7934,Rudo y Cursi,1827660,2009,
7935,Tusk,1826705,2014,
7936,Bossa Nova,1823297,2000,
7937,The Forbidden Dance,1823154,1990,
7938,Kinky Boots,1822428,2006,
7939,Testament of Youth,1822250,2015,
7940,The Buddy System,1820049,1984,
7941,The Last Tycoon,1819912,1976,
7942,Harry Brown,1818681,2010,The Samuel Goldwyn Company
7943,Carny,1817720,1980,
7944,The Color of Paradise,1817216,2000,
7945,The Dangerous Lives of Altar Boys,1815864,2002,
7946,The Wretched,1814193,2020,IFC Films
7947,Stone,1810078,2010,Overture Films
7948,NSync: Bigger Than Live,1808679,2001,
7949,The Other Side of Heaven 2: Fire of Faith,1807216,2019,
7950,Moses,1807117,2018,
7951,Hysteria,1804139,2012,
7952,Delicatessen,1803257,1992,
7953,Show Me the Father,1803226,2021,Affirm Films
7954,The Wall,1803064,2017,
7955,Somewhere in Queens,1802442,2023,Roadside Attractions
7956,Piku,1801807,2015,
7957,M.S. Dhoni: The Untold Story,1801550,2016,
7958,Honsla Rakh,1800000,2021,-
7959,Free Fire,1799312,2017,
7960,Hurlyburly,1798862,1998,
7961,Boxing Helena,1796389,1993,
7962,Clay Pigeons,1794086,1998,
7963,Tune in Tomorrow...,1794001,1990,
7964,The Marsh King's Daughter,1792905,2023,Lionsgate
7965,Housefull 2,1791780,2012,
7966,Stormy Monday,1791328,1988,
7967,King of the Mountain,1791147,1981,
7968,Fantastic Fungi,1788322,2019,
7969,Live Flesh,1785901,1998,
7970,Somewhere,1785645,2010,
7971,Son of Rambow,1785505,2008,
7972,The Vatican Tapes,1784763,2015,
7973,The Last Word,1783421,2017,
7974,A Soldier's Daughter Never Cries,1782005,1998,
7975,The Nutcracker Prince,1781694,1990,
7976,The Mangler,1781383,1995,
7977,Working Girls,1777378,1987,
7978,Son of Saul,1777043,2015,
7979,Too Beautiful for You,1776440,1990,
7980,Fill the Void,1775316,2013,
7981,Bloodfist,1770082,1989,
7982,Vikram,1770000,2022,Prime Media Pictures
7983,Naked,1769305,1993,
7984,Carman: The Champion,1765751,2001,
7985,Holy Smoke,1765545,1999,
7986,Puccini: La Bohème,1764201,2018,
7987,The Story of the Weeping Camel,1763052,2004,
7988,Heat and Dust,1761291,1983,
7989,I Like It Like That,1760527,1994,
7990,A Better Life,1759252,2011,
7991,The King's Daughter,1758963,2022,Gravitas Ventures
7992,The Firing Squad,1757110,2024,
7993,The Blue Butterfly,1755355,2004,
7994,Flipped,1755212,2010,Warner Bros.
7995,Valentino: The Last Emperor,1755134,2009,
7996,Sam and Colby: The Legends of the Paranormal,1755000,2024,
7997,Carnosaur,1753979,1993,
7998,Prospero's Books,1750301,1991,
7999,Kuberaa,1750000,2025,Prathyangira Cinemas
8000,Hunk,1749956,1987,
8001,Main Hoon Na,1747060,2004,
8002,The Broken Hearts Club: A Romantic Comedy,1746585,2000,
8003,Vanya on 42nd Street,1746050,1994,
8004,The Debut,1745778,2001,
8005,Everybody's Fine,1745470,1991,
8006,Profile,1744740,2021,Focus Features
8007,Personal Services,1744164,1987,
8008,Find a Boyfriend for My Wife... PLEASE!,1741889,2016,
8009,Suicide Kings,1740156,1998,
8010,House III: The Horror Show,1738897,1989,
8011,We Need to Talk About Kevin,1738692,2011,
8012,The City of Lost Children,1738611,1995,
8013,Billy Lynn's Long Halftime Walk,1738477,2016,
8014,Look at Me,1737308,2005,
8015,Barbarosa,1736123,1982,
8016,Goodbye Christopher Robin,1735251,2017,
8017,L'odyssée d'Alice Tremblay,1734925,2002,
8018,Little Nikita,1733070,1988,
8019,The Big Town,1733017,1987,
8020,My Father's Glory,1730856,1991,
8021,A Hidden Life,1730597,2019,
8022,The Rosary Murders,1730337,1987,
8023,Take Shelter,1730296,2011,
8024,Last Exit to Brooklyn,1730005,1990,
8025,Cutter's Way,1729274,1981,
8026,Pokemon 4Ever: Celebi - Voice of the Forest,1727447,2002,
8027,Girl Rising,1727259,2013,
8028,The Dreamlife of Angels,1726567,1999,
8029,Every Little Step,1725141,2009,
8030,Koyaanisqatsi,1723872,1983,
8031,Stryker,1723487,1983,
8032,Jane,1723379,2017,
8033,The Waterdance,1723319,1992,
8034,Standing in the Shadows of Motown,1722119,2002,
8035,Lost in the Stars,1721446,2023,CMC Pictures
8036,Mrs Palfrey at the Claremont,1720953,2005,
8037,Link,1720450,1986,
8038,The Attack,1720325,2013,
8039,Green and Gold,1719105,2025,Fathom Events
8040,Stoker,1714221,2013,
8041,City of Dreams,1713427,2024,
8042,The Life and Times of Hank Greenberg,1712385,2000,
8043,Everything Is Illuminated,1712337,2005,
8044,Steel,1710972,1997,
8045,High Heels,1710057,1991,
8046,"To Joey, with Love",1709073,2016,
8047,Even Cowgirls Get the Blues,1708873,1994,
8048,The Girl on the Bridge,1708839,2000,
8049,Creation of the Gods I: Kingdom of Storms,1706355,2023,Well Go USA Entertainment
8050,Sweet Land,1706325,2006,
8051,Lady in White,1705139,1988,
8052,Menashe,1703036,2017,
8053,Unfinished Song,1702668,2013,
8054,The Oscar Nominated Short Films 2012: Live Action,1702415,2012,
8055,Death Wish: The Face of Death,1702394,1994,
8056,Bad Lieutenant: Port of Call New Orleans,1702112,2009,
8057,The Scent of Green Papaya,1700992,1994,
8058,Meet the Patels,1700681,2015,
8059,Best of the Best,1700000,1989,
8060,The Rain Killer,1696066,1990,
8061,Quinceañera,1692693,2006,
8062,State Property: Blood on the Streets,1691706,2005,
8063,Race 3,1690861,2018,
8064,The Legend of Johnny Lingo,1690767,2003,
8065,Body Rock,1689501,1984,
8066,Slamma Jamma,1687000,2017,
8067,Kites,1685269,2010,
8068,Daughters of the Dust,1683422,1992,
8069,Matewan,1680358,1987,
8070,"The Book of Mormon Movie, Volume 1: The Journey",1680020,2003,
8071,Who Killed the Electric Car?,1678874,2006,
8072,A Home of Our Own,1677807,1993,
8073,The Gingerbread Man,1677131,1998,
8074,Weiner,1676108,2016,
8075,Factory Girl,1675241,2006,
8076,Walk Proud,1675040,1979,
8077,Dead of Winter,1674777,2025,Vertical Entertainment
8078,Tim's Vermeer,1671377,2014,
8079,Pad Man,1670192,2018,
8080,The White Countess,1669971,2005,
8081,Overlord: The Sacred Kingdom,1669110,2024,
8082,Jab Harry Met Sejal,1664648,2017,
8083,Capernaum,1661096,2018,
8084,Out on a Limb,1659542,1992,
8085,The Comedian,1659002,2016,
8086,Aftersun,1658790,2022,A24
8087,Waves,1658790,2019,
8088,Summer Hours,1657001,2009,
8089,Late Marriage,1656445,2002,
8090,The Celebration,1656223,1998,
8091,Prick Up Your Ears,1654743,1987,
8092,Jolly LLB 2,1654254,2017,
8093,The Abandoned,1653012,2006,
8094,Marci X,1648818,2003,
8095,The Letters,1647416,2015,
8096,The Little Hours,1647175,2017,
8097,Battle for Terra,1647083,2009,
8098,I Saw the Light,1646788,2016,
8099,Get Crazy,1645711,1983,
8100,Spider,1642483,2002,
8101,How I Got Into College,1642239,1989,
8102,Pirates,1641825,1986,
8103,Josh and S.A.M.,1640220,1993,
8104,Gun Shy,1638202,2000,
8105,The Rental,1637548,2020,IFC Films
8106,Bhaag Milkha Bhaag,1636731,2013,
8107,Your Sister's Sister,1636190,2012,
8108,Wild Rose,1635117,2019,
8109,Black Diamond Rush,1634386,1993,
8110,A Private War,1633208,2018,
8111,Locked,1632758,2025,
8112,Love Is All You Need,1631709,2013,Sony Pictures Classics
8113,Camp,1629862,2003,
8114,Kiss of the Spider Woman,1628029,2025,
8115,Brain Dead,1627955,1990,
8116,Citizen Kane,1627530,1941,
8117,Silence of the North,1622898,1981,
8118,Coco Chanel & Igor Stravinsky,1621226,2010,
8119,Keeping Mum,1619466,2006,
8120,Potiche,1618844,2011,
8121,The Aftermath,1618497,2019,
8122,Safe Passage,1618282,1994,
8123,I'm Not Scared,1615328,2004,
8124,Wide Sargasso Sea,1614784,1993,
8125,Senna,1612430,2011,
8126,It Might Get Loud,1610163,2009,
8127,Once Were Warriors,1608570,1995,
8128,Rhyme & Reason,1608277,1997,
8129,The Ballad of Wallis Island,1607835,2025,
8130,The Retirement Plan,1607344,2023,Falling Forward Films
8131,Route 60: The Biblical Highway,1606339,2023,
8132,Equity,1605463,2016,
8133,A Heart in Winter,1605437,1993,
8134,Cairo Time,1603616,2010,
8135,Jesus of Montreal,1601612,1990,
8136,Small Things Like These,1600956,2024,
8137,Infinite Storm,1600543,2022,Bleecker Street Media
8138,Stories We Tell,1600145,2013,
8139,Wake Up Dead Man,1600000,2025,
8140,Battle of the Brave,1599716,2004,
8141,"Farewell, My Queen",1597998,2012,
8142,Chasers,1596687,1994,
8143,A Ghost Story,1596371,2017,
8144,Verdi: Aida,1595902,2018,
8145,Polite Society,1595585,2023,Focus Features
8146,Sex and Lucía,1594779,2002,
8147,I Am,1591034,2011,
8148,Vikram Vedha,1589362,2022,Reliance Entertainment
8149,That Time I Got Reincarnated as a Slime the Movie: Scarlet Bond,1588491,2023,Crunchyroll
8150,The Bookshop,1588150,2018,
8151,"New York, I Love You",1588015,2009,
8152,Nicholas Nickleby,1587173,2002,
8153,Neerja,1585687,2016,
8154,Romance,1585642,1999,
8155,Making Mr. Right,1584970,1987,
8156,Professor Marston & the Wonder Women,1584759,2017,
8157,Western Stars,1581681,2019,
8158,Race 2,1579940,2013,
8159,Red Joan,1579730,2019,
8160,The Stray,1579440,2017,
8161,Solarbabies,1579260,1986,
8162,Gomorrah,1579146,2008,
8163,Vincent,1577480,1988,
8164,Hamlet,1577287,2000,
8165,The Home,1576983,2025,
8166,May Fools,1576702,1990,
8167,The Garbage Pail Kids Movie,1576615,1987,
8168,The Woodsman,1576231,2004,
8169,Genesis: Paradise Lost,1575000,2017,
8170,It Was Just an Accident,1574967,2025,
8171,After the Wedding,1574258,2019,
8172,Farinelli,1573411,1995,
8173,Eden,1573396,2025,
8174,Veronica Guerin,1571504,2003,
8175,City of Industry,1568258,1997,
8176,Extreme Job,1565885,2019,
8177,Girlfight,1565852,2000,
8178,Another Woman,1562749,1988,
8179,A Late Quartet,1562548,2012,
8180,"Bless Me, Ultima",1561962,2013,
8181,A Handful of Dust,1560700,1988,
8182,Persecuted,1558836,2014,
8183,Zebrahead,1557771,1992,
8184,Ararat,1555959,2002,
8185,Truly Madly Deeply,1554742,1991,
8186,Beautiful Thing,1548120,1996,
8187,The Haunting of Morella,1547867,1990,
8188,Two Moon Junction,1547397,1988,
8189,A Royal Affair,1546761,2012,
8190,In God's Hands,1546414,1998,
8191,Withnail and I,1544889,2025,
8192,Operation Red Sea,1543547,2018,
8193,One False Move,1543112,1992,
8194,Asterix and Obelix vs. Caesar,1541261,1999,
8195,Year of the Dog,1540141,2007,
8196,Awake: The Life of Yogananda,1539680,2014,
8197,Three for the Road,1539000,1987,
8198,Fed Up,1538899,2014,
8199,Last Embrace,1537125,1979,
8200,Dogville,1535286,2004,
8201,After the Wedding,1534584,2007,
8202,Destroyer,1533324,2018,
8203,Delhi Belly,1532594,2011,
8204,Bad Shabbos,1531728,2024,
8205,The Last of the Finest,1531489,1990,
8206,Murderball,1531154,2005,
8207,Lianna,1530839,1983,
8208,Trust the Man,1530535,2006,
8209,A Taxi Driver,1527829,2017,
8210,The Duke,1526970,2022,Sony Pictures Classics
8211,A Midnight Clear,1526697,1992,
8212,Misunderstood,1525532,1984,
8213,Sword Art Online the Movie: Ordinal Scale,1522976,2017,
8214,Inhumans,1521787,2017,
8215,Stepfather II: Make Room for Daddy,1519796,1989,
8216,Being Human,1519366,1994,
8217,Kon-Tiki,1517410,2013,
8218,Life Is Sweet,1516414,1991,
8219,"I, the Jury",1515578,1982,
8220,Jatt & Juliet 3,1515000,2024,
8221,The Double Hour,1514942,2011,
8222,Finding Vivian Maier,1514782,2014,
8223,Raajneeti,1514558,2010,
8224,Leaving Normal,1514114,1992,
8225,Jane Got a Gun,1513793,2016,
8226,Running the Bases,1511980,2022,UP2U Films
8227,Streets,1510053,1990,
8228,Bill Cunningham: New York,1510026,2011,
8229,The Kid,1508593,2019,
8230,Married Life,1507990,2008,
8231,The Square,1502347,2017,
8232,Night Watch,1502188,2006,
8233,Company Business,1501785,1991,
8234,¿Y cómo es él?,1500636,2022,Lionsgate
8235,The Quiet Girl,1500014,2023,Neon
8236,At Long Last Love,1500000,1975,
8237,Salvador,1500000,1986,
8238,The Whistle Blower,1500000,1987,
8239,Crew,1500000,2024,
8240,Highest 2 Lowest,1500000,2025,
8241,Priceless,1499605,2016,
8242,M. Butterfly,1498795,1993,
8243,Departures,1498210,2009,
8244,A Dangerous Woman,1497222,1993,
8245,"Silent Night, Deadly Night",1495324,2025,
8246,A Cry in the Wild,1494969,1990,
8247,The Field,1494399,1990,
8248,Garbo Talks,1493782,1984,
8249,Bollywood/Hollywood,1492472,2002,
8250,Days of Darkness,1491525,2007,
8251,Julieta,1490948,2016,
8252,Mully,1489771,2017,
8253,Evelyn,1487645,2002,
8254,The Kashmir Files,1485000,2022,Zee Studios
8255,It's a Wonderful Life,1483643,1946,
8256,A Hard Day's Night,1480356,2000,
8257,Toni Erdmann,1479387,2016,
8258,Donnie Darko,1478493,2001,
8259,My Mother's Castle,1477071,1991,
8260,The Diary of a Teenage Girl,1477002,2015,
8261,BlackBerry,1476597,2023,IFC Films
8262,Clockwise,1476356,1986,
8263,The Joneses,1475746,2010,
8264,When the Cat's Away,1474628,1997,
8265,Endangered Species,1474249,1982,
8266,Read My Lips,1471911,2002,
8267,The Kid with a Bike,1470000,2012,
8268,Finders Keepers,1467396,1984,
8269,2000 Mules,1465513,2022,D'Souza Media
8270,Mister Johnson,1464242,1991,
8271,Joshua,1461635,2002,
8272,Paradise Now,1457843,2005,
8273,Nowhere Boy,1457248,2010,
8274,Spirited Away: Live on Stage,1455081,2023,-
8275,Birdy,1455045,1984,
8276,Dicks: The Musical,1453012,2023,A24
8277,Under the Sand,1452698,2001,
8278,Pascali's Island,1451857,1988,
8279,Ernest Rides Again,1450029,1993,
8280,Thugs of Hindostan,1449848,2018,
8281,I,1449232,2015,
8282,"It's Never Over, Jeff Buckley",1448031,2025,
8283,Pride,1446634,2014,
8284,Kambakkht Ishq,1445739,2009,
8285,2046,1444588,2005,
8286,Heyy Babyy,1443521,2007,
8287,Greenfingers,1443067,2001,
8288,Titane,1442988,2021,Neon
8289,"Don't Worry, He Won't Get Far on Foot",1441705,2018,
8290,Why We Fight,1439972,2006,
8291,The Kid Stays in the Picture,1439232,2002,
8292,Together Together,1437938,2021,Bleecker Street Media
8293,Disconnect,1436900,2013,
8294,Love at Large,1436308,1990,
8295,"Two Days, One Night",1436243,2014,
8296,Down by Law,1435668,1986,
8297,The Man from Elysian Fields,1435016,2002,
8298,Monica la mitraille,1435015,2004,
8299,Eileen,1435007,2023,Neon
8300,Shadow of the Wolf,1434174,1993,
8301,No End in Sight,1433319,2007,
8302,Microcosmos,1433210,1996,
8303,A Prayer for the Dying,1432687,1987,
8304,Judwaa 2,1431255,2017,
8305,Krrish,1430721,2006,
8306,Infinitely Polar Bear,1430655,2015,
8307,The Art of Getting By,1430241,2011,
8308,I Hope They Serve Beer in Hell,1429299,2009,
8309,My Best Friend,1426784,2007,
8310,Northfork,1420578,2003,
8311,American Flyers,1420355,1985,
8312,Finding Your Feet,1418682,2018,
8313,Kandahar,1418314,2001,
8314,Monsieur Hire,1417030,1990,
8315,Mr. Six,1415450,2015,
8316,I've Heard the Mermaids Singing,1415394,1987,
8317,The Notorious Bettie Page,1415082,2006,
8318,Marley,1413480,2012,
8319,Salaam Namaste,1413283,2005,
8320,The Wedding Plan,1412404,2017,
8321,99 Homes,1411927,2015,
8322,Paheli,1409499,2005,
8323,Looking for Richard,1408575,1996,
8324,Joe Bell,1405488,2021,Roadside Attractions
8325,Wonder Wheel,1404061,2017,
8326,Where Angels Fear to Tread,1403033,1992,
8327,Sahara,1402962,1984,
8328,Private Pérez,1400726,2011,
8329,Ushpizin,1400666,2005,
8330,El Chicano,1400603,2019,
8331,The Celluloid Closet,1400591,1996,
8332,Turning Red,1399001,2024,
8333,You Gotta Believe,1398975,2024,
8334,Courage Mountain,1393610,1990,
8335,Penitentiary III,1392616,1987,
8336,X Games 3D: The Movie,1391434,2009,
8337,Welcome Back,1388365,2015,
8338,Romeo and Juliet,1386582,2006,
8339,Spoiler Alert,1384003,2022,Focus Features
8340,Phat Beach,1383553,1996,
8341,Repossessed,1382462,1990,
8342,Book of Love,1382259,1991,
8343,Certain Fury,1381091,1985,
8344,Little Women,1379497,2018,
8345,Girl Most Likely,1378591,2013,
8346,Locke,1375769,2014,
8347,Medieval,1374325,2022,The Avenue Entertainment
8348,Certified Copy,1373975,2011,
8349,Daddy's Dyin'... Who's Got the Will?,1373728,1990,
8350,South Central,1373196,1992,
8351,Everybody Wins,1372350,1990,
8352,Vindicating Trump,1372091,2024,
8353,October 8,1368458,2025,
8354,I'm So Excited!,1368119,2013,
8355,Little Nemo: Adventures in Slumberland,1368000,1992,
8356,Race,1367024,2008,
8357,Strange Invaders,1362303,1983,
8358,My Friend Dahmer,1361611,2017,
8359,The Devil's Double,1361512,2011,
8360,Genius,1361045,2016,
8361,Gimme Shelter,1359910,2014,
8362,Spanking the Monkey,1359736,1994,
8363,Force Majeure,1359497,2014,
8364,Something to Stand for with Mike Rowe,1358690,2024,
8365,Kansas City,1356329,1996,
8366,From a Whisper to a Scream,1355728,1987,
8367,The Secrets of Jonathan Sperry,1355079,2009,
8368,Nueba Yol 3: Bajo la nueva ley,1354652,1996,
8369,True Love,1354268,1989,
8370,Bone Lake,1353079,2025,
8371,Le dernier tunnel,1352489,2004,
8372,The Oscar Nominated Short Films 2011: Live Action,1352152,2011,
8373,Tumbleweeds,1350248,1999,
8374,2 Hearts,1349286,2020,Freestyle Releasing
8375,The Cokeville Miracle,1348456,2015,
8376,Snow Flower and the Secret Fan,1348205,2011,
8377,Wadjda,1347747,2013,
8378,At Play in the Fields of the Lord,1345903,1991,
8379,City of Hope,1345015,1991,
8380,102 Not Out,1343797,2018,
8381,The Salt of the Earth,1343349,2015,
8382,The Damned,1342796,2025,
8383,Gas Food Lodging,1342613,1992,
8384,"It's Not You, It's Me",1339911,2011,
8385,A Dirty Shame,1339668,2004,
8386,The Little Prince,1339152,2016,
8387,Henry Fool,1338335,1998,
8388,GoBots: Battle of the Rock Lords,1338264,1986,
8389,The Whales of August,1338198,1987,
8390,The Perils of Gwendoline in the Land of the Yik Yak,1337274,1985,
8391,Ghost in the Shell 2: Innocence,1334074,2004,
8392,Goodrich,1333431,2024,
8393,The Navigator: A Medieval Odyssey,1333379,1989,
8394,The Neon Demon,1333124,2016,
8395,Divided We Fall,1332586,2001,
8396,Baraka,1332110,1993,
8397,The Past,1331747,2013,
8398,Restrepo,1330894,2010,
8399,Embrace of the Serpent,1329249,2016,
8400,Thumbsucker,1328679,2005,
8401,Chasing Ice,1328467,2012,
8402,Midnight Crossing,1328001,1988,
8403,The Ultimate Life,1327841,2013,
8404,Steele Justice,1327740,1987,
8405,Housefull 3,1326999,2016,
8406,The Work and the Glory III: A House Divided,1325092,2006,
8407,Three Colors: Blue,1324974,1993,
8408,Sarah Silverman: Jesus Is Magic,1324339,2005,
8409,Luca,1324302,2021,
8410,The Dinner,1323312,2017,
8411,Another Earth,1321194,2011,
8412,The Horseman on the Roof,1320043,1995,
8413,Pushpa: The Rise - Part 1,1320000,2021,Hamsini Entertainment
8414,Catfish in Black Bean Sauce,1319592,2000,
8415,Baaghi 2,1319579,2018,
8416,Thirty Two Short Films About Glenn Gould,1319521,1993,
8417,Gabriela,1318839,1984,
8418,Skateboard,1318823,1978,
8419,Hearts of Darkness: A Filmmaker's Apocalypse,1318449,1991,
8420,Off the Map,1317167,2005,
8421,Radioland Murders,1316865,1994,
8422,Romero,1316495,1989,
8423,Happy Endings,1315701,2005,
8424,The Kings of Summer,1315590,2013,
8425,Sylvia,1315498,2003,
8426,Iris,1310678,2015,
8427,Saints and Soldiers,1310470,2004,
8428,Anne Frank Remembered,1310200,1996,
8429,Air Racers,1309987,2012,
8430,The Good German,1308696,2006,
8431,The Surfer,1306597,2025,
8432,Time Changer,1305964,2002,
8433,Brother's Keeper,1305915,1992,
8434,The Fourth War,1305887,1990,
8435,Personal Shopper,1305195,2017,
8436,Babar: The Movie,1305187,1989,
8437,8 Million Ways to Die,1305114,1986,
8438,Queen Margot,1304237,1994,
8439,The Aviator,1304192,1985,
8440,Never Look Away,1304042,2018,
8441,Mozart: Così fan tutte,1302949,2018,
8442,Neon Genesis Evangelion: The End of Evangelion,1302300,2024,
8443,Lost in Hong Kong,1302281,2015,
8444,Jesus' Son,1302067,2000,
8445,The Wolfpack,1301696,2015,
8446,Native Son,1301121,1986,
8447,Dogtown and Z-Boys,1300682,2002,
8448,Ponette,1300377,1997,
8449,Wetherby,1299985,1985,
8450,One Piece: Stampede,1298528,2019,
8451,Cousin Bette,1295194,1998,
8452,Funny Games,1294919,2008,
8453,Pilgrim's Progress,1294596,2019,
8454,The Hot Spot,1293976,1990,
8455,Maybe I Do,1293722,2023,Vertical Entertainment
8456,Goodbye Mr. Loser,1293626,2015,
8457,Bloodfist II,1292323,1990,
8458,El vacilón: The Movie,1291951,2005,
8459,The First Slam Dunk,1291869,2023,GKIDS
8460,Kaminey,1291827,2009,
8461,No Safe Spaces,1291514,2019,
8462,Eklavya: The Royal Guard,1290212,2007,
8463,Billie Eilish Live at the O2 (Extended Cut),1290000,2023,Trafalgar Releasing
8464,Dabangg,1288549,2010,
8465,Walking and Talking,1287480,1996,
8466,The Other Son,1285918,2012,
8467,Cecil B. Demented,1284646,2000,
8468,Startup.com,1283356,2001,
8469,Churchill,1281258,2017,
8470,The Road Home,1280490,2001,
8471,The Rapture,1277404,1991,
8472,The Sense of an Ending,1274420,2017,
8473,Paper Heart,1274062,2009,
8474,Robot Jox,1272977,1990,
8475,Asterix: The Secret of the Magic Potion,1271953,2019,
8476,Osama,1270904,2004,
8477,'71,1270847,2015,
8478,Blue in the Face,1268636,1995,
8479,Spike & Mike's Festival of Animation Volume 1,1268529,1992,
8480,The Adventures of the American Rabbit,1268443,1986,
8481,Apartment Zero,1267578,1989,
8482,Maria By Callas,1267301,2018,
8483,The Emperor and the Assassin,1267239,1999,
8484,Elephant,1266955,2003,
8485,Roger Dodger,1266828,2002,
8486,Jai Ho,1264515,2014,
8487,Mohenjo Daro,1264339,2016,
8488,Hideous Kinky,1263279,1999,
8489,Little Vera,1262598,1989,
8490,China Girl,1262091,1987,
8491,Micmacs,1262079,2010,
8492,Twinless,1261731,2025,
8493,From Beyond,1261000,1986,
8494,Chonda Pierce: Enough,1260116,2017,
8495,McQueen,1257275,2018,
8496,Water,1256862,1986,
8497,Touch and Go,1254040,1986,
8498,Tristram Shandy,1253413,2006,
8499,The Best Intentions,1253106,1992,
8500,The Seagull,1252960,2018,
8501,Metallica & San Francisco Symphony - S&M2,1252385,2019,
8502,Yi Yi,1252241,2000,
8503,Gonzo,1252100,2008,
8504,"For a Good Time, Call...",1251749,2012,
8505,Wrong Turn,1251184,2021,Saban Films
8506,The Singles Ward,1250798,2002,
8507,Kickboxer 2: The Road Back,1250712,1991,
8508,My Dead Friend Zoe,1250703,2025,
8509,Home of the Brave: A Film by Laurie Anderson,1250000,1986,
8510,3 Idiots,1249233,2017,
8511,MVP: Most Valuable Primate,1248746,2000,
8512,Turn It Up,1247949,2000,
8513,Goldengirl,1247376,1979,
8514,Losin' It,1246141,1983,
8515,Omkara,1244576,2006,
8516,The Comfort of Strangers,1244381,1991,
8517,Friendship,1243910,2008,
8518,Mojin: The Lost Legend,1243810,2015,
8519,Massenet: Cendrillon,1243306,2018,
8520,Slumber Party Massacre III,1242995,1990,
8521,Take This Waltz,1239692,2012,
8522,Bubba Ho-Tep,1239183,2003,
8523,Picture Bride,1238905,1995,
8524,Nuit de noces,1238180,2001,
8525,"Car 54, Where Are You?",1238080,1994,
8526,Slow Burn,1237615,2007,
8527,Three Colors: White,1237219,1994,
8528,Queen of Hearts,1236844,1989,
8529,Valiant One,1236630,2025,
8530,Metropolis,1236166,1927,
8531,Beyond the Mask,1236094,2015,
8532,The Invisible Woman,1234254,2013,
8533,Mandy,1233694,2018,
8534,The Wedding Weekend,1232961,2006,
8535,Main Prem Ki Diwani Hoon,1232228,2003,
8536,Singham Returns,1232018,2014,
8537,The Icicle Thief,1231622,1990,
8538,Peninsula,1231407,2020,Well Go USA Entertainment
8539,True to the Game,1231040,2017,
8540,Going the Distance,1230897,2004,
8541,The Christmas Ring,1229930,2025,
8542,Steve McQueen: American Icon,1229782,2017,
8543,Monster Summer,1228186,2024,
8544,Toto the Hero,1228153,1992,
8545,Slacker,1228108,1991,
8546,Cocktail,1227789,2012,
8547,The Funeral,1227324,1996,
8548,BTS World Tour 'Love Yourself: Speak Yourself' (The Final) Seoul Live Viewing,1226552,2019,
8549,High Life,1225852,2019,
8550,Vital Signs,1224605,1990,
8551,Child 44,1224330,2015,
8552,Mobile Suit Gundam GQuuuuuuX: Beginning,1223881,2025,
8553,Like Stars on Earth,1223869,2007,
8554,Patty Hearst,1223326,1988,
8555,Swades,1223240,2004,
8556,The Lonely Lady,1223200,1983,
8557,One Tough Cop,1223034,1998,
8558,Nine Queens,1222889,2002,
8559,Metallica: Some Kind of Monster,1222708,2004,
8560,Mr. North,1221366,1988,
8561,A Million to Juan,1220842,1994,
8562,Without You I'm Nothing,1218730,1990,
8563,The Hairdresser's Husband,1217084,1992,
8564,Bol Bachchan,1216258,2012,
8565,Dreamchild,1215923,1985,
8566,King of the Hill,1214231,1993,
8567,The General,1214198,1998,
8568,Woman Thou Art Loosed: On the 7th Day,1213128,2012,
8569,A Time of Destiny,1212487,1988,
8570,Margaret Cho: I'm the One That I Want,1210967,2000,
8571,The Thin Blue Line,1209846,1988,
8572,Beautifully Broken,1209645,2018,
8573,Namastey London,1207007,2007,
8574,From Mao to Mozart: Isaac Stern in China,1205934,1981,
8575,Inequality for All,1205273,2013,
8576,Equilibrium,1203794,2002,
8577,An Interview with God,1201434,2018,
8578,The Women's Balcony,1200885,2017,
8579,Veteran,1200627,2015,
8580,All Is True,1200481,2019,
8581,Oddity,1200477,2024,
8582,"Beats, Rhymes & Life: The Travels of A Tribe Called Quest",1200326,2011,
8583,Along With the Gods: The Last 49 Days,1200246,2018,
8584,Flawless,1200234,2008,
8585,District B13,1200216,2006,
8586,Headhunters,1200010,2012,
8587,Indian 2,1200000,2024,
8588,"4 Months, 3 Weeks and 2 Days",1198208,2008,
8589,Sammy and Rosie Get Laid,1196336,1987,
8590,Saint-Saëns: Samson et Dalila,1195758,2018,
8591,F3: Fun and Frustration,1195000,2022,-
8592,Irena's Vow,1193687,2024,
8593,Cool as Ice,1193062,1991,
8594,Andhadhun,1193046,2018,
8595,High Hopes,1192322,1989,
8596,Backstage,1191835,2000,
8597,Dancers,1190416,1987,
8598,Me and Orson Welles,1190003,2009,
8599,Indigo,1190000,2005,
8600,Return to Horror High,1189709,1987,
8601,Repentance,1189612,2014,
8602,The Lair of the White Worm,1189315,1988,
8603,Kingdom Men Rising,1188936,2019,
8604,Kill the Irishman,1188194,2011,
8605,The Lost King,1188032,2023,IFC Films
8606,Los Domirriqueños 2,1187280,2019,
8607,Saving Face,1187266,2005,
8608,Dylan Dog: Dead of Night,1186538,2011,
8609,Lazer Team,1186426,2016,
8610,Remember,1184564,2015,
8611,24 Hour Party People,1184096,2002,
8612,Housefull,1183658,2010,
8613,Ek Ladki Ko Dekha Toh Aisa Laga,1182636,2019,
8614,Year of the Gun,1182273,1991,
8615,True to the Game 2,1181823,2020,Faith Media Distribution
8616,Bee Season,1180560,2005,
8617,I Capture the Castle,1179035,2003,
8618,Nightwatch,1179002,1998,
8619,Goodnight Mommy,1178196,2015,
8620,Empire of Light,1177577,2022,Searchlight Pictures
8621,Destiny Turns on the Radio,1176982,1995,
8622,The Music of Strangers: Yo-Yo Ma and the Silk Road Ensemble,1176781,2016,
8623,Why Would I Lie?,1175855,1980,
8624,The Last Class,1175000,2025,
8625,Touch,1174640,2024,
8626,Festival Express,1174079,2004,
8627,Find Me Guilty,1173643,2006,
8628,The Boyfriend School,1171762,1990,
8629,Black Sea,1171559,2015,
8630,Kill,1171487,2024,
8631,Permanent Midnight,1171001,1998,
8632,God's Not Dead: We the People,1170367,2021,Fathom Events
8633,Night School,1169875,1981,
8634,The Remaining,1169603,2014,
8635,Verdi: Luisa Miller,1166858,2018,
8636,Magazine Dreams,1166243,2025,
8637,The Lords of Salem,1165882,2013,
8638,American Movie,1165795,1999,
8639,The Best Two Years,1163450,2004,
8640,Vaxxed: From Cover-Up to Catastrophe,1163265,2016,
8641,Lean on Pete,1163056,2018,
8642,Miss You Already,1162653,2015,
8643,Romeo & Juliet,1162635,2013,
8644,Trois,1161843,2000,
8645,Anemone,1161830,2025,
8646,Winter Kills,1161386,1979,
8647,To Sleep with Anger,1161135,1990,
8648,Heights,1160817,2005,
8649,Murmur of the Heart,1160784,1989,
8650,The Final Season,1159691,2007,
8651,The Unborn,1159578,1991,
8652,Still Mine,1159336,2013,
8653,Possession,1158473,1983,
8654,Shower,1157764,2000,
8655,The Trip to Spain,1157604,2017,
8656,Where Hope Grows,1156000,2015,
8657,Ek Main Aur Ekk Tu,1155545,2012,
8658,"Olivier, Olivier",1154476,1993,
8659,The Roundup: Punishment,1154475,2024,
8660,Get Real,1152979,1999,
8661,The Wrong Guys,1152786,1988,
8662,Housefull 5,1152549,2025,
8663,Excessive Force,1152117,1993,
8664,Together,1151941,2003,
8665,Contempt,1151804,1997,
8666,Infamous,1151330,2006,
8667,Nothing to Lose 2,1150551,2019,
8668,Les aimants,1150414,2004,
8669,Nightflyers,1149470,1987,
8670,Dough,1148304,2016,
8671,Step,1146292,2017,
8672,Miracle Mile,1145404,1989,
8673,Kneecap,1145143,2024,
8674,The River Rat,1142944,1984,
8675,Belizaire the Cajun,1142243,1986,
8676,Two Much,1141556,1996,
8677,L.I.E.,1138836,2001,
8678,Satyricon,1135943,1970,
8679,Konosuba!: God's Blessing on This Wonderful World! - Legend of Crimson,1134786,2019,
8680,"Yoo-Hoo, Mrs. Goldberg",1134623,2009,
8681,In the Shadow of the Moon,1134358,2007,
8682,Golmaal 3,1132192,2010,
8683,Valmont,1132112,1989,
8684,Half Moon Street,1131399,1986,
8685,A Price Above Rubies,1130732,1998,
8686,Lady Macbeth,1129408,2017,
8687,The Deep Blue Sea,1126525,2012,
8688,The Thief,1126506,1998,
8689,Mute Witness,1125910,1995,
8690,Camp Hideout,1125010,2023,Roadside Attractions
8691,The Whistleblower,1124966,2011,
8692,Sting,1124510,2024,
8693,Hector and the Search for Happiness,1124445,2014,
8694,Wazir,1124045,2016,
8695,Kai Po Che,1122527,2013,
8696,Paper Clips,1121744,2004,
8697,My Wife Is an Actress,1121233,2002,
8698,Fire of Love,1120412,2022,Neon
8699,Chak De! India,1120404,2007,
8700,Freddie as F.R.O.7.,1119368,1992,
8701,Street Smart,1119112,1987,
8702,Eyes of a Stranger,1118634,1981,
8703,The Blind Swordsman: Zatoichi,1118163,2004,
8704,Nicotina,1117864,2004,
8705,Papa Hemingway in Cuba,1115615,2016,
8706,Groove,1115313,2000,
8707,Donizetti: L'Elisir d'Amore,1115018,2018,
8708,Playmobil: The Movie,1115008,2019,
8709,Inland Empire,1114878,2006,
8710,The Rover,1114423,2014,
8711,In the Earth,1113723,2021,Neon
8712,"Ciao, Professore!",1113435,1994,
8713,The King of Masks,1113103,1999,
8714,Walking with the Enemy,1112592,2014,
8715,Living in Oblivion,1111790,1995,
8716,The R.M.,1111615,2003,
8717,Sordid Lives,1111273,2001,
8718,Tae Guk Gi: The Brotherhood of War,1111061,2004,
8719,Macbeth,1110707,2015,
8720,The Overnight,1110522,2015,
8721,Mother and Child,1110509,2010,
8722,Georgia,1110104,1995,
8723,The Messenger,1109660,2009,
8724,Burn,1109276,2012,
8725,The U.S. vs. John Lennon,1109146,2006,
8726,Heathers,1108462,1989,
8727,Daddy Nostalgia,1108429,1991,
8728,Sacred Planet,1108356,2004,
8729,"Say Amen, Somebody",1108299,1983,
8730,Where the Heart Is,1106475,1990,
8731,Viceroy's House,1105717,2017,
8732,The Battleship Island,1104957,2017,
8733,Red State,1104682,2011,
8734,The Flower of My Secret,1104622,1996,
8735,The Mastermind,1104490,2025,
8736,Silk,1103075,2007,
8737,The Heart Specialist,1103037,2011,
8738,The Insanity of God,1102525,2016,
8739,Mistress,1102469,1992,
8740,Lost on a Mountain in Maine,1101913,2024,
8741,El Coyote,1101470,2019,
8742,The Center of the World,1101344,2001,
8743,The Passage,1101186,1979,
8744,Temptress Moon,1100788,1997,
8745,The Assistant,1100313,2020,Bleecker Street Media
8746,Waterland,1100218,1992,
8747,Close,1100113,2023,A24
8748,The Beguiled,1100000,1971,
8749,Bhool Bhulaiyaa,1097797,2007,
8750,Heart of Dixie,1097333,1989,
8751,Emily,1097067,2023,Bleecker Street Media
8752,Little Odessa,1095885,1995,
8753,Brick Lane,1095398,2008,
8754,Made in Dagenham,1095369,2010,
8755,Blood and Wine,1094668,1997,
8756,Swimming to Cambodia,1092911,1987,
8757,Leviathan,1092800,2014,
8758,If I Had Legs I'd Kick You,1091404,2025,
8759,What Just Happened,1090947,2008,
8760,Knights of the Zodiac,1090155,2023,-
8761,All We Imagine as Light,1089677,2024,
8762,Wired,1089000,1989,
8763,Article 370,1088790,2024,
8764,Certain Women,1087585,2016,
8765,Rustom,1087419,2016,
8766,The Music Teacher,1086894,1989,
8767,Déjà Vu,1086181,1998,
8768,Crush,1084935,2002,
8769,This Is My Father,1083975,1999,
8770,Ash,1083743,2025,
8771,84 Charing Cross Road,1083486,1987,
8772,Housekeeping,1083282,1987,
8773,The Machinist,1082715,2004,
8774,Sugar,1082124,2009,
8775,Of Unknown Origin,1080470,1983,
8776,The Tango Lesson,1080192,1997,
8777,A Silent Voice: The Movie,1079689,2017,
8778,The Cup,1079108,2000,
8779,Desi Boyz,1078826,2011,
8780,The Song of Names,1077584,2019,
8781,When Did You Last See Your Father?,1077273,2008,
8782,Steeper & Deeper,1076685,1992,
8783,Tees Maar Khan,1076443,2010,
8784,Timbuktu,1076075,2015,
8785,The Captive,1075178,2014,
8786,Merci pour tout,1073969,2019,
8787,Respiro,1072834,2003,
8788,After Ever Happy,1072750,2022,Fathom Events
8789,Lolita,1071255,1998,
8790,Golden Door,1070769,2007,
8791,Love and Monsters,1070714,2020,Paramount Pictures
8792,Mohabbatein,1070000,2000,
8793,Left Luggage,1069540,2000,
8794,There Be Dragons,1069334,2011,
8795,Undiscovered,1069318,2005,
8796,Bad Newz,1069000,2024,
8797,EO,1068782,2022,
8798,The Third Man,1067364,1999,
8799,Page One,1067028,2011,
8800,Laggies,1066981,2014,
8801,CatVideoFest 2025,1066592,2025,
8802,September Dawn,1066555,2007,
8803,What Maisie Knew,1066471,2013,
8804,The Oogieloves in the Big Balloon Adventure,1065907,2012,
8805,Thanks for Sharing,1065881,2013,
8806,The Innocents,1065665,2016,
8807,50 to 1,1064454,2014,
8808,The Mother,1063163,2004,
8809,La Mission,1062941,2010,
8810,Partner,1062840,2007,
8811,"Hallelujah: Leonard Cohen, a Journey, a Song",1062603,2022,Sony Pictures Releasing
8812,A Christmas Tale,1060922,2008,
8813,The Rescue,1060556,2021,Greenwich Entertainment
8814,Wonderland,1060512,2003,
8815,Wonderstruck,1060377,2017,
8816,Mike's Murder,1059966,1984,
8817,Kafka,1059071,1991,
8818,Baghban,1058803,2003,
8819,Timecode,1057750,2000,
8820,Comfort and Joy,1057368,1984,
8821,DEFCON-4,1057064,1985,
8822,Bennett's War,1056416,2019,
8823,Chuck & Buck,1055671,2000,
8824,Caramel,1055580,2008,
8825,Bad Moon,1055525,1996,
8826,Elvis & Nixon,1055287,2016,
8827,An Angel at My Table,1054638,1991,
8828,Joyeux Noel,1054361,2005,
8829,The Sender,1054328,1982,
8830,Velvet Goldmine,1053788,1998,
8831,The Luzhin Defence,1053070,2001,
8832,Sorette koi no hajimari jan yo,1052679,2024,
8833,Light Sleeper,1050861,1992,
8834,Wildlife,1050616,2018,
8835,Sword Art Online: Progressive - Aria of a Starless Night,1050000,2021,FUNimation Entertainment
8836,The Last Kiss,1048950,2002,
8837,Haider,1048143,2014,
8838,Extremedays,1047553,2001,
8839,Nijinsky,1047454,1980,
8840,Relic,1047083,2020,IFC Films
8841,Broker,1046899,2022,
8842,What's Cooking?,1045899,2000,
8843,Leonard Cohen: I'm Your Man,1044254,2006,
8844,The Tax Collector,1044212,2020,RLJ Entertainment
8845,Buried,1044143,2010,
8846,Animal Kingdom,1044039,2010,
8847,Casino Jack,1042959,2010,
8848,Luka Chuppi,1042905,2019,
8849,In Darkness,1041455,2012,
8850,Kaante,1041228,2002,
8851,Money for Nothing,1039824,1993,
8852,Baahubali: The Epic,1039440,2025,
8853,Naked in New York,1038959,1994,
8854,True to the Game 3,1038255,2021,Faith Media Distribution
8855,Dead Man,1037847,1996,
8856,The Perfect Game,1037071,2010,
8857,Another Day in Paradise,1036818,1998,
8858,The Souvenir,1036737,2019,
8859,Noah,1035603,2019,
8860,Zero,1035388,2018,
8861,The Contractor,1035265,2022,STX Entertainment
8862,Fackham Hall,1035184,2025,
8863,Together,1034829,2001,
8864,Phantom,1034589,2013,
8865,The Last Shift,1034467,2020,Stage 6 Films
8866,Rossini: Semiramide,1033651,2018,
8867,Margaret Cho: Notorious C.H.O.,1033395,2002,
8868,Jug Jugg Jeeyo,1033000,2022,-
8869,Urbania,1032075,2000,
8870,The Children of Huang Shi,1031872,2008,
8871,Hidden Agenda,1030938,1990,
8872,The Business of Strangers,1030920,2001,
8873,Dark Horse,1030851,2015,
8874,On Swift Horses,1030558,2025,
8875,Kill Your Darlings,1030064,2013,
8876,A Home at the End of the World,1029872,2004,
8877,Welcome Home,1029822,1989,
8878,The Thing Called Love,1029721,1993,
8879,Before the Rains,1029655,2008,
8880,The Eyes of Tammy Faye,1029591,2000,
8881,Dior and I,1028953,2015,
8882,Aria,1028679,1988,
8883,U Me Aur Hum,1028191,2008,
8884,French Twist,1026646,1996,
8885,Film Stars Don't Die in Liverpool,1026124,2017,
8886,The Outrun,1025958,2024,
8887,My Aunt Aline,1025852,2007,
8888,Cross My Heart,1025762,1987,
8889,Little Dorrit,1025228,1988,
8890,Hard Candy,1024640,2006,
8891,Attack the Block,1024175,2011,
8892,Widow Clicquot,1023984,2024,
8893,The Beat That My Heart Skipped,1023424,2005,
8894,Battle for Incheon: Operation Chromite,1023348,2016,
8895,Puccini: La Fanciulla del West,1023233,2018,
8896,"The Bread, My Sweet",1023156,2001,
8897,Red Rocket,1023086,2021,A24
8898,In Whose Name?,1022559,2025,
8899,All Over the Guy,1022324,2001,
8900,Third Person,1021398,2014,
8901,5 Flights Up,1020921,2015,
8902,Silver City,1020656,2004,
8903,Skinwalkers,1018965,2007,
8904,Thieves,1018682,1996,
8905,Long Weekend,1018532,2021,Stage 6 Films
8906,The Oscar Nominated Short Films 2010: Live Action,1018169,2010,
8907,Diana Vreeland: The Eye Has to Travel,1017579,2012,
8908,Guzaarish,1017335,2010,
8909,Columbus,1017107,2017,
8910,The Hollars,1016985,2016,
8911,The Jesus Music,1016725,2021,Lionsgate
8912,The Son's Room,1016340,2002,
8913,Nothing to Lose,1016188,2018,
8914,Liam,1016021,2001,
8915,Savage Messiah,1015671,2002,
8916,Yu-Gi-Oh!: The Dark Side of Dimensions,1015339,2017,
8917,Two Family House,1015122,2000,
8918,Coldplay Music of The Spheres Live Broadcast from Buenos Aires,1015000,2022,Trafalgar Releasing
8919,Love Field,1014726,1993,
8920,Perfect Strangers,1014507,2019,
8921,First Position,1014071,2012,
8922,Stalingrad,1013945,2014,
8923,Barbara,1013902,2012,
8924,Golmaal Again,1013893,2017,
8925,Assassination Tango,1013272,2003,
8926,Short Term 12,1013100,2013,
8927,Ginger & Rosa,1012973,2013,
8928,No Man's Land,1012153,2001,
8929,The Piano Teacher,1012069,2002,
8930,Marianne & Leonard: Words of Love,1012034,2019,
8931,Owning Mahowny,1011871,2003,
8932,"He Loves Me, He Loves Me Not",1011102,2003,
8933,Xiu Xiu: The Sent-Down Girl,1010933,1999,
8934,Elvis: The Comeback Special,1010657,2018,
8935,Raid,1010385,2018,
8936,Paris,1010194,2009,
8937,Slam,1009819,1998,
8938,The Bostonians,1009700,1984,
8939,The Song,1009620,2014,
8940,Big Stone Gap,1009301,2015,
8941,The IMAX Nutcracker,1009291,1999,
8942,Sarkar Raj,1009065,2008,
8943,Thr3e,1008849,2007,
8944,Enemy,1008726,2014,
8945,Sasquatch Sunset,1008662,2024,
8946,Damsels in Distress,1008455,2012,
8947,Whore,1008404,1991,
8948,In a Better World,1008098,2011,
8949,Garam Masala,1007943,2006,
8950,Shiloh,1007822,1997,
8951,Cobb,1007583,1994,
8952,Straight from the Heart,1007446,1999,
8953,Mystery Science Theater 3000: The Movie,1007306,1996,
8954,Europa,1007001,1992,
8955,Corporate Affairs,1006575,1990,
8956,1945,1006193,2017,
8957,Unconditional,1005800,2012,
8958,Fast Food Nation,1005539,2006,
8959,Primitive War,1005222,2025,
8960,La Chimera,1004503,2024,
8961,Faith of Our Fathers,1004105,2015,
8962,Kiki's Delivery Service,1004057,2019,
8963,Becky,1003700,2020,Quiver Distribution
8964,From Up on Poppy Hill,1002895,2013,
8965,Antonia and Jane,1002078,1991,
8966,Ruby in Paradise,1001437,1993,
8967,The Insult,1001305,2018,
8968,What If...,1001106,2010,
8969,My Summer of Love,1000915,2005,
8970,Goya's Ghosts,1000626,2007,
8971,Meeting Venus,1000348,1991,
8972,Yaadein...,1000229,2001,
8973,Cowboy Bebop: The Movie - Knockin' on Heaven's Door,1000045,2003,
8974,March or Die,1000000,1977,
8975,Fighter,1000000,2024,
8976,In the Mood,999382,1987,
8977,New York,997437,2009,
8978,The Unholy Trinity,996456,2025,
8979,Crazy Mad Lover,993031,2011,
8980,All Access: Front Row. Backstage. Live!,992683,2001,
8981,Yellow Submarine,992305,2018,
8982,Little Italy,990230,2018,
8983,Campus Man,989528,1987,
8984,Million Dollar Mystery,989033,1987,
8985,Gett,988150,2015,
8986,Daddio,987845,2024,
8987,Rockstar,986697,2011,
8988,Twin Falls Idaho,985341,1999,
8989,Baar Baar Dekho,981947,2016,
8990,The Protector,981817,1985,
8991,Talkin' Dirty After Dark,978775,1991,
8992,Meek's Cutoff,977772,2011,
8993,The Beatles: Get Back - The Rooftop Concert,976712,2022,IMAX
8994,Getting It On,975414,1983,
8995,The Secret Agent,975337,2025,
8996,The Tale of The Princess Kaguya,974913,2014,
8997,Cassandra's Dream,973018,2008,
8998,Jesus Is King,973000,2019,
8999,Rampart,972512,2012,
9000,Love Story,971000,2021,Sony Pictures Releasing
9001,The Beaver,970816,2011,
9002,Lore,970325,2013,
9003,The Dawn Wall,970032,2018,
9004,The Hunting Party,969869,2007,
9005,Five Corners,969205,1988,
9006,Last Flag Flying,965481,2017,
9007,The Babadook,964413,2014,
9008,Separate Lives,961147,1995,
9009,Getting It Right,960385,1989,
9010,Rush: Cinema Strangiato 2019,960073,2019,
9011,Appointment with Death,960040,1988,
9012,Diary of the Dead,958961,2008,
9013,Broken English,956919,2007,
9014,Lucky,955925,2017,
9015,Nelly & Monsieur Arnaud,955300,1996,
9016,Ready,955148,2011,
9017,HIT: The 3rd Case,955000,2025,
9018,The Fighting Preacher,954641,2019,
9019,Fallen Leaves,954307,2023,
9020,Mangal Pandey,954108,2005,
9021,Heart Beat,954046,1980,
9022,Faces Places,953717,2017,
9023,The Ten Commandments,952820,2007,
9024,Harbin,951874,2024,
9025,The Heart of Man,951112,2017,
9026,More Than a Game,950675,2009,
9027,The Watchers on the Wall,948046,2015,
9028,The Children,948046,2015,
9029,Come See the Paradise,947306,1990,
9030,Lookin' to Get Out,946461,1982,
9031,Soul,946154,2024,
9032,De Dana Dan,944979,2009,
9033,Encounters at the End of the World,944933,2008,
9034,The 100 Year-Old Man Who Climbed Out the Window and Disappeared,944193,2015,
9035,Bunty Aur Babli,942756,2005,
9036,American Teen,942441,2008,
9037,Heavy,941414,1996,
9038,Landline,940854,2017,
9039,Watchers,940173,1988,
9040,The Taking of Beverly Hills,939277,1991,
9041,Neruda,939101,2016,
9042,Sweetie,938065,1990,
9043,Management,934658,2009,
9044,Children of Heaven,933933,1999,
9045,Bright Young Things,933637,2004,
9046,The Stolen Children,931280,1993,
9047,Echo Boomers,931000,2020,
9048,BANDSTAND: The Broadway Musical on Screen,930554,2018,
9049,Breaking and Entering,930469,2006,
9050,Absolute Beginners,930211,1986,
9051,Tubelight,930058,2017,
9052,Simpatico,929606,2000,
9053,Criminal,929233,2004,
9054,The Power,929162,1984,
9055,Little Eggs: An African Rescue,927154,2021,Pantelion Films
9056,Aimee & Jaguar,927107,2000,
9057,Female Perversions,926954,1997,
9058,Patterns of Evidence: Exodus,925576,2015,
9059,The White Balloon,924940,1996,
9060,Separate Lies,924260,2005,
9061,Knight Moves,923418,1993,
9062,Masquerade,922921,2012,
9063,35 Up,922872,1992,
9064,The Red Turtle,921974,2017,
9065,The Man Without a Past,921847,2003,
9066,CC2C,921738,2009,
9067,Storytelling,921445,2002,
9068,Shaadi Ke Side Effects,921277,2014,
9069,A Man of No Importance,920916,1994,
9070,Man of God,920561,2022,Fathom Events
9071,When Night Is Falling,919671,1997,
9072,Boruto: Naruto the Movie,919651,2015,
9073,Ruby,919286,1992,
9074,Singh Is Bliing,919095,2015,
9075,Inside,918415,2023,Focus Features
9076,Brain Donors,918239,1992,
9077,Kirk Cameron: Connect,918127,2018,
9078,Gothic,916172,1987,
9079,Sneaks,916022,2025,
9080,Mujhse Shaadi Karogi,915728,2004,
9081,The Salvation Poem,914818,2010,
9082,All My Life,913935,2020,Universal Pictures
9083,All I Wanna Do!,913834,1998,
9084,Stuart Saves His Family,912082,1995,
9085,My Mother's Wedding,911054,2025,
9086,Men with Guns,910773,1998,
9087,The Roundup: No Way Out,909411,2023,
9088,Lagaan: Once Upon a Time in India,909043,2001,
9089,A Nice Indian Boy,908593,2025,
9090,American Desi,907835,2001,
9091,Who Knows?,907323,2001,
9092,Sholem Aleichem: Laughing in the Darkness,906666,2011,
9093,Freud's Last Session,906283,2023,
9094,Cold Souls,905209,2009,
9095,The Miseducation of Cameron Post,904703,2018,
9096,Guantanamera,903840,1997,
9097,Raanjhanaa,903232,2013,
9098,Toni Morrison: The Pieces I Am,903018,2019,
9099,Jesus Camp,902544,2006,
9100,American Ninja 3: Blood Hunt,902152,1989,
9101,George Takei's Allegiance,902012,2017,
9102,The War Room,901668,1993,
9103,Julia and Julia,901364,1988,
9104,Kedarnath,901131,2018,
9105,The Brothers Solomon,900926,2007,
9106,Kinky Boots: The Musical,900451,2019,
9107,Starting Out in the Evening,898786,2007,
9108,Heading South,898468,2006,
9109,The Imposter,898317,2012,
9110,The Wildest Dream,898137,2010,
9111,Gentleman,897876,2016,
9112,Intermission,896993,2004,
9113,The Glass Menagerie,895904,1987,
9114,Place Vendôme,895788,2000,
9115,The Other Conquest,894410,2000,
9116,Best of Enemies: Buckley vs. Vidal,892802,2015,
9117,Let the Sunshine In,892421,2018,
9118,Any Body Can Dance 2,892133,2015,
9119,The Taste of Others,891369,2000,
9120,Believe,890303,2016,
9121,Mafia Inc,889863,2020,Entertainment One
9122,The Yards,889352,2000,
9123,Tea With the Dames,889343,2018,
9124,Ghost in the Shell,889074,1996,
9125,Looking for Comedy in the Muslim World,888975,2006,
9126,Tyson,887918,2009,
9127,Alone Yet Not Alone,887851,2013,
9128,Saawariya,885574,2007,
9129,Thamma,885111,2025,
9130,Gaz Bar Blues,884664,2003,
9131,Seraphine,884613,2009,
9132,Princess Kaiulani,883887,2010,
9133,The Blood of Heroes,882290,1990,
9134,Paprika,882267,2007,
9135,Pandora's Box,881950,2002,
9136,Emma Smith: My Story,881787,2008,
9137,Venom,881779,2005,
9138,Frantz,880883,2017,
9139,Journey to the West: The Demons Strike Back,880346,2017,
9140,Delhi-6,879913,2009,
9141,The Battle of Algiers,879794,1967,
9142,"Fast, Cheap & Out of Control",878960,1997,
9143,The Castle,877621,1999,
9144,The Hit,876775,1985,
9145,The Cakemaker,875751,2018,
9146,Robot Dreams,875215,2024,
9147,Between Me and My Mind,875191,2019,
9148,Marty Supreme,875000,2025,
9149,Pati Patni Aur Woh,874044,2019,
9150,Real Men,873903,1987,
9151,My Favorite Season,873857,1996,
9152,The Ceremony,873196,1996,
9153,Ta Ra Rum Pum,872643,2007,
9154,Control,872252,2007,
9155,Where the Truth Lies,872142,2005,
9156,The Princess and the Warrior,872091,2001,
9157,Edge of Seventeen,871759,1999,
9158,Goodbye Solo,870781,2009,
9159,Parents,870532,1989,
9160,The Winter Guest,870290,1997,
9161,Duma,870067,2005,
9162,Darker Than Night,870063,2014,
9163,Particle Fever,869838,2014,
9164,Beastmaster 2: Through the Portal of Time,869325,1991,
9165,The Crossing Guard,868979,1995,
9166,My Blueberry Nights,867275,2008,
9167,Mirrormask,866999,2005,
9168,Rosario,866466,2025,
9169,Songwriter,865915,1984,
9170,Hansan: Rising Dragon,865888,2022,Well Go USA Entertainment
9171,Wendy and Lucy,865695,2008,
9172,Crack House,862551,1989,
9173,Army of Shadows,861983,2006,
9174,Jagga Jasoos,861740,2017,
9175,The Seed of the Sacred Fig,860139,2024,
9176,Rendezvous in Paris,859059,1996,
9177,The Terror Within,858591,1989,
9178,Anna Karenina,858553,1997,
9179,Sarah Landon and the Paranormal Hour,858415,2007,
9180,Tough Guys Don't Dance,858250,1987,
9181,Ki & Ka,857986,2016,
9182,Song of the Sea,857522,2014,
9183,The Cove,857005,2009,
9184,Cut Throat City,855894,2020,Well Go USA Entertainment
9185,Angel Town,855810,1990,
9186,Witnesses,855765,2021,Purdie Distribution
9187,Fool's Paradise,855173,2023,
9188,Anjaana Anjaani,854757,2010,
9189,Marlene,852676,1986,
9190,Brigham City,852206,2001,
9191,Paris 36,851540,2009,
9192,The Domino Revival,851398,2023,
9193,Sharkwater,850920,2007,
9194,An American Rhapsody,850255,2001,
9195,The Adventures of Mark Twain,849915,1986,
9196,Nico Muhly: Marnie,849710,2018,
9197,Generation Iron,849521,2013,
9198,Secret Mall Apartment,849145,2025,
9199,Hundreds of Beavers,848883,2024,
9200,Guadalupe: El Milagro Y El Mensaje,848139,2006,
9201,I Hate Luv Storys,847993,2010,
9202,Woman at War,847495,2019,
9203,Atlas Shrugged: Who Is John Galt?,846704,2014,
9204,Mustang,845464,2015,
9205,Laufey's A Night at the Symphony: Hollywood Bowl,845370,2024,
9206,The Alpinist,844743,2021,Roadside Attractions
9207,One-Trick Pony,843215,1980,
9208,Higher Ground,841733,2011,
9209,The History of Sound,841366,2025,
9210,Street Knight,841015,1993,
9211,"Come Back to the 5 & Dime Jimmy Dean, Jimmy Dean",840958,1982,
9212,Johnny Cash: The Redemption of an American Icon,840580,2022,Fathom Events
9213,Illuminata,840134,1999,
9214,Joseph Andrews,839865,1977,
9215,The Ex-File 3: Return of the Exes,838959,2017,
9216,Children of the Revolution,838368,1997,
9217,Innocent Voices,837878,2005,
9218,Four Good Days,837849,2021,Vertical Entertainment
9219,Ginger & Fred,837623,1986,
9220,The Mauritanian,836536,2021,STX Entertainment
9221,Chalte Chalte,836225,2003,
9222,Fool for Love,836156,1985,
9223,The Miracle,835519,1991,
9224,The Tiger Rising,835162,2022,Variance Films
9225,Latter Days,834685,2004,
9226,The Call of Wild,833532,2007,
9227,Acharya,832000,2022,Prime Media Pictures
9228,Evil Does Not Exist,831685,2024,
9229,The Last Days of Chez Nous,831578,1993,
9230,Jungle Bunch: Operation Meltdown,831200,2024,
9231,Après Vous,830292,2005,
9232,Born to Be Blue,830129,2016,
9233,Until the End of the World,829625,1991,
9234,Petite Maman,829065,2022,Neon
9235,Arcadian,828919,2024,
9236,Breakfast on Pluto,828699,2005,
9237,Premam,828278,2016,
9238,Felicia's Journey,824295,1999,
9239,Boyfriends and Girlfriends,823243,1988,
9240,Que Leones,822828,2019,
9241,I.O.U.S.A.,821046,2008,
9242,Sarileru Neekevvaru,821000,2020,Great India Films
9243,Bombshell: The Hedy Lamarr Story,820300,2017,
9244,Seven Samurai,820278,1956,
9245,Sleeping with Other People,819431,2015,
9246,Like Arrows,817990,2018,
9247,Climax,817339,2019,
9248,Kochadaiiyaan,817192,2014,
9249,The Thing About My Folks,816403,2005,
9250,Ballets Russes,815848,2005,
9251,Citizens Band,815530,1977,
9252,Transit,815290,2019,
9253,Honeyland,815082,2019,
9254,Waqt: The Race Against Time,815064,2005,
9255,Charly,814666,2002,
9256,The Roundup,812859,2022,Capelight Pictures
9257,Mirai,812794,2018,
9258,Dishoom,812737,2016,
9259,It's a Wonderful Knife,811818,2023,
9260,Paint,811739,2023,
9261,Personal Velocity,811299,2002,
9262,Evangelion: 3.0+1.01 Thrice Upon a Time,810744,2022,Fathom Events
9263,"Faraway, So Close!",810455,1993,
9264,Life Itself,810454,2014,
9265,The Baltimorons,809832,2025,
9266,The Boys Are Back,809752,2009,
9267,Bill W.,809590,2012,
9268,Angel's Egg,809533,2025,
9269,Waiting for the Light,808690,1990,
9270,Factotum,808221,2006,
9271,Hard Truths,808122,2025,
9272,Waxwork,808114,1988,
9273,Bulletproof,807947,1988,
9274,Wild Reeds,807775,1995,
9275,The Year My Parents Went on Vacation,807117,2008,
9276,C'est la vie,805472,1990,
9277,Dragonkeeper,805091,2024,
9278,The Ballad of Gregorio Cortez,804963,1983,
9279,"Those Lips, Those Eyes",804713,1980,
9280,Irreversible,803491,2003,
9281,Hidden Blade,803189,2023,
9282,13 Assassins,802778,2011,
9283,Parineeta,802758,2005,
9284,The Tillman Story,802535,2010,
9285,After Life,801985,1999,
9286,Last Summer in the Hamptons,801984,1995,
9287,The Wrecking Crew!,801606,2015,
9288,Beast,800365,2018,
9289,Patti Cake$,800148,2017,
9290,Operation Mekong,800012,2016,
9291,The Barbarians,800000,1987,
9292,Visions of Light,799856,1993,
9293,Seong Chun-hyang,798977,2000,
9294,Return to Seoul,798774,2023,
9295,Kiss or Kill,796681,1997,
9296,Hum Tum,796641,2004,
9297,Rampage,796368,1992,
9298,Jet Lag,794964,2003,
9299,Labyrinth of Lies,794452,2015,
9300,Cleaner,794091,2025,
9301,Darling Companion,793815,2012,
9302,Little Monsters,793775,1989,
9303,Janet Planet,793638,2024,
9304,Vanguard,793525,2020,Gravitas Ventures
9305,Guru Nanak Jahaz,793000,2025,
9306,The Toxic Avenger Part II,792966,1989,
9307,"Kevin Puts: The Hours, Libretto by Greg Pierce",791374,2022,
9308,Sui Dhaaga,790628,2018,
9309,Into Great Silence,790452,2007,
9310,Thin Ice,790421,2012,
9311,CatVideoFest 2024,790134,2024,
9312,Prisoner of the Mountains,790078,1997,
9313,Beyond Therapy,790000,1987,
9314,Bhagam Bhag,789963,2006,
9315,Stopmotion,789226,2024,
9316,j-hope Tour: Hope on the Stage in Japan - Live Viewing,789173,2025,
9317,Pokémon the Movie: The Power of Us,789170,2018,
9318,Cabeza de Vaca,789127,1992,
9319,Trembling Before G-d,788896,2001,
9320,Blue Bayou,788675,2021,Focus Features
9321,Chonda Pierce: Unashamed,787979,2019,
9322,Poison,787280,1991,
9323,The Wailing,786633,2016,
9324,Nymphomaniac: Vol. I,785896,2014,
9325,The Last Mistress,785671,2008,
9326,Firelight,785482,1998,
9327,Heaven,784399,2002,
9328,City on Fire,784181,1979,
9329,Up the Yangtze,783969,2008,
9330,Box of Moonlight,782641,1997,
9331,Stage Beauty,782383,2004,
9332,Nutcracker,781727,1986,
9333,Teri Meri Kahaani,781196,2012,
9334,The Wonder of it All,781016,2009,
9335,The Royal Hotel,780263,2023,
9336,31,779820,2016,
9337,Chongqing Hot Pot,779818,2016,
9338,Only God Forgives,779188,2013,
9339,Panic,779137,2000,
9340,Student of the Year 2,778566,2019,
9341,Turtle Beach,778535,1992,
9342,Breakup Buddies,777896,2014,
9343,Meerkats,777595,2012,
9344,Laura Cadieux... la suite,777477,1999,
9345,Without Limits,777423,1998,
9346,Rowdy Rathore,777373,2012,
9347,To Be and to Have,777129,2003,
9348,Lonely Hearts,777087,1983,
9349,Listen Up: The Lives of Quincy Jones,776699,1990,
9350,New Waterford Girl,774469,2000,
9351,Mindwalk,774048,1991,
9352,Bloody Sunday,773228,2002,
9353,The Church,772000,2019,
9354,Border,771930,2018,
9355,The Girl Next Door,771792,2000,
9356,Son of Sardaar,771789,2012,
9357,For All Mankind,770132,1989,
9358,The Accompanist,769983,1993,
9359,The Ten,769726,2007,
9360,Pariah,769552,2011,
9361,Passion of Mind,769272,2000,
9362,Mark Felt: The Man Who Brought Down the White House,768946,2017,
9363,40 Acres,768905,2025,
9364,Palo Alto,767732,2014,
9365,Young Adam,767373,2004,
9366,A Small Circle of Friends,766760,1980,
9367,Nights of Cabiria,766530,1957,
9368,The Sum of Us,766464,1995,
9369,The Statement,765637,2003,
9370,Color Out of Space,765561,2020,RLJ Entertainment
9371,Patterns of Evidence: Moses Controversy,765361,2019,
9372,The Devil Conspiracy,765218,2023,
9373,Strapless,764794,1990,
9374,"Bodies, Rest & Motion",764724,1993,
9375,The Salton Sea,764554,2002,
9376,Before the Rain,763847,1995,
9377,Cosmopolis,763556,2012,
9378,Dekalog,762214,2000,
9379,Provoked,761740,2007,
9380,Fire and Ice,760883,1983,
9381,The Hanoi Hilton,760000,1987,
9382,Double Happiness,759393,1995,
9383,Mubarakan,758868,2017,
9384,Roll with It,757981,2023,
9385,Peepli Live,757951,2010,
9386,Coriolanus,757195,2012,
9387,Amateur,757088,1995,
9388,The Shrouds,755935,2025,
9389,The Devil's Backbone,755249,2001,
9390,Love Potion No. 9,754935,1992,
9391,Billu,754928,2009,
9392,Black,754819,2005,
9393,Showing Up,754483,2023,A24
9394,I Love Lucy: A Colorized Celebration,754323,2019,
9395,Middle Men,754301,2010,
9396,Kurbaan,754268,2009,
9397,Lakshya,753600,2004,
9398,The Dead Don't Hurt,752964,2024,
9399,Possessor,752885,2020,Neon
9400,Joni 75: A Birthday Celebration,752205,2019,
9401,Alexandra's Project,752148,2003,
9402,Body Shots,752122,1999,
9403,Waiting for the Moon,751555,1987,
9404,Household Saints,751233,1993,
9405,First Descent,750805,2005,
9406,L'Arracheuse de temps,750623,2021,Entertainment One
9407,The Great Buck Howard,750587,2009,
9408,Cheech & Chong's Last Movie,750396,2025,
9409,How to Blow Up a Pipeline,750010,2023,
9410,Defense of the Realm,750000,1986,
9411,The Party,749827,2018,
9412,Trees Lounge,749741,1996,
9413,The Phantom of the Open,748695,2022,Sony Pictures Classics
9414,Che: Part Two,748555,2008,
9415,Che: Part One,748555,2008,
9416,The Man Who Cried,747092,2001,
9417,The Girl in a Swing,747013,1989,
9418,How Long Will I Love U,746933,2018,
9419,Pokémon Heroes,746381,2003,
9420,On Chesil Beach,745971,2018,
9421,Your Monster,745652,2024,
9422,Lamb of God: The Concert Film,744813,2021,Excel Entertainment
9423,I Belonged to You,744541,2016,
9424,On the Road,744296,2012,
9425,Rally Road Racers,744169,2023,
9426,Saturday's Warrior,744046,2016,
9427,Ask the Dust,743847,2006,
9428,Seymour: An Introduction,743541,2015,
9429,"Sister, Sister",743445,1988,
9430,Party Monster,742898,2003,
9431,The Edge of Heaven,742349,2008,
9432,French Exit,741895,2021,Sony Pictures Classics
9433,The Cross,741557,2009,
9434,Charlotte Gray,741394,2001,
9435,The Story of Boys & Girls,741221,1991,
9436,Les Misérables,740048,1995,
9437,The Game Changers,739711,2019,
9438,Forks Over Knives,739561,2011,
9439,Rosencrantz & Guildenstern Are Dead,739104,1991,
9440,Faithless,739055,2001,
9441,Satyagraha,738525,2013,
9442,Mother's Boys,737548,1994,
9443,And Now Ladies & Gentlemen,736872,2003,
9444,Kadosh,736812,2000,
9445,The Shape of Things,735992,2003,
9446,Slingshot,735738,2024,
9447,Drop Squad,734693,1994,
9448,Rosenstrasse,734519,2004,
9449,She Came to Me,733978,2023,
9450,SEVENTEEN TOUR 'FOLLOW' to JAPAN: LIVE VIEWING,733654,2023,
9451,Grand Prix of Europe,733419,2025,
9452,David Crosby: Remember My Name,732793,2019,
9453,Once I Was a Beehive,732655,2015,
9454,Lost in La Mancha,732393,2003,
9455,Asoka,731277,2001,
9456,The Villain,730530,2014,
9457,The British Invasion Returns,729102,1991,
9458,Fade to Black,728921,2004,
9459,Mausam,728316,2011,
9460,Lust in the Dust,727639,1985,
9461,Land Ho!,727594,2014,
9462,Vox Lux,727119,2018,
9463,Walk With Me,726726,2017,
9464,Kiss Me Deadly,726000,1955,
9465,Fat Girl,725854,2001,
9466,The American Miracle,725556,2025,
9467,Kahlil Gibran's The Prophet,725489,2015,
9468,May it Last: A Portrait of the Avett Brothers,725286,2017,
9469,The Catcher Was a Spy,725223,2018,
9470,Vampire's Kiss,725131,1989,
9471,Yves Saint Laurent,723593,2014,
9472,Metropolis,722932,2002,
9473,Bluff Master,722847,2005,
9474,More Than Blue,722669,2019,
9475,Baaghi 3,721439,2020,FIP
9476,The Big One,720074,1998,
9477,The Women on the 6th Floor,719823,2011,
9478,Forever Strong,719556,2008,
9479,Chuck Berry: Hail! Hail! Rock 'n' Roll,719323,1987,
9480,Burning,718991,2018,
9481,Wake Up Sid,718766,2009,
9482,Revive Us 2,718607,2017,
9483,Kicking and Screaming,718490,1995,
9484,Thousand Pieces of Gold,717772,1991,
9485,And God Created Woman,717376,1988,
9486,Hannah Arendt,717205,2013,
9487,Coupe de Ville,715983,1990,
9488,Rocket Science,714943,2007,
9489,"RM: Right People, Wrong Place",714120,2024,
9490,Mysterious Skin,713240,2005,
9491,Strangeland,713239,1998,
9492,Holy Matrimony,713234,1994,
9493,The Little Stranger,713143,2018,
9494,Shanghai Ghetto,712446,2002,
9495,The Ballad of Jack and Rose,712275,2005,
9496,The Van,712095,1997,
9497,North Face,711421,2010,
9498,Khoobsurat,710508,2014,
9499,The Monkey King 2,709982,2016,
9500,The Exception,708973,2017,
9501,The Assassination of Richard Nixon,708776,2004,
9502,Raavan,708726,2010,
9503,Disciples in the Moonlight,708379,2024,
9504,Point Blank,708215,2011,
9505,The Hedgehog,707945,2011,
9506,Mozart's Sister,707885,2011,
9507,Canelo Alvarez vs. Gennady Golovkin II,707875,2018,
9508,The 11th Hour,707343,2007,
9509,Holiday,706893,2014,
9510,Tuesday,706683,2024,
9511,The Captain,706572,2019,
9512,Frankie & Alice,706546,2010,
9513,Monster Hunt 2,706153,2018,
9514,Sacramento,706033,2025,
9515,"Men, Women & Children",705908,2014,
9516,Corsage,705767,2022,
9517,It Ain't Over,705355,2023,
9518,Human Nature,705308,2002,
9519,Where's My Roy Cohn?,705274,2019,
9520,Blaze,704955,2018,
9521,Non-Fiction,704919,2019,
9522,Spirits in the Forest,704744,2019,
9523,Cartel Land,704352,2015,
9524,The Return,703979,2024,
9525,The Threesome,703913,2025,
9526,Boundaries,703438,2018,
9527,Countdown to Canelo vs. Golovkin,703396,2017,
9528,Hobo with a Shotgun,703372,2011,
9529,Little Men,702537,2016,
9530,Tangerine,702354,2015,
9531,Bachna Ae Haseeno,702166,2008,
9532,56 Up,701278,2013,
9533,Chaar Sahibzaade 2: Rise of Banda Singh Bahadur,700723,2016,
9534,Siesta,700000,1987,
9535,Edward II,699264,1992,
9536,The Saddest Music in the World,699225,2004,
9537,Agent Vinod,698210,2012,
9538,One from the Heart,697872,1982,
9539,Cheeni Kum,697369,2007,
9540,Ghostlight,697229,2024,
9541,Tabloid,696921,2011,
9542,The Himalayas,696717,2015,
9543,Muscle Shoals,696241,2013,
9544,Patterns of Evidence: The Red Sea Miracle,696191,2020,Fathom Events
9545,The Girlfriend Experience,695840,2009,
9546,Split Decisions,695822,1988,
9547,Jhoom Barabar Jhoom,695157,2007,
9548,Nine Days,694849,2021,Sony Pictures Classics
9549,Delgo,694782,2008,
9550,Red Army,694600,2015,
9551,The Pirates of Penzance,694497,1983,
9552,Raise Hell: The Life & Times of Molly Ivins,694410,2019,
9553,Chris Brown: Welcome To My Life,693984,2017,
9554,"Distant Voices, Still Lives",693563,1989,
9555,The Paperboy,693286,2012,
9556,Polish Wedding,692588,1998,
9557,The Living End,692585,1992,
9558,Stonewall,692400,1996,
9559,Inside Deep Throat,691880,2005,
9560,Lost in Paris,691597,2017,
9561,The Opposite Sex and How to Live with Them,690966,1993,
9562,Shubh Mangal Savdhan,689874,2017,
9563,Bade Miyan Chote Miyan,689505,2024,
9564,Fanboys,688529,2009,
9565,Happy Accidents,688523,2001,
9566,Daniel,687475,1983,
9567,Lady Chatterley,687414,2007,
9568,The Caveman's Valentine,687194,2001,
9569,A Chef in Love,686704,1997,
9570,The Devotion of Suspect X,686435,2017,
9571,Wigstock: The Movie,686152,1995,
9572,The Thieves,685839,2012,
9573,Mr. Church,685780,2016,
9574,The Last Vermeer,685380,2020,TriStar Pictures
9575,Bloodsport 2,684351,1996,
9576,Nobody Knows,684118,2005,
9577,"A Man, a Woman and a Bank",683353,1979,
9578,Sophie Scholl: The Final Days,680331,2006,
9579,A Matter of Faith,680113,2014,
9580,Besharam,679866,2013,
9581,No Entry,678000,2005,
9582,The King of Kong: A Fistful of Quarters,677914,2007,
9583,Stormbreaker,677646,2006,
9584,The Secret of Kells,676775,2010,
9585,"Dancer, Texas Pop. 81",676631,1998,
9586,Where the River Runs Black,676166,1986,
9587,Mid-August Lunch,675299,2010,
9588,Shortcomings,675257,2023,
9589,Laaga Chunari Mein Daag,675102,2007,
9590,Red Lights,673828,2004,
9591,The D Train,673151,2015,
9592,Imagine Me & You,672243,2006,
9593,C.S.A.: The Confederate States of America,672156,2005,
9594,Some Mother's Son,671437,1996,
9595,Maniac Cop,671382,1988,
9596,Koi... Mil Gaya,671372,2003,
9597,Legends of the Condor Heroes: The Gallants,671343,2025,
9598,The Trump Prophecy,671198,2018,
9599,The Island,670883,2018,
9600,"Cry, the Beloved Country",670727,1995,
9601,Student of the Year,670086,2012,
9602,Bewafaa,670076,2005,
9603,Memoir of a Snail,669798,2024,
9604,The Life and Times of Allen Ginsberg,669643,1994,
9605,The Promise,669625,2006,
9606,Back on the Strip,669472,2023,
9607,The Thief and the Cobbler,669276,1995,
9608,The Claim,669258,2000,
9609,Kurt & Courtney,668228,1998,
9610,Anvil: The Story of Anvil,667911,2009,
9611,The House Where Evil Dwells,667863,1982,
9612,Aline,667815,2021,Roadside Attractions
9613,Master Gardener,667114,2023,
9614,My Afternoons with Margueritte,666557,2011,
9615,Balzac and the Little Chinese Seamstress,666327,2005,
9616,Beer for My Horses,666045,2008,
9617,Echelon Conspiracy,666009,2009,
9618,The Cremaster Cycle,665861,2003,
9619,American Buffalo,665450,1996,
9620,The Berlin File,665210,2013,
9621,Our Friend,663725,2021,Gravitas Ventures
9622,American Honey,663246,2016,
9623,Savage Nights,662341,1994,
9624,The Emperor's New Clothes,661903,2002,
9625,Star Maps,661465,1997,
9626,I Am the Immaculate Conception,661130,2024,
9627,The Stanford Prison Experiment,660561,2015,
9628,Grace of My Heart,660313,1996,
9629,Baadshah,660216,1999,
9630,The Visitors,659810,1996,
9631,Play the Game,659483,2009,
9632,Dragon Ball Z: Broly - The Legendary Super Saiyan,658982,2018,
9633,100% Wolf,658764,2020,Viva Pictures
9634,The Concert,657986,2010,
9635,Queen of the Ring,657661,2025,
9636,Spellbinder,657446,1988,
9637,SubUrbia,656747,1997,
9638,Terri,655802,2011,
9639,Heroes,655538,2008,
9640,A Different Man,654254,2024,
9641,Another Gay Movie,654132,2006,
9642,Wilson,653951,2017,
9643,Parkland,653651,2013,
9644,The Sky Is Pink,652592,2019,
9645,Lassie,652163,2006,
9646,The Child,651941,2006,
9647,Aarakshan,651096,2011,
9648,El Jeremías,650465,2016,
9649,Jaan-E-Mann: Lets Fall in Love Again,650000,2006,
9650,The Sparks Brothers,648665,2021,Focus Features
9651,Joan Baez I Am a Noise,648299,2023,
9652,Jodorowsky's Dune,647280,2014,
9653,Japanese Story,647054,2003,
9654,Hasee Toh Phasee,646035,2014,
9655,Pariah,645675,2000,
9656,Saraband,645634,2005,
9657,Focus,645418,2001,
9658,Frank,645186,2014,
9659,The Oscar Nominated Short Films 2009: Live Action,644635,2009,
9660,East of Wall,644583,2025,
9661,Da,644532,1988,
9662,Dil Bole Hadippa,644046,2009,
9663,Chal Mera Putt 3,644000,2021,Rhythm Boyz Entertainment
9664,Saint Michael Meet the Angel,643828,2022,Fathom Events
9665,Inspector Sun,642192,2023,
9666,Lizzie,642157,2018,
9667,Five Days from Home,641768,1979,
9668,Holy Motors,641100,2012,
9669,Journey from the Fall,641039,2007,
9670,City of Gold,640979,2016,
9671,Dust to Glory,640013,2005,
9672,Don't Let's Go to the Dogs Tonight,639309,2025,
9673,The Monster,638645,1996,
9674,The Wild Bunch,638641,1969,
9675,The Greatest Movie Ever Sold,638476,2011,
9676,We Are Family,638144,2010,
9677,Blow Dry,637769,2001,
9678,The Stoning of Soraya M.,637421,2009,
9679,Dice Rules,637327,1991,
9680,The Virginity Hit,636706,2010,
9681,Synchronic,636673,2020,Well Go USA Entertainment
9682,Fugitive Pieces,635783,2008,
9683,Molière,635733,2007,
9684,My Life So Far,635620,1999,
9685,Goya in Bordeaux,635361,2000,
9686,The Last Lions,635325,2011,
9687,Ride with the Devil,635096,1999,
9688,Father and Sons,634968,2003,
9689,Dinner Rush,634566,2001,
9690,Lurker,633965,2025,
9691,Two Days in New York,633210,2012,
9692,Grey Owl,632617,1999,
9693,The Assassin,632542,2015,
9694,Guinevere,632283,1999,
9695,Jonah: The Musical,631154,2017,
9696,Embrace: The Documentary,629126,2016,
9697,The Teachers' Lounge,628218,2023,
9698,Pumping Iron II: The Women,628050,1985,
9699,"The Prize Winner of Defiance, Ohio",627844,2005,
9700,Amreeka,627436,2009,
9701,Red Cliff,627047,2009,
9702,"If I Can't Have Love, I Want Power",626946,2021,IMAX
9703,Back to the Drive-in,626557,2022,
9704,"Love, Gilda",626318,2018,
9705,Taxi 2,626164,2000,
9706,Johnny Stecchino,626057,1992,
9707,The House of Yes,626057,1997,
9708,The Goat Life,625000,2024,
9709,Son of the Bride,624757,2002,
9710,Wuthering Heights,624643,1989,
9711,The Only Living Boy in New York,624332,2017,
9712,Character,623983,1998,
9713,A Secret,623558,2008,
9714,"Kumiko, The Treasure Hunter",623383,2015,
9715,Texas Rangers,623374,2001,
9716,Spike of Bensonhurst,623112,1988,
9717,Nancy Drew and the Hidden Staircase,623088,2019,
9718,It's My Party,622503,1996,
9719,Ajami,622403,2010,
9720,Sunday Lovers,621931,1981,
9721,Range 15,621738,2016,
9722,Cronos,621392,1994,
9723,Mary Kom,621300,2014,
9724,LOC: Kargil,621103,2003,
9725,The Passenger,620155,1975,
9726,Ante Sundharaniki,620000,2022,-
9727,Sailor Moon R: The Movie: The Promise of the Rose,619902,2017,
9728,The Transformers,619597,2018,
9729,Agora,619423,2010,
9730,Vincere,619162,2010,
9731,Foxtrot,618883,2018,
9732,Fever Pitch,618847,1985,
9733,I Served the King of England,617403,2008,
9734,Howl,617334,2010,
9735,The Celestine Prophecy,617236,2006,
9736,The Bronze,615816,2016,
9737,Finding Fanny,615691,2014,
9738,Miles Davis: Birth of the Cool,614201,2019,
9739,Going Upriver,614138,2004,
9740,Tickled,613956,2016,
9741,Brothers,613775,2015,
9742,Unsilenced,613621,2022,Zhen Pictures
9743,The Hunt,613308,2013,
9744,Ryan's World the Movie: Titan Universe Adventure,613001,2024,
9745,The Animation Show,612864,2003,
9746,Queens Logic,612781,1991,
9747,Walking the Camino: Six Ways to Santiago,612717,2013,
9748,The Mean One,612260,2022,Atlas Distribution Company
9749,The Filth and the Fury,612192,2000,
9750,Le Havre,611709,2011,
9751,Leolo,611703,1993,
9752,Roger Waters - Us + Them,611644,2019,
9753,Everlasting Moments,610825,2009,
9754,Not Fade Away,610792,2012,
9755,The Return of Superfly,610402,1990,
9756,Henry: Portrait of a Serial Killer,609939,1990,
9757,The White Storm 2: Drug Lords,609461,2019,
9758,Deception,608866,1993,
9759,Welcome to Me,608852,2015,
9760,CatVideoFest 2023,608599,2023,
9761,Weekend in Taipei,608034,2024,
9762,Gunner Palace,607844,2005,
9763,Itzhak,607290,2018,
9764,The Least of These: The Graham Staines Story,607015,2019,
9765,Neither Wolf Nor Dog,606511,2017,
9766,Below,605562,2002,
9767,Blue Collar Comedy Tour: The Movie,604856,2003,
9768,Modern Girls,604849,1986,
9769,Auntie Danielle,604624,1991,
9770,Love Serenade,604523,1997,
9771,Chhapaak,604334,2020,FIP
9772,Jaane Tu... Ya Jaane Na,604037,2008,
9773,Mean Creek,603951,2004,
9774,Wild West Comedy Show: 30 Days & 30 Nights - Hollywood to the Heartland,603894,2008,
9775,The Midwife,603582,2017,
9776,The Holy Land,603520,2003,
9777,"DCI 2019: Big, Loud & Live 16",603320,2018,
9778,La fille de Monaco,602992,2009,
9779,The Advocate,602329,1994,
9780,Orgazmo,602302,1998,
9781,Shin Ultraman,601490,2023,
9782,Knights of the City,601451,1986,
9783,The Signal,600896,2014,
9784,The Chaperone,600654,2019,
9785,The Grateful Dead Meet-Up 2018,600554,2018,
9786,2022 Oscar Nominated Short Films: Live Action,600549,2022,
9787,2022 Oscar Nominated Short Films: Animation,600549,2022,
9788,2022 Oscar Nominated Short Films: Documentary,600549,2022,
9789,Chungking Express,600200,1996,
9790,Code Name: Wild Geese,600000,1986,
9791,HIT: The 2nd Case,600000,2022,Tolly Movies
9792,Heroine,598668,2012,
9793,Swept Away,598645,2002,
9794,Road Scholar,597564,1993,
9795,Master,597251,2016,
9796,Fiza,596591,2000,
9797,Where the Rivers Flow North,595505,1994,
9798,Schultze Gets the Blues,595071,2005,
9799,Blue Like Jazz,595018,2012,
9800,The Crimson Rivers,594966,2001,
9801,Lo and Behold: Reveries of the Connected World,594912,2016,
9802,Furie,594788,2019,
9803,Battle of Memories,594552,2017,
9804,Official Competition,593790,2022,IFC Films
9805,Not One Less,592586,2000,
9806,The Promise,592543,1997,
9807,To Kill a Mockingbird,592237,1962,
9808,Tarnation,592014,2004,
9809,Gangubai Kathiawadi,592000,2022,Paramount Pictures International
9810,Night of the Creeps,591366,1986,
9811,Last Night,591165,1999,
9812,The Third Miracle,591142,1999,
9813,"Peace, Love & Misunderstanding",590700,2012,
9814,Bethany Hamilton: Unstoppable,590671,2019,
9815,Refugee,590000,2000,
9816,Prefontaine,589304,1997,
9817,Powaqqatsi,589244,1988,
9818,Shortcut,588869,2020,Gravitas Ventures
9819,Twelfth Night,588621,1996,
9820,Phir Bhi Dil Hai Hindustani,588606,2000,
9821,Cuando sea joven,588028,2022,Pantelion Films
9822,Khakee,587877,2004,
9823,Elvis on Tour,587818,2010,
9824,The Disappearance of Eleanor Rigby: Them,587774,2014,
9825,A Time for Drunken Horses,587654,2000,
9826,To the Wonder,587615,2013,
9827,Thunderstruck,587211,2012,
9828,Pound Puppies and the Legend of Big Paw,586938,1988,
9829,Gloomy Sunday,585604,2003,
9830,The Opportunists,584054,2000,
9831,Oviri,583800,1987,
9832,Gleason,583664,2016,
9833,Salinger,583633,2013,
9834,W.E.,583455,2012,
9835,Forgive Me Father,582787,2001,
9836,Panga,582720,2020,FIP
9837,The Pope Must Diet,582510,1991,
9838,All Good Things,582024,2010,
9839,Robber,581813,2013,
9840,"War, Inc.",580862,2008,
9841,Novitiate,580346,2017,
9842,The Search for Signs of Intelligent Life in the Universe,579854,1991,
9843,Detective Byomkesh Bakshy!,579055,2015,
9844,Pick of the Litter,578717,2018,
9845,Tibet: Cry of the Snow Lion,578241,2003,
9846,The Thorn,577004,2023,
9847,Mumbai Diaries,576639,2011,
9848,The Maid,576608,2009,
9849,Not Another Church Movie,576243,2024,
9850,Werewolves Within,575783,2021,IFC Films
9851,House,575048,2008,
9852,Rosalie Goes Shopping,574080,1990,
9853,Bar Girls,573953,1995,
9854,Wild Orchid II: Two Shades of Blue,573904,1992,
9855,The Public,573503,2019,
9856,Willy Wonka & the Chocolate Factory,573368,1971,
9857,City of Lies,572493,2021,Saban Films
9858,Deceiver,572433,1998,
9859,A Tale of Love and Darkness,572212,2016,
9860,Rumours,571909,2024,
9861,Yuvvraaj,570090,2008,
9862,Faith of Angels,570027,2024,
9863,Lemon Tree,569672,2009,
9864,Tommy's Honour,569306,2017,
9865,Fleet of Time,569280,2014,
9866,Down in the Valley,568932,2006,
9867,Tunnel,568876,2016,
9868,My First Mister,568762,2001,
9869,The Future,568662,2011,
9870,La Danse: The Paris Opera Ballet,567493,2009,
9871,Husband Material,567417,2018,
9872,Loveless,566356,2018,
9873,Knight of Cups,566006,2016,
9874,The Weather Underground,564632,2003,
9875,Touch of Pink,564535,2004,
9876,Dum Maaro Dum,564489,2011,
9877,A Fish Tale,563911,2003,
9878,The Cat Returns,563718,2018,
9879,Poolhall Junkies,563711,2003,
9880,Wildcat,563591,2024,
9881,Hands on a Hardbody: The Documentary,563482,1998,
9882,The Fluffer,563373,2001,
9883,Nobody's Fool,563358,1986,
9884,Godzilla,562711,2004,
9885,Undefeated,562218,2012,
9886,Steel Dawn,562187,1987,
9887,Code Name: Emerald,561548,1985,
9888,Harry & Snowman,561460,2016,
9889,Museum Hours,561457,2013,
9890,When Marnie Was There,561085,2015,
9891,Rich Girl,561000,1991,
9892,Cold War 2,560824,2016,
9893,Jimmy's Hall,560592,2015,
9894,Tamara Drewe,560391,2010,Sony Pictures Classics
9895,Bottle Rocket,560069,1996,
9896,The Persian Version,559820,2023,
9897,The Grass Harp,559771,1996,
9898,The Twilight Samurai,559765,2004,
9899,A Little Chaos,558173,2015,
9900,Romance & Cigarettes,557471,2007,
9901,Bitter Harvest,557241,2017,
9902,The Attorney,557236,2014,
9903,The Colors Within,557116,2025,
9904,Anita,556632,2021,CMC Pictures
9905,Of an Age,556585,2023,
9906,Samaritan's Purse presents Facing Darkness,555533,2017,
9907,The Italian,555436,2007,
9908,Dolores,555309,2017,
9909,The Greatest Miracle,555166,2011,
9910,Reprise,554826,2008,
9911,American Violet,554434,2009,
9912,Love Me If You Dare,553504,2004,
9913,Palindromes,553368,2005,
9914,Akira,553171,1989,
9915,Dust Bunny,552996,2025,
9916,The Reluctant Fundamentalist,552959,2013,
9917,A Cool Fish,551876,2018,
9918,Mesrine: Killer Instinct,551697,2010,
9919,Passages,551611,2023,
9920,Mother,551509,2010,
9921,Anniversary,551286,2025,
9922,The Final Cut,551281,2004,
9923,Ondine,550472,2010,
9924,All the Real Girls,549666,2003,
9925,The Lost Medallion: The Adventures of Billy Stone,549632,2013,
9926,The Room,549602,2003,
9927,Fiddler: A Miracle of Miracles,549386,2019,
9928,23 Blast,549185,2014,
9929,Vicky Donor,549001,2012,
9930,From Mexico with Love,548787,2009,
9931,Amazon Women on the Moon,548696,1987,
9932,Commandments,548561,1997,
9933,We Have a Pope,548115,2012,
9934,The Children Act,547750,2018,
9935,Beyond the Reef,547525,1981,
9936,Everybody's Everything,547207,2019,
9937,Devil in the Flesh,546904,1987,
9938,Autumn and the Black Jaguar,546879,2025,
9939,When Evil Lurks,546626,2023,
9940,Heavy Metal,546545,1996,
9941,Freeheld,546201,2015,
9942,"DCI 2019: Big, Loud & Live 16",546060,2019,
9943,Anna and the Apocalypse,545597,2018,
9944,Changing Times,545255,2006,
9945,A Map of the World,544965,1999,
9946,The Art of the Steal,544890,2010,
9947,American Pastoral,544098,2016,
9948,Love & Sex,543896,2000,
9949,Dream with the Fishes,543708,1997,
9950,Double Dhamaal,543646,2011,
9951,Facing Windows,543354,2004,
9952,Winter in Wartime,543100,2011,
9953,The Ballad of Little Jo,543091,1993,
9954,On Any Sunday: The Next Chapter,543044,2014,
9955,Love & Human Remains,542985,1995,
9956,Joshua Then and Now,542420,1985,
9957,Jack Goes Boating,541992,2010,
9958,Khatta Meetha,541904,2010,
9959,The Age of Shadows,541719,2016,
9960,20 Dates,541636,1999,
9961,Sweetwater,541633,2023,
9962,Strike It Rich,541626,1990,
9963,Treasure,541578,2024,
9964,Broken English,541377,1997,
9965,Passionada,540833,2003,
9966,Nobel Son,540382,2008,
9967,Being Flynn,540152,2012,
9968,Buster,540000,1988,
9969,Kantara: A Legend - Chapter 1,540000,2025,
9970,Max,539879,2002,
9971,Love Crime,539792,2011,
9972,A Brother's Love,539524,2019,
9973,House of Sand,539285,2006,
9974,"Confess, Fletch",538842,2022,Paramount Pictures
9975,Machine Gun Preacher,538690,2011,
9976,Consecration,538551,2023,
9977,Tom & Viv,538534,1994,
9978,By the Sea,538460,2015,
9979,Followed,538179,2020,Global View Entertainment
9980,Clockwatchers,537948,1998,
9981,Kids in America,537667,2005,
9982,Alone,537589,2020,Magnolia Pictures
9983,Grateful Dead Meet-Up 2019,537153,2019,
9984,Incident at Oglala,536848,1992,
9985,The Young Poisoner's Handbook,536825,1996,
9986,Eddie and the Cruisers II: Eddie Lives!,536508,1989,
9987,The Underneath,536023,1995,
9988,Shall We Kiss?,535499,2009,
9989,Sanctuary,535201,2023,
9990,Cattle Annie and Little Britches,534816,1981,
9991,Hard Country,534653,1981,
9992,Gabbar Is Back,534601,2015,
9993,Bob Trevino Likes It,534372,2025,
9994,Ai Weiwei: Never Sorry,534100,2012,
9995,Traveller,534010,1997,
9996,Wild Man Blues,533759,1998,
9997,Masked and Anonymous,533569,2003,
9998,Bread and Roses,533479,2001,
9999,The Encampments,533364,2025,
10000,Winnie-the-Pooh: Blood and Honey 2,533144,2024,
