adult,backdrop_path,genre_ids,id,original_language,original_title,overview,popularity,poster_path,release_date,title,video,vote_average,vote_count,production_countries,release_year,genres,title_normalized,domestic_revenue,rank,distributor,revenue_domestic,revenue,genre_names,production_country_codes,is_origin_usa,is_origin_uk_ie,is_origin_canada,is_origin_us_uk_ca,is_disney,is_warner_bros,is_universal,is_sony,is_paramount,is_fox,is_mgm,is_lionsgate,is_major_studio,is_english,genre_drama,genre_comedy,genre_action,genre_thriller,genre_adventure,genre_romance,genre_science_fiction,genre_horror,genre_crime,genre_family,genre_fantasy,genre_animation,genre_mystery,genre_history,genre_music,genre_war,genre_western,is_action_adventure,is_action_sci_fi,is_comedy_romance,is_family_animation,primary_genre,genre_count,release_month,release_month_name,release_season,is_summer_blockbuster,is_holiday_release,is_oscar_season,is_holiday_proximity,nearest_holiday,days_to_holiday,is_christmas_proximity,is_thanksgiving_proximity,is_independence_day_proximity,is_memorial_labor_day_proximity,has_nearby_major_release,nearby_major_releases_count,nearby_major_releases_max_revenue,days_to_nearest_major_release,competition_intensity,has_blockbuster_competition,has_immediate_competition,is_marvel,is_dc,is_star_wars,is_fast_furious,is_harry_potter,is_franchise_sequel,is_sequel,franchise_stub,franchise_prev_domestic_total,franchise_prev_domestic_last,franchise_prev_domestic_avg,franchise_prev_domestic_count,is_live_action_remake,is_adaptation,is_superhero,has_remake_indicator,is_remake_adaptation,is_ip_movie,years_since_baseline,is_pre_streaming_era,is_streaming_transition,is_pandemic_year,is_post_pandemic_era
False,/k6EOrckWFuz7I4z4wiRwz8zsj4H.jpg,"[12, 28, 878]",140607,en,Star Wars: The Force Awakens,"Thirty years after defeating the Galactic Empire, Han Solo and his allies face a new threat from the evil Kylo Ren and his army of Stormtroopers.",10.0599,/wqnLdwVXoBjKibFRR5U3y0aDUhs.jpg,2015-12-18,Star Wars: The Force Awakens,False,7.255,20132,"[{'iso_3166_1': 'US', 'name': 'United States of America'}]",2015,"[12, 28, 878]",Star Wars: The Force Awakens,936662225.0,1.0,Walt Disney Studios Motion Pictures,936662225.0,936662225.0,"Adventure,Action,Science Fiction",['US'],1,0,0,1,1,0,0,0,0,0,0,0,1,1,0,0,1,0,1,0,1,0,0,0,0,0,0,0,0,0,0,1,1,0,0,Adventure,3,12,December,Winter,0,1,1,1,Christmas,7.0,1,0,0,0,1,6,183637894,0,High,0,1,0,0,1,0,0,0,1,star wars,0.0,,,0.0,0,0,0,0,0,1,5,1,0,0,0
False,/dF6FjTZzRTENfB4R17HDN20jLT2.jpg,"[28, 12, 878, 53]",135397,en,Jurassic World,"Twenty-two years after the events of Jurassic Park, Isla Nublar now features a fully functioning dinosaur theme park, Jurassic World, as originally envisioned by John Hammond.",10.3281,/rhr4y79GpxQF9IsfJItRXVaoGs4.jpg,2015-06-12,Jurassic World,False,6.7,21160,"[{'iso_3166_1': 'US', 'name': 'United States of America'}]",2015,"[28, 12, 878, 53]",Jurassic World,653406625.0,10.0,Universal Pictures,653406625.0,653406625.0,"Action,Adventure,Science Fiction,Thriller",['US'],1,0,0,1,0,0,1,0,0,0,0,0,1,1,0,0,1,1,1,0,1,0,0,0,0,0,0,0,0,0,0,1,1,0,0,Action,4,6,June,Summer,1,0,0,0,,,0,0,0,0,1,5,356461711,7,High,1,1,0,0,0,0,0,1,1,jurassic world,0.0,,,0.0,0,1,0,0,1,1,5,1,0,0,0
False,/kIBK5SKwgqIIuRKhhWrJn3XkbPq.jpg,"[28, 12, 878]",99861,en,Avengers: Age of Ultron,"When Tony Stark tries to jumpstart a dormant peacekeeping program, things go awry and Earth’s Mightiest Heroes are put to the ultimate test as the fate of the planet hangs in the balance. As the villainous Ultron emerges, it is up to The Avengers to stop him from enacting his terrible plans, and soon uneasy alliances and unexpected action pave the way for an epic and unique global adventure.",15.0878,/4ssDuvEDkSArWEdyBl2X5EHvYKU.jpg,2015-05-01,Avengers: Age of Ultron,False,7.271,23928,"[{'iso_3166_1': 'US', 'name': 'United States of America'}]",2015,"[28, 12, 878]",Avengers: Age of Ultron,459005868.0,29.0,Walt Disney Studios Motion Pictures,459005868.0,459005868.0,"Action,Adventure,Science Fiction",['US'],1,0,0,1,1,0,0,0,0,0,0,0,1,1,0,0,1,0,1,0,1,0,0,0,0,0,0,0,0,0,0,1,1,0,0,Action,3,5,May,Spring,1,0,0,0,,,0,0,0,0,1,3,184296230,14,High,0,0,1,0,0,0,0,0,1,avengers,623357910.0,623357910.0,623357910.0,1.0,0,0,1,0,0,1,5,1,0,0,0
False,/jJKZaTBNenlFclQyjrnvzkRmvWE.jpg,"[16, 10751, 12, 18, 35]",150540,en,Inside Out,"When 11-year-old Riley moves to a new city, her Emotions team up to help her through the transition. Joy, Fear, Anger, Disgust and Sadness work together, but when Joy and Sadness get lost, they must journey through unfamiliar places to get back home.",13.3989,/2H1TmgdfNtsKlU9jKdeNyYL5y8T.jpg,2015-06-19,Inside Out,False,7.91,22994,"[{'iso_3166_1': 'US', 'name': 'United States of America'}]",2015,"[16, 10751, 12, 18, 35]",Inside Out,356461711.0,71.0,Walt Disney Studios Motion Pictures,356461711.0,356461711.0,"Animation,Family,Adventure,Drama,Comedy",['US'],1,0,0,1,1,0,0,0,0,0,0,0,1,1,1,1,0,0,1,0,0,0,0,1,0,1,0,0,0,0,0,0,0,0,1,Animation,5,6,June,Summer,1,0,0,0,,,0,0,0,0,1,6,653406625,7,High,1,1,0,0,0,0,0,0,0,inside out,,,,,0,0,0,0,0,0,5,1,0,0,0
False,/ehzI1mVcnHqB58NqPyQwpMqcVoz.jpg,"[28, 80, 53]",168259,en,Furious 7,Deckard Shaw seeks revenge against Dominic Toretto and his family for his comatose brother.,9.6808,/ktofZ9Htrjiy0P6LEowsDaxd3Ri.jpg,2015-04-03,Furious 7,False,7.221,11054,"[{'iso_3166_1': 'US', 'name': 'United States of America'}]",2015,"[28, 80, 53]",Furious 7,353007020.0,74.0,Universal Pictures,353007020.0,353007020.0,"Action,Crime,Thriller",['US'],1,0,0,1,0,0,1,0,0,0,0,0,1,1,0,0,1,1,0,0,0,0,1,0,0,0,0,0,0,0,0,0,0,0,0,Action,3,4,April,Spring,0,0,0,0,,,0,0,0,0,1,2,177397510,7,Medium,0,1,0,0,0,1,0,0,1,furious 7,0.0,,,0.0,0,0,0,0,0,1,5,1,0,0,0
False,/wKrxeY6lbu7KFBsWVcMH6M8avwr.jpg,"[10751, 16, 12, 35]",211672,en,Minions,"Minions Stuart, Kevin and Bob are recruited by Scarlet Overkill, a super-villain who, alongside her inventor husband Herb, hatches a plot to take over the world.",4.1815,/dr02BdCNAUPVU07aOodwPYv6HCf.jpg,2015-07-10,Minions,False,6.417,10903,"[{'iso_3166_1': 'US', 'name': 'United States of America'}]",2015,"[10751, 16, 12, 35]",Minions,336045770.0,83.0,Universal Pictures,336045770.0,336045770.0,"Family,Animation,Adventure,Comedy",['US'],1,0,0,1,0,0,1,0,0,0,0,0,1,1,0,1,0,0,1,0,0,0,0,1,0,1,0,0,0,0,0,0,0,0,1,Family,4,7,July,Summer,1,0,0,1,Independence Day,6.0,0,0,1,0,1,7,180202163,7,High,0,1,0,0,0,0,0,1,1,minions,0.0,,,0.0,0,1,0,0,1,1,5,1,0,0,0
False,/qVgLMRVNB5bHU0inmRa0ueShacN.jpg,"[28, 12, 878]",131634,en,The Hunger Games: Mockingjay - Part 2,"As the war between the Capitol and the districts reaches its peak, Katniss Everdeen embarks on a perilous mission to liberate Panem and confront President Snow. Joined by a team of trusted allies, she navigates deadly traps, shifting loyalties, and the heavy cost of rebellion, determined to bring freedom to her people and end the Hunger Games once and for all.",6.9116,/lImKHDfExAulp16grYm8zD5eONE.jpg,2015-11-18,The Hunger Games: Mockingjay - Part 2,False,6.901,13069,"[{'iso_3166_1': 'DE', 'name': 'Germany'}, {'iso_3166_1': 'US', 'name': 'United States of America'}]",2015,"[28, 12, 878]",The Hunger Games: Mockingjay - Part 2,281723902.0,132.0,Lionsgate,281723902.0,281723902.0,"Action,Adventure,Science Fiction","['US', 'DE']",1,0,0,1,0,0,0,0,0,0,0,1,1,1,0,0,1,0,1,0,1,0,0,0,0,0,0,0,0,0,0,1,1,0,0,Action,3,11,November,Fall,0,1,1,1,Veterans Day,7.0,0,0,0,0,1,4,200074609,7,High,1,1,0,0,0,0,0,0,1,hunger games,1169814624.0,337135885.0,389938208.0,3.0,0,1,0,0,1,1,5,1,0,0,0
False,/sq8oUjbBvKkqv9h0Ns5rQbbquhZ.jpg,"[18, 12, 878]",286217,en,The Martian,"During a manned mission to Mars, Astronaut Mark Watney is presumed dead after a fierce storm and left behind by his crew. But Watney has survived and finds himself stranded and alone on the hostile planet. With only meager supplies, he must draw upon his ingenuity, wit and spirit to subsist and find a way to signal to Earth that he is alive.",12.3367,/3ndAx3weG6KDkJIRMCi5vXX6Dyb.jpg,2015-10-02,The Martian,False,7.691,20663,"[{'iso_3166_1': 'US', 'name': 'United States of America'}]",2015,"[18, 12, 878]",The Martian,228433663.0,193.0,Twentieth Century Fox,228433663.0,228433663.0,"Drama,Adventure,Science Fiction",['US'],1,0,0,1,0,0,0,0,0,1,0,0,1,1,1,0,0,0,1,0,1,0,0,0,0,0,0,0,0,0,0,0,0,0,0,Drama,3,10,October,Fall,0,0,1,1,Columbus Day,8.0,0,0,0,0,1,6,169700110,7,High,0,1,0,0,0,0,0,0,0,martian,,,,,0,0,0,0,0,0,5,1,0,0,0
False,/q7vmCCmyiHnuKGMzHZlr0fD44b9.jpg,"[10749, 14, 10751, 18]",150689,en,Cinderella,"When her father unexpectedly passes away, young Ella finds herself at the mercy of her cruel stepmother and her daughters. Never one to give up hope, Ella's fortunes begin to change after meeting a dashing stranger in the woods.",12.0294,/j91LJmcWo16CArFOoapsz84bwxb.jpg,2015-03-13,Cinderella,False,6.8,7272,"[{'iso_3166_1': 'GB', 'name': 'United Kingdom'}, {'iso_3166_1': 'US', 'name': 'United States of America'}]",2015,"[10749, 14, 10751, 18]",Cinderella,201151353.0,251.0,Walt Disney Studios Motion Pictures,201151353.0,201151353.0,"Romance,Fantasy,Family,Drama","['GB', 'US']",1,1,0,1,1,0,0,0,0,0,0,0,1,1,1,0,0,0,0,1,0,0,0,1,1,0,0,0,0,0,0,0,0,0,0,Romance,4,3,March,Spring,0,0,0,0,,,0,0,0,0,1,2,177397510,14,Medium,0,0,0,0,0,0,0,0,0,cinderella,,,,,1,0,0,0,1,1,5,1,0,0,0
False,/8lBViysvNJBPkl6zG1LVAaW3qhj.jpg,"[28, 12, 53]",206647,en,Spectre,"A cryptic message from Bond’s past sends him on a trail to uncover a sinister organization. While M battles political forces to keep the secret service alive, Bond peels back the layers of deceit to reveal the terrible truth behind SPECTRE.",7.997,/zj8ongFhtWNsVlfjOGo8pSr7PQg.jpg,2015-11-06,Spectre,False,6.565,10957,"[{'iso_3166_1': 'GB', 'name': 'United Kingdom'}, {'iso_3166_1': 'US', 'name': 'United States of America'}]",2015,"[28, 12, 53]",Spectre,200074609.0,258.0,Sony Pictures Releasing,200074609.0,200074609.0,"Action,Adventure,Thriller","['GB', 'US']",1,1,0,1,0,0,0,1,0,0,0,0,1,1,0,0,1,1,1,0,0,0,0,0,0,0,0,0,0,0,0,1,0,0,0,Action,3,11,November,Fall,0,1,1,1,Veterans Day,5.0,0,0,0,0,1,2,281723902,0,Medium,1,1,0,0,0,0,0,1,1,spectre,0.0,,,0.0,0,1,0,0,1,1,5,1,0,0,0
False,/vYIUN5rrCncHFY8WvcuXQlM4hk5.jpg,"[28, 12]",177677,en,Mission: Impossible - Rogue Nation,"Ethan and team take on their most impossible mission yet—eradicating 'The Syndicate', an International and highly-skilled rogue organization committed to destroying the IMF.",7.5367,/fRJLXQBHK2wyznK5yZbO7vmsuVK.jpg,2015-07-31,Mission: Impossible - Rogue Nation,False,7.219,9423,"[{'iso_3166_1': 'US', 'name': 'United States of America'}]",2015,"[28, 12]",Mission: Impossible - Rogue Nation,195042377.0,268.0,Paramount Pictures,195042377.0,195042377.0,"Action,Adventure",['US'],1,0,0,1,0,0,0,0,1,0,0,0,1,1,0,0,1,0,1,0,0,0,0,0,0,0,0,0,0,0,0,1,0,0,0,Action,2,7,July,Summer,1,0,0,0,,,0,0,0,0,1,7,180202163,2,High,0,1,0,0,0,0,0,0,1,mission,209397903.0,209397903.0,209397903.0,1.0,0,0,0,0,0,0,5,1,0,0,0
False,/bWOfRV1Ubk9SWEDZDDjsmIUCcbZ.jpg,"[35, 10402]",254470,en,Pitch Perfect 2,"The Bellas are back, and they are better than ever. After being humiliated in front of none other than the President of the United States of America, the Bellas are taken out of the Aca-Circuit. In order to clear their name, and regain their status, the Bellas take on a seemingly impossible task: winning an international competition no American team has ever won. In order to accomplish this monumental task, they need to strengthen the bonds of friendship and sisterhood and blow away the competition with their amazing aca-magic! With all new friends and old rivals tagging along for the trip, the Bellas can hopefully accomplish their dreams.",5.0898,/oFBQUufCV4c8WZoNhtGM17p884H.jpg,2015-05-15,Pitch Perfect 2,False,6.843,5430,"[{'iso_3166_1': 'US', 'name': 'United States of America'}]",2015,"[35, 10402]",Pitch Perfect 2,184296230.0,293.0,Universal Pictures,184296230.0,184296230.0,"Comedy,Music",['US'],1,0,0,1,0,0,1,0,0,0,0,0,1,1,0,1,0,0,0,0,0,0,0,0,0,0,0,0,1,0,0,0,0,0,0,Comedy,2,5,May,Spring,1,0,0,1,Memorial Day,10.0,0,0,0,1,1,4,459005868,0,High,1,1,0,0,0,0,0,0,1,pitch perfect,65298093.0,65298093.0,65298093.0,1.0,0,0,0,0,0,0,5,1,0,0,0
False,/1K3JmSNUN8OpjYsCjc0Hy0SYxAb.jpg,"[878, 28, 12]",102899,en,Ant-Man,"Armed with the astonishing ability to shrink in scale but increase in strength, master thief Scott Lang must embrace his inner-hero and help his mentor, Doctor Hank Pym, protect the secret behind his spectacular Ant-Man suit from a new generation of towering threats. Against seemingly insurmountable obstacles, Pym and Lang must plan and pull off a heist that will save the world.",9.413,/rQRnQfUl3kfp78nCWq8Ks04vnq1.jpg,2015-07-17,Ant-Man,False,7.066,20485,"[{'iso_3166_1': 'US', 'name': 'United States of America'}]",2015,"[878, 28, 12]",Ant-Man,180202163.0,311.0,Walt Disney Studios Motion Pictures,180202163.0,180202163.0,"Science Fiction,Action,Adventure",['US'],1,0,0,1,1,0,0,0,0,0,0,0,1,1,0,0,1,0,1,0,1,0,0,0,0,0,0,0,0,0,0,1,1,0,0,Science Fiction,3,7,July,Summer,1,0,0,0,,,0,0,0,0,1,6,336045770,0,High,1,1,1,0,0,0,0,0,0,ant,,,,,0,0,1,0,0,1,5,1,0,0,0
False,/gnkBzJVH2zicIopP2fHf4kRElne.jpg,"[14, 35, 16, 878, 10751]",228161,en,Home,"When Earth is taken over by the overly-confident Boov, an alien race in search of a new place to call home, all humans are promptly relocated, while all Boov get busy reorganizing the planet. But when one resourceful girl, Tip, manages to avoid capture, she finds herself the accidental accomplice of a banished Boov named Oh. The two fugitives realize there’s a lot more at stake than intergalactic relations as they embark on the road trip of a lifetime.",6.613,/usFenYnk6mr8C62dB1MoAfSWMGR.jpg,2015-03-27,Home,False,6.792,4138,"[{'iso_3166_1': 'US', 'name': 'United States of America'}]",2015,"[14, 35, 16, 878, 10751]",Home,177397510.0,321.0,Twentieth Century Fox,177397510.0,177397510.0,"Fantasy,Comedy,Animation,Science Fiction,Family",['US'],1,0,0,1,0,0,0,0,0,1,0,0,1,1,0,1,0,0,0,0,1,0,0,1,1,1,0,0,0,0,0,0,0,0,1,Fantasy,5,3,March,Spring,0,0,0,0,,,0,0,0,0,1,2,353007020,7,Medium,1,1,0,0,0,0,0,0,0,home,,,,,0,0,0,0,0,0,5,1,0,0,0
False,/ymHTXJabZagpXvXIR0litdXC8BT.jpg,"[16, 35, 10751, 14]",159824,en,Hotel Transylvania 2,"When the old-old-old-fashioned vampire Vlad arrives at the hotel for an impromptu family get-together, Hotel Transylvania is in for a collision of supernatural old-school and modern day cool.",15.4782,/3nFnrivNgipSKZ8LZJJbRSlAcTR.jpg,2015-09-25,Hotel Transylvania 2,False,6.766,5990,"[{'iso_3166_1': 'US', 'name': 'United States of America'}]",2015,"[16, 35, 10751, 14]",Hotel Transylvania 2,169700110.0,359.0,Sony Pictures Releasing,169700110.0,169700110.0,"Animation,Comedy,Family,Fantasy",['US'],1,0,0,1,0,0,0,1,0,0,0,0,1,1,0,1,0,0,0,0,0,0,0,1,1,1,0,0,0,0,0,0,0,0,1,Animation,4,9,September,Fall,0,0,0,0,,,0,0,0,0,1,4,228433663,0,High,1,1,0,0,0,0,0,0,1,hotel transylvania,148426305.0,148426305.0,148426305.0,1.0,0,0,0,0,0,0,5,1,0,0,0
False,/7IGKrY1f1KfwMipx9wZC4NRgIdF.jpg,"[18, 10749, 53]",216015,en,Fifty Shades of Grey,"When college senior Anastasia Steele steps in for her sick roommate to interview prominent businessman Christian Grey for their campus paper, little does she realize the path her life will take. Christian, as enigmatic as he is rich and powerful, finds himself strangely drawn to Ana, and she to him. Though sexually inexperienced, Ana plunges headlong into an affair -- and learns that Christian's true sexual proclivities push the boundaries of pain and pleasure.",18.8443,/63kGofUkt1Mx0SIL4XI4Z5AoSgt.jpg,2015-02-13,Fifty Shades of Grey,False,5.877,12195,"[{'iso_3166_1': 'US', 'name': 'United States of America'}]",2015,"[18, 10749, 53]",Fifty Shades of Grey,166167230.0,372.0,Universal Pictures,166167230.0,166167230.0,"Drama,Romance,Thriller",['US'],1,0,0,1,0,0,1,0,0,0,0,0,1,1,1,0,0,1,0,1,0,0,0,0,0,0,0,0,0,0,0,0,0,0,0,Drama,3,2,February,Winter,0,0,0,1,Presidents Day,2.0,0,0,0,0,1,3,162994032,0,High,0,1,0,0,0,0,0,0,0,fifty shades,,,,,0,0,0,0,0,0,5,1,0,0,0
False,/sqcqFzAj3IPSFprQSLHr5JOBU4m.jpg,"[10751, 35, 12, 16, 14]",228165,en,The SpongeBob Movie: Sponge Out of Water,"Burger Beard is a pirate who is in search of the final page of a magical book that makes any evil plan he writes in it come true, which happens to be the Krabby Patty secret formula. When the entire city of Bikini Bottom is put in danger, SpongeBob, Patrick, Mr. Krabs, Squidward, Sandy, and Plankton need to go on a quest that takes them to the surface. In order to get back the recipe and save their city, the gang must retrieve the book and transform themselves into superheroes.",10.6873,/2WDmjUlSAPlA27i2OwEC7sRTFw3.jpg,2015-02-06,The SpongeBob Movie: Sponge Out of Water,False,6.091,2462,"[{'iso_3166_1': 'US', 'name': 'United States of America'}]",2015,"[10751, 35, 12, 16, 14]",The SpongeBob Movie: Sponge Out of Water,162994032.0,384.0,Paramount Pictures,162994032.0,162994032.0,"Family,Comedy,Adventure,Animation,Fantasy",['US'],1,0,0,1,0,0,0,0,1,0,0,0,1,1,0,1,0,0,1,0,0,0,0,1,1,1,0,0,0,0,0,0,0,0,1,Family,5,2,February,Winter,0,0,0,1,Presidents Day,9.0,0,0,0,0,1,2,166167230,7,Medium,0,1,0,0,0,0,0,0,1,spongebob movie,0.0,,,0.0,0,0,0,0,0,0,5,1,0,0,0
False,/8r9RoGfwGmn1pn0G3sbvHHemSWF.jpg,"[18, 10402, 36]",277216,en,Straight Outta Compton,"In 1987, five young men, using brutally honest rhymes and hardcore beats, put their frustration and anger about life in the most dangerous place in America into the most powerful weapon they had: their music.  Taking us back to where it all began, Straight Outta Compton tells the true story of how these cultural rebels—armed only with their lyrics, swagger, bravado and raw talent—stood up to the authorities that meant to keep them down and formed the world’s most dangerous group, N.W.A.  And as they spoke the truth that no one had before and exposed life in the hood, their voice ignited a social revolution that is still reverberating today.",4.7402,/1CiLJx8Xtv3TbbFj6k7BboSmKgC.jpg,2015-08-11,Straight Outta Compton,False,7.782,4093,"[{'iso_3166_1': 'GB', 'name': 'United Kingdom'}, {'iso_3166_1': 'US', 'name': 'United States of America'}]",2015,"[18, 10402, 36]",Straight Outta Compton,161197785.0,393.0,Universal Pictures,161197785.0,161197785.0,"Drama,Music,History","['GB', 'US']",1,1,0,1,0,0,1,0,0,0,0,0,1,1,1,0,0,0,0,0,0,0,0,0,0,0,0,1,1,0,0,0,0,0,0,Drama,3,8,August,Summer,1,0,0,0,,,0,0,0,0,1,3,195042377,4,High,0,1,0,0,0,0,0,0,0,straight outta,,,,,0,0,0,0,0,0,5,1,0,0,0
False,/zcySy6dnSmyqiichtDgO7AEeZoq.jpg,"[28, 18, 53]",254128,en,San Andreas,"In the aftermath of a massive earthquake in California, a rescue-chopper pilot makes a dangerous journey across the state in order to rescue his estranged daughter.",5.7157,/2Gfjn962aaFSD6eST6QU3oLDZTo.jpg,2015-05-29,San Andreas,False,6.243,8844,"[{'iso_3166_1': 'CA', 'name': 'Canada'}, {'iso_3166_1': 'US', 'name': 'United States of America'}, {'iso_3166_1': 'AU', 'name': 'Australia'}]",2015,"[28, 18, 53]",San Andreas,155190832.0,419.0,Warner Bros.,155190832.0,155190832.0,"Action,Drama,Thriller","['CA', 'US', 'AU']",1,0,1,1,0,1,0,0,0,0,0,0,1,1,1,0,1,1,0,0,0,0,0,0,0,0,0,0,0,0,0,0,0,0,0,Action,3,5,May,Spring,1,0,0,1,Memorial Day,4.0,0,0,0,1,1,6,653406625,7,High,1,1,0,0,0,0,0,0,0,san andreas,,,,,0,0,0,0,0,0,5,1,0,0,0
False,/uT895WNwm0aIJRtGizcQhrejWUo.jpg,"[28, 12, 878]",76341,en,Mad Max: Fury Road,"An apocalyptic story set in the furthest reaches of our planet, in a stark desert landscape where humanity is broken, and most everyone is crazed fighting for the necessities of life. Within this world exist two rebels on the run who just might be able to restore order.",20.7716,/hA2ple9q4qnwxp3hKVNhroipsir.jpg,2015-05-15,Mad Max: Fury Road,False,7.628,23587,"[{'iso_3166_1': 'AU', 'name': 'Australia'}, {'iso_3166_1': 'US', 'name': 'United States of America'}]",2015,"[28, 12, 878]",Mad Max: Fury Road,154280290.0,425.0,Warner Bros.,154280290.0,154280290.0,"Action,Adventure,Science Fiction","['US', 'AU']",1,0,0,1,0,1,0,0,0,0,0,0,1,1,0,0,1,0,1,0,1,0,0,0,0,0,0,0,0,0,0,1,1,0,0,Action,3,5,May,Spring,1,0,0,1,Memorial Day,10.0,0,0,0,1,1,4,459005868,0,High,1,1,0,0,0,0,0,0,1,mad max,0.0,,,0.0,0,0,0,0,0,0,5,1,0,0,0
False,/4kui3QA55M2ZOmBgoRlrYj5MSlK.jpg,[35],274167,en,Daddy's Home,"The story of a mild-mannered radio executive who strives to become the best stepdad ever to his wife's two children, but complications ensue when their freewheeling, freeloading real father arrives, forcing stepdad to compete for the affection of the kids.",7.3261,/fB9lALk9zKsMYWvf0bJSkJN219Z.jpg,2015-12-25,Daddy's Home,False,6.292,3342,"[{'iso_3166_1': 'US', 'name': 'United States of America'}]",2015,[35],Daddy's Home,150357137.0,441.0,Paramount Pictures,150357137.0,150357137.0,Comedy,['US'],1,0,0,1,0,0,0,0,1,0,0,0,1,1,0,1,0,0,0,0,0,0,0,0,0,0,0,0,0,0,0,0,0,0,0,Comedy,1,12,December,Winter,0,1,1,1,Christmas,0.0,1,0,0,0,1,6,936662225,0,High,1,1,0,0,0,0,0,0,0,daddy s,,,,,0,0,0,0,0,0,5,1,0,0,0
False,/361quVX94drEaExOKScbZYsxijG.jpg,"[35, 16, 10751]",227973,en,The Peanuts Movie,"Snoopy embarks upon his greatest mission as he and his team take to the skies to pursue their arch-nemesis, while his best pal Charlie Brown begins his own epic quest.",6.7081,/aiwdwnl7RFs1vcBanOKr13ye3wE.jpg,2015-11-06,The Peanuts Movie,False,6.946,1747,"[{'iso_3166_1': 'US', 'name': 'United States of America'}]",2015,"[35, 16, 10751]",The Peanuts Movie,130178411.0,559.0,Twentieth Century Fox,130178411.0,130178411.0,"Comedy,Animation,Family",['US'],1,0,0,1,0,0,0,0,0,1,0,0,1,1,0,1,0,0,0,0,0,0,0,1,0,1,0,0,0,0,0,0,0,0,1,Comedy,3,11,November,Fall,0,1,1,1,Veterans Day,5.0,0,0,0,0,1,2,281723902,0,Medium,1,1,0,0,0,0,0,0,0,peanuts movie,,,,,0,0,0,0,0,0,5,1,0,0,0
False,/qzUIOTk0E3F1zjvYjcBRTKUTgf9.jpg,"[80, 35, 28, 12]",207703,en,Kingsman: The Secret Service,The story of a super-secret spy organization that recruits an unrefined but promising street kid into the agency's ultra-competitive training program just as a global threat emerges from a twisted tech genius.,8.9516,/r6q9wZK5a2K51KFj4LWVID6Ja1r.jpg,2015-02-13,Kingsman: The Secret Service,False,7.62,17442,"[{'iso_3166_1': 'GB', 'name': 'United Kingdom'}, {'iso_3166_1': 'US', 'name': 'United States of America'}]",2015,"[80, 35, 28, 12]",Kingsman: The Secret Service,128261724.0,570.0,Twentieth Century Fox,128261724.0,128261724.0,"Crime,Comedy,Action,Adventure","['GB', 'US']",1,1,0,1,0,0,0,0,0,1,0,0,1,1,0,1,1,0,1,0,0,0,1,0,0,0,0,0,0,0,0,1,0,0,0,Crime,4,2,February,Winter,0,0,0,1,Presidents Day,2.0,0,0,0,0,1,3,166167230,0,High,0,1,0,0,0,0,0,0,1,kingsman,0.0,,,0.0,0,0,0,0,0,0,5,1,0,0,0
False,/nRPe93Yw5yK29JFKGf0eqCCeM2a.jpg,"[12, 16, 10751]",105864,en,The Good Dinosaur,An epic journey into the world of dinosaurs where an Apatosaurus named Arlo makes an unlikely human friend.,6.5637,/8RSkxOO80btfKjyiC5ZiTaCHIT8.jpg,2015-11-25,The Good Dinosaur,False,6.738,5856,"[{'iso_3166_1': 'US', 'name': 'United States of America'}]",2015,"[12, 16, 10751]",The Good Dinosaur,123087120.0,619.0,Walt Disney Studios Motion Pictures,123087120.0,123087120.0,"Adventure,Animation,Family",['US'],1,0,0,1,1,0,0,0,0,0,0,0,1,1,0,0,0,0,1,0,0,0,0,1,0,1,0,0,0,0,0,0,0,0,1,Adventure,3,11,November,Fall,0,1,1,1,Thanksgiving,0.0,0,1,0,0,1,2,281723902,0,Medium,1,1,0,0,0,0,0,0,0,good dinosaur,,,,,0,0,0,0,0,0,5,1,0,0,0
False,/eHEGPHKHTVhWdXzBQcrTATz9M0I.jpg,"[28, 35, 80]",238713,en,Spy,"A desk-bound CIA analyst volunteers to go undercover to infiltrate the world of a deadly arms dealer, and prevent diabolical global disaster.",6.5835,/vPBmfMHxQvRRNGYD5S5ko2KnX56.jpg,2015-06-05,Spy,False,6.835,6253,"[{'iso_3166_1': 'US', 'name': 'United States of America'}]",2015,"[28, 35, 80]",Spy,110825712.0,720.0,Twentieth Century Fox,110825712.0,110825712.0,"Action,Comedy,Crime",['US'],1,0,0,1,0,0,0,0,0,1,0,0,1,1,0,1,1,0,0,0,0,0,1,0,0,0,0,0,0,0,0,0,0,0,0,Action,3,6,June,Summer,1,0,0,0,,,0,0,0,0,1,5,653406625,0,High,1,1,0,0,0,0,0,0,0,spy,,,,,0,0,0,0,0,0,5,1,0,0,0
False,/aI0fOlVoWNkEZ6rq90gqxoviOsh.jpg,"[35, 10749]",271718,en,Trainwreck,"Having thought that monogamy was never possible, a commitment-phobic career woman may have to face her fears when she meets a good guy.",3.6171,/wrY629UTCUAKLJ4CxQXz6DCE7pr.jpg,2015-07-17,Trainwreck,False,5.795,2668,"[{'iso_3166_1': 'US', 'name': 'United States of America'}]",2015,"[35, 10749]",Trainwreck,110225700.0,727.0,Universal Pictures,110225700.0,110225700.0,"Comedy,Romance",['US'],1,0,0,1,0,0,1,0,0,0,0,0,1,1,0,1,0,0,0,1,0,0,0,0,0,0,0,0,0,0,0,0,0,1,0,Comedy,2,7,July,Summer,1,0,0,0,,,0,0,0,0,1,6,336045770,0,High,1,1,0,0,0,0,0,0,0,trainwreck,,,,,0,0,0,0,0,0,5,1,0,0,0
False,/kODNw6GJNdgldUMEhKPlCw8wQCr.jpg,"[18, 28]",312221,en,Creed,"The former World Heavyweight Champion Rocky Balboa serves as a trainer and mentor to Adonis Johnson, the son of his late friend and former rival Apollo Creed.",6.9043,/1BfTsk5VWuw8FCocAhCyqnRbEzq.jpg,2015-11-25,Creed,False,7.407,7767,"[{'iso_3166_1': 'US', 'name': 'United States of America'}]",2015,"[18, 28]",Creed,109778883.0,730.0,Warner Bros.,109778883.0,109778883.0,"Drama,Action",['US'],1,0,0,1,0,1,0,0,0,0,0,0,1,1,1,0,1,0,0,0,0,0,0,0,0,0,0,0,0,0,0,0,0,0,0,Drama,2,11,November,Fall,0,1,1,1,Thanksgiving,0.0,0,1,0,0,1,2,281723902,0,Medium,1,1,0,0,0,0,0,1,1,creed,0.0,,,0.0,0,0,0,0,0,1,5,1,0,0,0
False,/udYOmbW1JEZjVd726PWHlmptxPi.jpg,"[12, 10751, 9648, 878]",158852,en,Tomorrowland,"Bound by a shared destiny, a bright, optimistic teen bursting with scientific curiosity and a former boy-genius inventor jaded by disillusionment embark on a danger-filled mission to unearth the secrets of an enigmatic place somewhere in time and space that exists in their collective memory as ""Tomorrowland.""",6.9799,/kziYpr5Nfw60P0My8aj1sgCEqed.jpg,2015-05-22,Tomorrowland,False,6.288,7215,"[{'iso_3166_1': 'US', 'name': 'United States of America'}]",2015,"[12, 10751, 9648, 878]",Tomorrowland,93436322.0,921.0,Walt Disney Studios Motion Pictures,93436322.0,93436322.0,"Adventure,Family,Mystery,Science Fiction",['US'],1,0,0,1,1,0,0,0,0,0,0,0,1,1,0,0,0,0,1,0,1,0,0,1,0,0,1,0,0,0,0,0,0,0,0,Adventure,4,5,May,Spring,1,0,0,1,Memorial Day,3.0,0,0,0,1,1,5,184296230,7,High,0,1,0,0,0,0,0,0,0,tomorrowland,,,,,0,0,0,0,0,0,5,1,0,0,0
False,/wvlIoof1FnKPLv9jAYanuP31V0C.jpg,"[878, 28, 53, 12]",87101,en,Terminator Genisys,"The year is 2029. John Connor, leader of the resistance continues the war against the machines. At the Los Angeles offensive, John's fears of the unknown future begin to emerge when TECOM spies reveal a new plot by SkyNet that will attack him from both fronts; past and future, and will ultimately change warfare forever.",8.9656,/oZRVDpNtmHk8M1VYy1aeOWUXgbC.jpg,2015-07-01,Terminator Genisys,False,5.946,8760,"[{'iso_3166_1': 'US', 'name': 'United States of America'}]",2015,"[878, 28, 53, 12]",Terminator Genisys,89760956.0,972.0,Paramount Pictures,89760956.0,89760956.0,"Science Fiction,Action,Thriller,Adventure",['US'],1,0,0,1,0,0,0,0,1,0,0,0,1,1,0,0,1,1,1,0,1,0,0,0,0,0,0,0,0,0,0,1,1,0,0,Science Fiction,4,7,July,Summer,1,0,0,1,Independence Day,3.0,0,0,1,0,1,4,356461711,0,High,1,1,0,0,0,0,0,0,0,terminator genisys,,,,,0,0,0,0,0,0,5,1,0,0,0
False,/vFm4pF0BgaWPj0i2zEiZO6TqEQ0.jpg,"[53, 28]",260346,en,Taken 3,"Ex-government operative Bryan Mills finds his life is shattered when he's falsely accused of a murder that hits close to home. As he's pursued by a savvy police inspector, Mills employs his particular set of skills to track the real killer and exact his unique brand of justice.",7.2325,/vzvMXMypMq7ieDofKThsxjHj9hn.jpg,2015-01-09,Taken 3,False,6.262,6000,"[{'iso_3166_1': 'FR', 'name': 'France'}, {'iso_3166_1': 'US', 'name': 'United States of America'}, {'iso_3166_1': 'ES', 'name': 'Spain'}]",2015,"[53, 28]",Taken 3,89256424.0,977.0,Twentieth Century Fox,89256424.0,89256424.0,"Thriller,Action","['FR', 'US', 'ES']",1,0,0,1,0,0,0,0,0,1,0,0,1,1,0,0,1,1,0,0,0,0,0,0,0,0,0,0,0,0,0,0,0,0,0,Thriller,2,1,January,Winter,0,0,0,1,New Year's Day,8.0,1,0,0,0,1,2,76271832,7,Medium,0,1,0,0,0,0,0,0,1,taken 3,0.0,,,0.0,0,0,0,0,0,0,5,1,0,0,0
False,/jUeUWPkq7rDIjrDsm0tWVuoTEwq.jpg,"[10751, 35, 10402, 12, 16]",258509,en,Alvin and the Chipmunks: The Road Chip,"Through a series of misunderstandings, Alvin, Simon and Theodore come to believe that Dave is going to propose to his new girlfriend in New York City - and dump them. They have three days to get to him and stop the proposal.",4.3084,/16OcuuW5z509WILR6BmscNdXgw0.jpg,2015-12-18,Alvin and the Chipmunks: The Road Chip,False,6.021,1726,"[{'iso_3166_1': 'US', 'name': 'United States of America'}]",2015,"[10751, 35, 10402, 12, 16]",Alvin and the Chipmunks: The Road Chip,85886987.0,1015.0,Twentieth Century Fox,85886987.0,85886987.0,"Family,Comedy,Music,Adventure,Animation",['US'],1,0,0,1,0,0,0,0,0,1,0,0,1,1,0,1,0,0,1,0,0,0,0,1,0,1,0,0,1,0,0,0,0,0,1,Family,5,12,December,Winter,0,1,1,1,Christmas,7.0,1,0,0,0,1,6,936662225,0,High,1,1,0,0,0,0,0,0,1,alvin chipmunks,133110742.0,133110742.0,133110742.0,1.0,0,0,0,0,0,0,5,1,0,0,0
False,/4mcOCiR06dqQ5eoEJcG3zvonjOa.jpg,"[878, 28, 53, 12]",294254,en,Maze Runner: The Scorch Trials,"Thomas and his fellow Gladers face their greatest challenge yet: searching for clues about the mysterious and powerful organization known as WCKD. Their journey takes them to the Scorch, a desolate landscape filled with unimaginable obstacles. Teaming up with resistance fighters, the Gladers take on WCKD’s vastly superior forces and uncover its shocking plans for them all.",6.5608,/mYw7ZyejqSCPFlrT2jHZOESZDU3.jpg,2015-09-18,Maze Runner: The Scorch Trials,False,6.734,10793,"[{'iso_3166_1': 'US', 'name': 'United States of America'}]",2015,"[878, 28, 53, 12]",Maze Runner: The Scorch Trials,81697192.0,1089.0,Twentieth Century Fox,81697192.0,81697192.0,"Science Fiction,Action,Thriller,Adventure",['US'],1,0,0,1,0,0,0,0,0,1,0,0,1,1,0,0,1,1,1,0,1,0,0,0,0,0,0,0,0,0,0,1,1,0,0,Science Fiction,4,9,September,Fall,0,0,0,0,,,0,0,0,0,1,4,228433663,0,High,1,1,0,0,0,0,0,1,1,maze runner,102427862.0,102427862.0,102427862.0,1.0,0,0,0,0,0,1,5,1,0,0,0
False,/jKXzYoVQShnYE25qxS3fgFggx4r.jpg,"[35, 14]",214756,en,Ted 2,"Newlywed couple Ted and Tami-Lynn want to have a baby, but in order to qualify to be a parent, Ted will have to prove he's a person in a court of law.",9.0427,/38C91I7Xft0gyY7BITm8i4yvuRb.jpg,2015-06-26,Ted 2,False,6.316,7818,"[{'iso_3166_1': 'US', 'name': 'United States of America'}]",2015,"[35, 14]",Ted 2,81476385.0,1096.0,Universal Pictures,81476385.0,81476385.0,"Comedy,Fantasy",['US'],1,0,0,1,0,0,1,0,0,0,0,0,1,1,0,1,0,0,0,0,0,0,0,0,1,0,0,0,0,0,0,0,0,0,0,Comedy,2,6,June,Summer,1,0,0,1,Independence Day,8.0,0,0,1,0,1,5,653406625,5,High,1,1,0,0,0,0,0,0,1,ted 2,0.0,,,0.0,0,0,0,0,0,0,5,1,0,0,0
False,/lHnLmg16r6VvMV7cKpFxjwdG8m2.jpg,"[12, 27, 35]",257445,en,Goosebumps,"After moving to a small town, Zach Cooper finds a silver lining when he meets next door neighbor Hannah, the daughter of bestselling Goosebumps series author R.L. Stine. When Zach unintentionally unleashes real monsters from their manuscripts and they begin to terrorize the town, it’s suddenly up to Stine, Zach and Hannah to get all of them back in the books where they belong.",4.6508,/aeZT9pqEgrmXOGdESFkAuVjX6kw.jpg,2015-10-16,Goosebumps,False,6.3,3912,"[{'iso_3166_1': 'US', 'name': 'United States of America'}, {'iso_3166_1': 'AU', 'name': 'Australia'}]",2015,"[12, 27, 35]",Goosebumps,80080379.0,1120.0,Sony Pictures Releasing,80080379.0,80080379.0,"Adventure,Horror,Comedy","['US', 'AU']",1,0,0,1,0,0,0,1,0,0,0,0,1,1,0,1,0,0,1,0,0,1,0,0,0,0,0,0,0,0,0,0,0,0,0,Adventure,3,10,October,Fall,0,0,1,1,Columbus Day,6.0,0,0,0,0,1,2,228433663,0,Medium,1,1,0,0,0,0,0,0,0,goosebumps,,,,,0,0,0,0,0,0,5,1,0,0,0
False,/41Y3h2FVfoU4baFdTZwRrlD4MDM.jpg,"[28, 35, 878, 14]",257344,en,Pixels,Video game experts are recruited by the military to fight 1980s-era video game characters who've attacked New York.,9.605,/d26S5EfVXLNxRXqyFy1yyl3qRq3.jpg,2015-07-24,Pixels,False,5.763,7862,"[{'iso_3166_1': 'CN', 'name': 'China'}, {'iso_3166_1': 'FR', 'name': 'France'}, {'iso_3166_1': 'IN', 'name': 'India'}, {'iso_3166_1': 'US', 'name': 'United States of America'}]",2015,"[28, 35, 878, 14]",Pixels,78747585.0,1141.0,Sony Pictures Releasing,78747585.0,78747585.0,"Action,Comedy,Science Fiction,Fantasy","['FR', 'US', 'CN', 'IN']",1,0,0,1,0,0,0,1,0,0,0,0,1,1,0,1,1,0,0,0,1,0,0,0,1,0,0,0,0,0,0,0,1,0,0,Action,4,7,July,Summer,1,0,0,0,,,0,0,0,0,1,7,336045770,0,High,1,1,0,0,0,0,0,0,0,pixels,,,,,0,0,0,0,0,0,5,1,0,0,0
False,/rFY9V4Dhq7lbIu6LlpzbL9u2K2E.jpg,[35],257211,en,The Intern,"70-year-old widower Ben Whittaker has discovered that retirement isn't all it's cracked up to be. Seizing an opportunity to get back in the game, he becomes a senior intern at an online fashion site, founded and run by Jules Ostin.",7.8342,/bTQ46fupPbjBfFBHuzfD3hxxL0Q.jpg,2015-09-25,The Intern,False,7.227,7101,"[{'iso_3166_1': 'US', 'name': 'United States of America'}]",2015,[35],The Intern,75764672.0,1190.0,Warner Bros.,75764672.0,75764672.0,Comedy,['US'],1,0,0,1,0,1,0,0,0,0,0,0,1,1,0,1,0,0,0,0,0,0,0,0,0,0,0,0,0,0,0,0,0,0,0,Comedy,1,9,September,Fall,0,0,0,0,,,0,0,0,0,1,4,228433663,0,High,1,1,0,0,0,0,0,0,0,intern,,,,,0,0,0,0,0,0,5,1,0,0,0
False,/12M3SvYO4WMdlXCajWklz1zUAly.jpg,"[53, 18]",296098,en,Bridge of Spies,"During the Cold War, the Soviet Union captures U.S. pilot Francis Gary Powers after shooting down his U-2 spy plane. Sentenced to 10 years in prison, Powers' only hope is New York lawyer James Donovan, recruited by a CIA operative to negotiate his release. Donovan boards a plane to Berlin, hoping to win the young man's freedom through a prisoner exchange. If all goes well, the Russians would get Rudolf Abel, the convicted spy who Donovan defended in court.",9.6561,/fmOOjHAQzxr0c1sfcY4qkiSRBH6.jpg,2015-10-16,Bridge of Spies,False,7.237,7114,"[{'iso_3166_1': 'US', 'name': 'United States of America'}, {'iso_3166_1': 'DE', 'name': 'Germany'}]",2015,"[53, 18]",Bridge of Spies,72313754.0,1258.0,Walt Disney Studios Motion Pictures,72313754.0,72313754.0,"Thriller,Drama","['US', 'DE']",1,0,0,1,1,0,0,0,0,0,0,0,1,1,1,0,0,1,0,0,0,0,0,0,0,0,0,0,0,0,0,0,0,0,0,Thriller,2,10,October,Fall,0,0,1,1,Columbus Day,6.0,0,0,0,0,1,2,228433663,0,Medium,1,1,0,0,0,0,0,0,0,bridge spies,,,,,0,0,0,0,0,0,5,1,0,0,0
False,/cVsmfmsuUWjM9EKhtmqxtPmQjQG.jpg,"[28, 35, 10751]",256961,en,Paul Blart: Mall Cop 2,"Security guard Paul Blart is headed to Las Vegas to attend a Security Guard Expo with his teenage daughter Maya before she departs for college. While at the convention, he inadvertently discovers a heist - and it's up to Blart to apprehend the criminals.",2.6947,/qML63w7vgspicwLK6xXGLK17cM0.jpg,2015-04-17,Paul Blart: Mall Cop 2,False,5.179,1641,"[{'iso_3166_1': 'US', 'name': 'United States of America'}]",2015,"[28, 35, 10751]",Paul Blart: Mall Cop 2,71038190.0,1291.0,Sony Pictures Releasing,71038190.0,71038190.0,"Action,Comedy,Family",['US'],1,0,0,1,0,0,0,1,0,0,0,0,1,1,0,1,1,0,0,0,0,0,0,1,0,0,0,0,0,0,0,0,0,0,0,Action,3,4,April,Spring,0,0,0,0,,,0,0,0,0,1,2,459005868,14,Medium,1,0,0,0,0,0,0,0,1,paul blart,0.0,,,0.0,0,0,0,0,0,0,5,1,0,0,0
False,/l2Lqkfjq1k5pG2gZXD4qSiyrJ0.jpg,"[35, 18]",318846,en,The Big Short,The men who made millions from a global economic meltdown.,6.1827,/scVEaJEwP8zUix8vgmMoJJ9Nq0w.jpg,2015-12-11,The Big Short,False,7.358,9543,"[{'iso_3166_1': 'US', 'name': 'United States of America'}]",2015,"[35, 18]",The Big Short,70259870.0,1312.0,Paramount Pictures,70259870.0,70259870.0,"Comedy,Drama",['US'],1,0,0,1,0,0,0,0,1,0,0,0,1,1,1,1,0,0,0,0,0,0,0,0,0,0,0,0,0,0,0,0,0,0,0,Comedy,2,12,December,Winter,0,1,1,0,,,0,0,0,0,1,6,936662225,7,High,1,1,0,0,0,0,0,0,0,big short,,,,,0,0,0,0,0,0,5,1,0,0,0
False,/oCCvZEbqCCcALQtah8HJm9Ja4HT.jpg,[18],323272,en,War Room,"The family-friendly movie explores the transformational role prayer plays in the lives of the Jordan family. Tony and Elizabeth Jordan, a middle-class couple who seemingly have it all – great jobs, a beautiful daughter, their dream home. But appearances can be deceiving. In reality, the Jordan’s marriage has become a war zone and their daughter is collateral damage. With the help of Miss Clara, an older, wiser woman, Elizabeth discovers she can start fighting for her family instead of against them. Through a newly energized faith, Elizabeth and Tony’s real enemy doesn’t have a prayer.",2.7017,/unxQeVUi5DH01r7ZNvAHwpvX7UK.jpg,2015-08-28,War Room,False,7.8,564,"[{'iso_3166_1': 'US', 'name': 'United States of America'}]",2015,[18],War Room,67790117.0,1358.0,TriStar Pictures,67790117.0,67790117.0,Drama,['US'],1,0,0,1,0,0,0,1,0,0,0,0,1,1,1,0,0,0,0,0,0,0,0,0,0,0,0,0,0,0,0,0,0,0,0,Drama,1,8,August,Summer,1,0,0,1,Labor Day,4.0,0,0,0,1,0,0,0,,Low,0,0,0,0,0,0,0,0,0,war room,,,,,0,0,0,0,0,0,5,1,0,0,0
False,/9w8jSvBN745BdgcB7VOz4AwsQAj.jpg,"[35, 18]",264999,en,Magic Mike XXL,"Three years after Mike bowed out of the stripper life at the top of his game, he and the remaining Kings of Tampa hit the road to Myrtle Beach to put on one last blow-out performance.",2.9914,/jkuCNd3wOmf4sDlZ89HEt8jmsqr.jpg,2015-07-01,Magic Mike XXL,False,6.15,1837,"[{'iso_3166_1': 'US', 'name': 'United States of America'}]",2015,"[35, 18]",Magic Mike XXL,66013057.0,1412.0,Warner Bros.,66013057.0,66013057.0,"Comedy,Drama",['US'],1,0,0,1,0,1,0,0,0,0,0,0,1,1,1,1,0,0,0,0,0,0,0,0,0,0,0,0,0,0,0,0,0,0,0,Comedy,2,7,July,Summer,1,0,0,1,Independence Day,3.0,0,0,1,0,1,4,356461711,0,High,1,1,0,0,0,0,0,0,0,magic mike,,,,,0,0,0,0,0,0,5,1,0,0,0
False,/aan0KdhVgJfAwUJ3n2HDFOWcxZ2.jpg,[35],252838,en,The Wedding Ringer,"Doug Harris is a loveable but socially awkward groom-to-be with a problem: he has no best man.  With less than two weeks to go until he marries the girl of his dreams, Doug is referred to Jimmy Callahan, owner and CEO of Best Man, Inc., a company that provides flattering best men for socially challenged guys in need.  What ensues is a hilarious wedding charade as they try to pull off the big con, and an unexpected budding bromance between Doug and his fake best man Jimmy.",2.6215,/ciR2suRkfJen9lQvfz22lgCj7g7.jpg,2015-01-16,The Wedding Ringer,False,6.463,1651,"[{'iso_3166_1': 'US', 'name': 'United States of America'}]",2015,[35],The Wedding Ringer,64460211.0,1457.0,Screen Gems,64460211.0,64460211.0,Comedy,['US'],1,0,0,1,0,0,0,1,0,0,0,0,1,1,0,1,0,0,0,0,0,0,0,0,0,0,0,0,0,0,0,0,0,0,0,Comedy,1,1,January,Winter,0,0,0,1,Martin Luther King Jr. Day,1.0,0,0,0,0,1,2,89256424,0,Medium,0,1,0,0,0,0,0,0,0,wedding ringer,,,,,0,0,0,0,0,0,5,1,0,0,0
False,/mK4J2Qk4S4UQGOeMqsgei9DyPwW.jpg,"[18, 80, 36]",261023,en,Black Mass,"The true story of Whitey Bulger, the brother of a state senator and the most infamous violent criminal in the history of South Boston, who became an FBI informant to take down a Mafia family invading his turf.",6.12,/zfwciv4LIJkNQsfuhYGv0Nkiweg.jpg,2015-09-18,Black Mass,False,6.522,3500,"[{'iso_3166_1': 'GB', 'name': 'United Kingdom'}, {'iso_3166_1': 'US', 'name': 'United States of America'}]",2015,"[18, 80, 36]",Black Mass,62575678.0,1505.0,Warner Bros.,62575678.0,62575678.0,"Drama,Crime,History","['GB', 'US']",1,1,0,1,0,1,0,0,0,0,0,0,1,1,1,0,0,0,0,0,0,0,1,0,0,0,0,1,0,0,0,0,0,0,0,Drama,3,9,September,Fall,0,0,0,0,,,0,0,0,0,1,4,228433663,0,High,1,1,0,0,0,0,0,0,0,black mass,,,,,0,0,0,0,0,0,5,1,0,0,0
False,/6y5ALiAai1JbLRb7ZlydNwEPu5a.jpg,"[35, 12]",296099,en,Vacation,"Hoping to bring his family closer together and to recreate his childhood vacation for his own kids, a grown up Rusty Griswold takes his wife and their two sons on a cross-country road trip to the coolest theme park in America, Walley World. Needless to say, things don't go quite as planned.",6.5716,/fYDALvoCt3DBlSWN6pSAnGQ9ld7.jpg,2015-07-29,Vacation,False,6.307,3881,"[{'iso_3166_1': 'US', 'name': 'United States of America'}]",2015,"[35, 12]",Vacation,58884188.0,1604.0,Warner Bros.,58884188.0,58884188.0,"Comedy,Adventure",['US'],1,0,0,1,0,1,0,0,0,0,0,0,1,1,0,1,0,0,1,0,0,0,0,0,0,0,0,0,0,0,0,0,0,0,0,Comedy,2,7,July,Summer,1,0,0,0,,,0,0,0,0,1,7,195042377,2,High,0,1,0,0,0,0,0,0,0,vacation,,,,,0,0,0,0,0,0,5,1,0,0,0
False,/gwlx0r6NyWUuaI6MNajpYHPogZ1.jpg,"[18, 35]",274479,en,Joy,A story based on the life of a struggling Long Island single mom who became one of the country's most successful entrepreneurs.,2.5681,/nZAs0HbW82TI1i4Xid83M941Pki.jpg,2015-12-25,Joy,False,6.5,4216,"[{'iso_3166_1': 'US', 'name': 'United States of America'}]",2015,"[18, 35]",Joy,56451232.0,1695.0,Twentieth Century Fox,56451232.0,56451232.0,"Drama,Comedy",['US'],1,0,0,1,0,0,0,0,0,1,0,0,1,1,1,1,0,0,0,0,0,0,0,0,0,0,0,0,0,0,0,0,0,0,0,Drama,2,12,December,Winter,0,1,1,1,Christmas,0.0,1,0,0,0,1,6,936662225,0,High,1,1,0,0,0,0,0,0,0,joy,,,,,0,0,0,0,0,0,5,1,0,0,0
False,/or5kDR8Ve3TtuPSdEf1X5NdQHyz.jpg,"[28, 12, 878]",166424,en,Fantastic Four,"Four young outsiders teleport to a dangerous universe, which alters their physical form in shocking ways. Their lives irrevocably upended, the team must learn to harness their daunting new abilities and work together to save Earth from a former friend turned enemy.",4.3375,/cDroz5qSlP8xZ6tOpeYoPkBvKyL.jpg,2015-08-07,Fantastic Four,False,4.436,6287,"[{'iso_3166_1': 'GB', 'name': 'United Kingdom'}, {'iso_3166_1': 'DE', 'name': 'Germany'}, {'iso_3166_1': 'US', 'name': 'United States of America'}]",2015,"[28, 12, 878]",Fantastic Four,56117548.0,1705.0,Twentieth Century Fox,56117548.0,56117548.0,"Action,Adventure,Science Fiction","['GB', 'US', 'DE']",1,1,0,1,0,0,0,0,0,1,0,0,1,1,0,0,1,0,1,0,1,0,0,0,0,0,0,0,0,0,0,1,1,0,0,Action,3,8,August,Summer,1,0,0,0,,,0,0,0,0,1,5,195042377,4,High,0,1,0,0,0,0,0,0,0,fantastic four,,,,,0,0,1,0,0,1,5,1,0,0,0
False,/cWWM1TTGnOoglZKLpVERGtQ6HJ4.jpg,"[10749, 35, 80]",256591,en,Focus,"Nicky, an accomplished con artist, gets romantically involved with his disciple Jess but later ends their relationship. Years later, she returns as a femme fatale to spoil his plans.",4.8461,/lOzGWjceYTd0kd5HyX7Ch46O9kh.jpg,2015-02-27,Focus,False,6.871,8125,"[{'iso_3166_1': 'US', 'name': 'United States of America'}, {'iso_3166_1': 'AR', 'name': 'Argentina'}]",2015,"[10749, 35, 80]",Focus,53862963.0,1775.0,Warner Bros.,53862963.0,53862963.0,"Romance,Comedy,Crime","['US', 'AR']",1,0,0,1,0,1,0,0,0,0,0,0,1,1,0,1,0,0,0,1,0,0,1,0,0,0,0,0,0,0,0,0,0,1,0,Romance,3,2,February,Winter,0,0,0,0,,,0,0,0,0,1,3,201151353,14,High,1,0,0,0,0,0,0,0,0,focus,,,,,0,0,0,0,0,0,5,1,0,0,0
False,/c4vArFoyluY4XyBkSZe2kgae613.jpg,[27],243688,en,Poltergeist,"A family's suburban home is invaded by angry spirits. When the terrifying apparitions escalate their attacks and take the youngest daughter, the family must come together to rescue her.",2.8072,/jBXupXZ7WEPUpkYFpkQsdipwBQn.jpg,2015-05-22,Poltergeist,False,5.221,2353,"[{'iso_3166_1': 'US', 'name': 'United States of America'}]",2015,[27],Poltergeist,47425125.0,2023.0,Twentieth Century Fox,47425125.0,47425125.0,Horror,['US'],1,0,0,1,0,0,0,0,0,1,0,0,1,1,0,0,0,0,0,0,0,1,0,0,0,0,0,0,0,0,0,0,0,0,0,Horror,1,5,May,Spring,1,0,0,1,Memorial Day,3.0,0,0,0,1,1,6,184296230,0,High,0,1,0,0,0,0,0,0,0,poltergeist,,,,,0,0,0,0,0,0,5,1,0,0,0
False,/f9xnStvxxSvsH2eE8WhgDFmzJpA.jpg,"[878, 14, 28]",76757,en,Jupiter Ascending,"In a universe where human genetic material is the most precious commodity, an impoverished young Earth woman becomes the key to strategic maneuvers and internal strife within a powerful dynasty…",5.217,/kHmFYqjbDq7mURGYhCHGgJUGdir.jpg,2015-02-27,Jupiter Ascending,False,5.458,6954,"[{'iso_3166_1': 'US', 'name': 'United States of America'}, {'iso_3166_1': 'AU', 'name': 'Australia'}]",2015,"[878, 14, 28]",Jupiter Ascending,47387723.0,2026.0,Warner Bros.,47387723.0,47387723.0,"Science Fiction,Fantasy,Action","['US', 'AU']",1,0,0,1,0,1,0,0,0,0,0,0,1,1,0,0,1,0,0,0,1,0,0,0,1,0,0,0,0,0,0,0,1,0,0,Science Fiction,3,2,February,Winter,0,0,0,0,,,0,0,0,0,1,4,201151353,0,High,1,1,0,0,0,0,0,0,0,jupiter ascending,,,,,0,0,0,0,0,0,5,1,0,0,0
False,/fKPgObonYgPgCdu88yjV7Hpn7Dp.jpg,"[28, 80, 53]",273481,en,Sicario,An idealistic FBI agent is enlisted by a government task force to aid in the escalating war against drugs at the border area between the U.S. and Mexico.,9.5773,/lz8vNyXeidqqOdJW9ZjnDAMb5Vr.jpg,2015-09-18,Sicario,False,7.414,9229,"[{'iso_3166_1': 'US', 'name': 'United States of America'}, {'iso_3166_1': 'MX', 'name': 'Mexico'}, {'iso_3166_1': 'HK', 'name': 'Hong Kong'}]",2015,"[28, 80, 53]",Sicario,46889293.0,2048.0,Lionsgate,46889293.0,46889293.0,"Action,Crime,Thriller","['HK', 'MX', 'US']",1,0,0,1,0,0,0,0,0,0,0,1,1,1,0,0,1,1,0,0,0,0,1,0,0,0,0,0,0,0,0,0,0,0,0,Action,3,9,September,Fall,0,0,0,0,,,0,0,0,0,1,5,228433663,0,High,1,1,0,0,0,0,0,0,0,sicario,,,,,0,0,0,0,0,0,5,1,0,0,0
False,/bu0LiPEWKHWViRoaFwlTAzZ8wyS.jpg,"[35, 28, 12]",203801,en,The Man from U.N.C.L.E.,"At the height of the Cold War, a mysterious criminal organization plans to use nuclear weapons and technology to upset the fragile balance of power between the United States and Soviet Union. CIA agent Napoleon Solo and KGB agent Illya Kuryakin are forced to put aside their hostilities and work together to stop the evildoers in their tracks. The duo's only lead is the daughter of a missing German scientist, whom they must find soon to prevent a global catastrophe.",5.5419,/y5yZaForGSJbPD66Cvq9AT5WMAD.jpg,2015-08-14,The Man from U.N.C.L.E.,False,7.082,6659,"[{'iso_3166_1': 'US', 'name': 'United States of America'}]",2015,"[35, 28, 12]",The Man from U.N.C.L.E.,45445109.0,2110.0,Warner Bros.,45445109.0,45445109.0,"Comedy,Action,Adventure",['US'],1,0,0,1,0,1,0,0,0,0,0,0,1,1,0,1,1,0,1,0,0,0,0,0,0,0,0,0,0,0,0,1,0,0,0,Comedy,3,8,August,Summer,1,0,0,0,,,0,0,0,0,1,4,195042377,3,High,0,1,0,0,0,0,0,0,0,man from,,,,,0,0,0,0,0,0,5,1,0,0,0
False,/P7d3lyBaYbAXVor6iB2avLvc4K.jpg,"[12, 18, 36]",253412,en,Everest,"Inspired by the incredible events surrounding a treacherous attempt to reach the summit of the world's highest mountain, ""Everest"" documents the awe-inspiring journey of two different expeditions challenged beyond their limits by one of the fiercest snowstorms ever encountered by mankind. Their mettle tested by the harshest of elements found on the planet, the climbers will face nearly impossible obstacles as a lifelong obsession becomes a breathtaking struggle for survival.",3.8242,/2jKOu2bjpLP6NXJcm7Ep14bDGtA.jpg,2015-09-18,Everest,False,6.827,5100,"[{'iso_3166_1': 'IS', 'name': 'Iceland'}, {'iso_3166_1': 'GB', 'name': 'United Kingdom'}, {'iso_3166_1': 'US', 'name': 'United States of America'}]",2015,"[12, 18, 36]",Everest,43482270.0,2198.0,Universal Pictures,43482270.0,43482270.0,"Adventure,Drama,History","['IS', 'GB', 'US']",1,1,0,1,0,0,1,0,0,0,0,0,1,1,1,0,0,0,1,0,0,0,0,0,0,0,0,1,0,0,0,0,0,0,0,Adventure,3,9,September,Fall,0,0,0,0,,,0,0,0,0,1,5,228433663,0,High,1,1,0,0,0,0,0,0,0,everest,,,,,0,0,0,0,0,0,5,1,0,0,0
False,/spQjZHP7lMVAMLun98W4YA1c2jL.jpg,"[35, 12, 14]",296100,en,The Night Before,"In New York City for their annual tradition of Christmas Eve debauchery, three lifelong best friends set out to find the Holy Grail of Christmas parties since their yearly reunion might be coming to an end.",6.7533,/rfeNBaiMBg0UQsBQFv1qsjTjZWn.jpg,2015-11-20,The Night Before,False,6.09,1775,"[{'iso_3166_1': 'US', 'name': 'United States of America'}]",2015,"[35, 12, 14]",The Night Before,43047372.0,2218.0,Sony Pictures Releasing,43047372.0,43047372.0,"Comedy,Adventure,Fantasy",['US'],1,0,0,1,0,0,0,1,0,0,0,0,1,1,0,1,0,0,1,0,0,0,0,0,1,0,0,0,0,0,0,0,0,0,0,Comedy,3,11,November,Fall,0,1,1,1,Veterans Day,9.0,0,0,0,0,1,5,281723902,2,High,1,1,0,0,0,0,0,0,0,night before,,,,,0,0,0,0,0,0,5,1,0,0,0
False,/h3X1YZXNeklLNKRVOS6DHGRosog.jpg,"[27, 35, 14]",287903,en,Krampus,"When his dysfunctional family clashes over the holidays, young Max is disillusioned and turns his back on Christmas.  Little does he know, this lack of festive spirit has unleashed the wrath of Krampus: a demonic force of ancient evil intent on punishing non-believers.",10.9092,/mzPCU6xQ2XQmD76cDVZPm5PZAaS.jpg,2015-12-04,Krampus,False,6.195,2322,"[{'iso_3166_1': 'US', 'name': 'United States of America'}]",2015,"[27, 35, 14]",Krampus,42725475.0,2236.0,Universal Pictures,42725475.0,42725475.0,"Horror,Comedy,Fantasy",['US'],1,0,0,1,0,0,1,0,0,0,0,0,1,1,0,1,0,0,0,0,0,1,0,0,1,0,0,0,0,0,0,0,0,0,0,Horror,3,12,December,Winter,0,1,1,1,Thanksgiving,9.0,0,1,0,0,1,5,936662225,7,High,1,1,0,0,0,0,0,0,0,krampus,,,,,0,0,0,0,0,0,5,1,0,0,0
False,/wTvDGO0xGMmnScqjuiDeWU7PkcB.jpg,"[10749, 14, 18]",293863,en,The Age of Adaline,"After 29-year-old Adaline recovers from a nearly lethal accident, she inexplicably stops growing older. As the years stretch on and on, Adaline keeps her secret to herself  until she meets a man who changes her life.",5.3095,/MbILysGhjAbnZi1Okae9wYqLMx.jpg,2015-04-24,The Age of Adaline,False,7.477,6956,"[{'iso_3166_1': 'US', 'name': 'United States of America'}]",2015,"[10749, 14, 18]",The Age of Adaline,42629776.0,2243.0,Lionsgate,42629776.0,42629776.0,"Romance,Fantasy,Drama",['US'],1,0,0,1,0,0,0,0,0,0,0,1,1,1,1,0,0,0,0,1,0,0,0,0,1,0,0,0,0,0,0,0,0,0,0,Romance,3,4,April,Spring,0,0,0,0,,,0,0,0,0,1,2,459005868,7,Medium,1,1,0,0,0,0,0,0,0,age adaline,,,,,0,0,0,0,0,0,5,1,0,0,0
False,/uiSZH8TVvxwuRK82NDhfUpvKnzr.jpg,"[18, 10749]",228205,en,The Longest Ride,The lives of a young couple intertwine with a much older man as he reflects back on a lost love while he's trapped in an automobile crash.,3.5193,/qdUVfvPBvT6cetDDM7rn8y2CNZE.jpg,2015-04-10,The Longest Ride,False,7.627,3270,"[{'iso_3166_1': 'US', 'name': 'United States of America'}]",2015,"[18, 10749]",The Longest Ride,37446117.0,2520.0,Twentieth Century Fox,37446117.0,37446117.0,"Drama,Romance",['US'],1,0,0,1,0,0,0,0,0,1,0,0,1,1,1,0,0,0,0,1,0,0,0,0,0,0,0,0,0,0,0,0,0,0,0,Drama,2,4,April,Spring,0,0,0,0,,,0,0,0,0,1,3,353007020,7,High,1,1,0,0,0,0,0,0,0,longest ride,,,,,0,0,0,0,0,0,5,1,0,0,0
False,/96iXwJibeNW9RGEa58zYa0SQV6m.jpg,[53],241251,en,The Boy Next Door,"A recently cheated on married woman falls for a younger man who has moved in next door, but their torrid affair soon takes a dangerous turn.",4.7295,/gicmSeLG6Uh7BF1r1mxZHUQ8r26.jpg,2015-01-23,The Boy Next Door,False,4.921,2093,"[{'iso_3166_1': 'US', 'name': 'United States of America'}]",2015,[53],The Boy Next Door,35423380.0,2637.0,Universal Pictures,35423380.0,35423380.0,Thriller,['US'],1,0,0,1,0,0,1,0,0,0,0,0,1,1,0,0,0,1,0,0,0,0,0,0,0,0,0,0,0,0,0,0,0,0,0,Thriller,1,1,January,Winter,0,0,0,1,Martin Luther King Jr. Day,8.0,0,0,0,0,1,4,162994032,7,High,0,1,0,0,0,0,0,0,0,boy next,,,,,0,0,0,0,0,0,5,1,0,0,0
False,/fACoy2VWw9lz1UbqrgtbIcSYi5e.jpg,"[14, 12, 10751, 28]",266647,en,Pan,"Living a bleak existence at a London orphanage, 12-year-old Peter finds himself whisked away to the fantastical world of Neverland. Adventure awaits as he meets new friend James Hook and the warrior Tiger Lily. They must band together to save Neverland from the ruthless pirate Blackbeard. Along the way, the rebellious and mischievous boy discovers his true destiny, becoming the hero forever known as Peter Pan.",3.2551,/w8i0mZR7MEL7c3bXSsuYg7VJsew.jpg,2015-10-09,Pan,False,5.957,2801,"[{'iso_3166_1': 'IN', 'name': 'India'}, {'iso_3166_1': 'GB', 'name': 'United Kingdom'}, {'iso_3166_1': 'US', 'name': 'United States of America'}]",2015,"[14, 12, 10751, 28]",Pan,35088320.0,2664.0,Warner Bros.,35088320.0,35088320.0,"Fantasy,Adventure,Family,Action","['GB', 'US', 'IN']",1,1,0,1,0,1,0,0,0,0,0,0,1,1,0,0,1,0,1,0,0,0,0,1,1,0,0,0,0,0,0,1,0,0,0,Fantasy,4,10,October,Fall,0,0,1,1,Columbus Day,1.0,0,0,0,0,1,5,228433663,7,High,1,1,0,0,0,0,0,0,0,pan,,,,,0,0,0,0,0,0,5,1,0,0,0
False,/tKMBxiNYPoum4CQmdkWmVNDWGiJ.jpg,"[28, 35]",268920,en,Hot Pursuit,"Straight-arrow policewoman Cooper is excited and thrilled about her next assignment. Her task is to escort Daniella Riva, a wisecracking Colombian beauty, from San Antonio to Dallas so both she and her husband can testify against a drug lord. Plans go awry when Mr. Riva gets ambushed, leaving Daniella a widow. Cooper and her witness must now use their wits to escape from crooked cops and murderous gunmen, while not killing each other in the process.",5.5884,/lobNOBHuJQCP9ZYAf86MBMwRrmZ.jpg,2015-05-08,Hot Pursuit,False,5.75,1669,"[{'iso_3166_1': 'US', 'name': 'United States of America'}]",2015,"[28, 35]",Hot Pursuit,34580201.0,2699.0,Warner Bros.,34580201.0,34580201.0,"Action,Comedy",['US'],1,0,0,1,0,1,0,0,0,0,0,0,1,1,0,1,1,0,0,0,0,0,0,0,0,0,0,0,0,0,0,0,0,0,0,Action,2,5,May,Spring,1,0,0,0,,,0,0,0,0,1,4,459005868,7,High,1,1,0,0,0,0,0,0,0,hot pursuit,,,,,0,0,0,0,0,0,5,1,0,0,0
False,/5RtOlnBnXx54umgY8DXSNAKCFBp.jpg,"[27, 9648]",277685,en,Unfriended,"While video chatting one night, six high school friends receive a Skype message from a classmate who killed herself exactly one year ago. At first they think it's a prank, but when the girl starts revealing the friends' darkest secrets, they realize they are dealing with something out of this world, something that wants them dead.",5.1949,/8byPxREr3BqBNyyij5WHVSOVtYk.jpg,2015-04-17,Unfriended,False,5.536,3461,"[{'iso_3166_1': 'US', 'name': 'United States of America'}]",2015,"[27, 9648]",Unfriended,32482090.0,2837.0,Universal Pictures,32482090.0,32482090.0,"Horror,Mystery",['US'],1,0,0,1,0,0,1,0,0,0,0,0,1,1,0,0,0,0,0,0,0,1,0,0,0,0,1,0,0,0,0,0,0,0,0,Horror,2,4,April,Spring,0,0,0,0,,,0,0,0,0,1,3,459005868,0,High,1,1,0,0,0,0,0,0,0,unfriended,,,,,0,0,0,0,0,0,5,1,0,0,0
False,/uzobkEgGCfVzmXyXKH6Nbrby4Rm.jpg,"[35, 18]",188222,en,Entourage,"Movie star Vincent Chase, together with his boys, Eric, Turtle and Johnny, are back…and back in business with super agent-turned-studio head Ari Gold. Some of their ambitions have changed, but the bond between them remains strong as they navigate the capricious and often cutthroat world of Hollywood.",2.4052,/28dqsx1jCxhR05DfH35ui13ywNZ.jpg,2015-06-03,Entourage,False,6.252,1076,"[{'iso_3166_1': 'US', 'name': 'United States of America'}]",2015,"[35, 18]",Entourage,32363404.0,2846.0,Warner Bros.,32363404.0,32363404.0,"Comedy,Drama",['US'],1,0,0,1,0,1,0,0,0,0,0,0,1,1,1,1,0,0,0,0,0,0,0,0,0,0,0,0,0,0,0,0,0,0,0,Comedy,2,6,June,Summer,1,0,0,1,Memorial Day,9.0,0,0,0,1,1,5,653406625,2,High,1,1,0,0,0,0,0,0,0,entourage,,,,,0,0,0,0,0,0,5,1,0,0,0
False,/3pKIcv6KhUE35jsKnv3MylQ3OT2.jpg,"[80, 28, 878]",198184,en,Chappie,"Every child comes into the world full of promise, and none more so than Chappie: he is gifted, special, a prodigy. Like any child, Chappie will come under the influence of his surroundings—some good, some bad—and he will rely on his heart and soul to find his way in the world and become his own man. But there's one thing that makes Chappie different from any one else: he is a robot.",6.9614,/uuDUpzlMFomdSfNWlpEPS9nVZWV.jpg,2015-03-06,Chappie,False,6.786,8267,"[{'iso_3166_1': 'US', 'name': 'United States of America'}, {'iso_3166_1': 'ZA', 'name': 'South Africa'}, {'iso_3166_1': 'MX', 'name': 'Mexico'}]",2015,"[80, 28, 878]",Chappie,31569268.0,2915.0,Sony Pictures Releasing,31569268.0,31569268.0,"Crime,Action,Science Fiction","['MX', 'US', 'ZA']",1,0,0,1,0,0,0,1,0,0,0,0,1,1,0,0,1,0,0,0,1,0,1,0,0,0,0,0,0,0,0,0,1,0,0,Crime,3,3,March,Spring,0,0,0,0,,,0,0,0,0,1,2,201151353,7,Medium,1,1,0,0,0,0,0,0,0,chappie,,,,,0,0,0,0,0,0,5,1,0,0,0
False,/xXhuRXar7BfPUG7rog0C6pgLZlh.jpg,"[27, 9648, 10749]",201085,en,Crimson Peak,"In the aftermath of a family tragedy, an aspiring author is torn between love for her childhood friend and the temptation of a mysterious outsider. Trying to escape the ghosts of her past, she is swept away to a house that breathes, bleeds… and remembers.",3.3818,/f9TOb5anVwZeSbYjU1qNxPk3KUk.jpg,2015-10-16,Crimson Peak,False,6.662,5130,"[{'iso_3166_1': 'US', 'name': 'United States of America'}]",2015,"[27, 9648, 10749]",Crimson Peak,31090320.0,2945.0,Universal Pictures,31090320.0,31090320.0,"Horror,Mystery,Romance",['US'],1,0,0,1,0,0,1,0,0,0,0,0,1,1,0,0,0,0,0,1,0,1,0,0,0,0,1,0,0,0,0,0,0,0,0,Horror,3,10,October,Fall,0,0,1,1,Columbus Day,6.0,0,0,0,0,1,3,228433663,0,High,1,1,0,0,0,0,0,0,0,crimson peak,,,,,0,0,0,0,0,0,5,1,0,0,0
False,/3zJnkABcx8xNsD22jYJXEShTjcg.jpg,"[28, 12, 80, 53]",257088,en,Point Break,"A young undercover FBI agent infiltrates a gang of thieves who share a common interest in extreme sports. A remake of the 1991 film, ""Point Break"".",4.0113,/z7JOvw5Lqs9ezoFTJxmz3nx3av2.jpg,2015-12-25,Point Break,False,5.951,2391,"[{'iso_3166_1': 'DE', 'name': 'Germany'}, {'iso_3166_1': 'US', 'name': 'United States of America'}]",2015,"[28, 12, 80, 53]",Point Break,28782481.0,3094.0,Warner Bros.,28782481.0,28782481.0,"Action,Adventure,Crime,Thriller","['US', 'DE']",1,0,0,1,0,1,0,0,0,0,0,0,1,1,0,0,1,1,1,0,0,0,1,0,0,0,0,0,0,0,0,1,0,0,0,Action,4,12,December,Winter,0,1,1,1,Christmas,0.0,1,0,0,0,1,7,936662225,0,High,1,1,0,0,0,0,0,0,0,point break,,,,,0,0,0,0,0,0,5,1,0,0,0
False,/mXmvN6drkdU1PWFF92AGklEVIa3.jpg,"[28, 12, 14]",274854,en,The Last Witch Hunter,"The modern world holds many secrets, but by far the most astounding is that witches still live among us; vicious supernatural creatures intent on unleashing the Black Death upon the world and putting an end to the human race once and for all. Armies of witch hunters have battled this unnatural enemy for centuries, including Kaulder, a valiant warrior who many years ago slayed the all-powerful Witch Queen, decimating her followers in the process. In the moments right before her death, the Queen cursed Kaulder with immortality, forever separating him from his beloved wife and daughter. Today, Kaulder is the last living hunter who has spent his immortal life tracking down rogue witches, all the while yearning for his long-lost family.",4.0281,/dS9YdnJkxtKE2PKCSsxTaO7Jpf5.jpg,2015-10-23,The Last Witch Hunter,False,6.011,3755,"[{'iso_3166_1': 'CA', 'name': 'Canada'}, {'iso_3166_1': 'HK', 'name': 'Hong Kong'}, {'iso_3166_1': 'US', 'name': 'United States of America'}]",2015,"[28, 12, 14]",The Last Witch Hunter,27367660.0,3183.0,Lionsgate,27367660.0,27367660.0,"Action,Adventure,Fantasy","['HK', 'CA', 'US']",1,0,1,1,0,0,0,0,0,0,0,1,1,1,0,0,1,0,1,0,0,0,0,0,1,0,0,0,0,0,0,1,0,0,0,Action,3,10,October,Fall,0,0,1,0,,,0,0,0,0,1,4,200074609,7,High,1,1,0,0,0,0,0,0,0,last witch,,,,,0,0,0,0,0,0,5,1,0,0,0
False,/nzVlhhk9HrIYMFMOGpFNLMtd30u.jpg,"[28, 80, 53]",241554,en,Run All Night,"Brooklyn mobster and prolific hit man Jimmy Conlon has seen better days. Longtime best friend of a mob boss, Jimmy is haunted by the sins of his past—as well as a dogged police detective who’s been one step behind Jimmy for 30 years. But when Jimmy’s estranged son becomes a target, Jimmy must make a choice between the crime family he chose and the real family he abandoned long ago. Now, with nowhere safe to turn, Jimmy has just one night to figure out exactly where his loyalties lie and to see if he can finally make things right.",3.9608,/iGvSMoPbWZWDnIhh54yiq3sW7wH.jpg,2015-03-13,Run All Night,False,6.427,2905,"[{'iso_3166_1': 'US', 'name': 'United States of America'}, {'iso_3166_1': 'ES', 'name': 'Spain'}]",2015,"[28, 80, 53]",Run All Night,26461644.0,3248.0,Warner Bros.,26461644.0,26461644.0,"Action,Crime,Thriller","['US', 'ES']",1,0,0,1,0,1,0,0,0,0,0,0,1,1,0,0,1,1,0,0,0,0,1,0,0,0,0,0,0,0,0,0,0,0,0,Action,3,3,March,Spring,0,0,0,0,,,0,0,0,0,1,3,201151353,0,High,1,1,0,0,0,0,0,0,0,run all,,,,,0,0,0,0,0,0,5,1,0,0,0
False,/5DxFiNyWHCH58nffyCtzMfPjDLJ.jpg,"[35, 10751, 18]",333348,en,Love the Coopers,"When four generations of the Cooper clan come together for their annual Christmas Eve celebration, a series of unexpected visitors and unlikely events turn the night upside down, leading them all toward a surprising rediscovery of family bonds and the spirit of the holiday.",6.1863,/fPW1BHZhUEViOmDAHFfyLezoQdI.jpg,2015-11-13,Love the Coopers,False,5.987,846,"[{'iso_3166_1': 'US', 'name': 'United States of America'}]",2015,"[35, 10751, 18]",Love the Coopers,26302731.0,3261.0,Lionsgate,26302731.0,26302731.0,"Comedy,Family,Drama",['US'],1,0,0,1,0,0,0,0,0,0,0,1,1,1,1,1,0,0,0,0,0,0,0,1,0,0,0,0,0,0,0,0,0,0,0,Comedy,3,11,November,Fall,0,1,1,1,Veterans Day,2.0,0,0,0,0,1,5,281723902,5,High,1,1,0,0,0,0,0,0,0,love coopers,,,,,0,0,0,0,0,0,5,1,0,0,0
False,/xnuy6CYEoBmXKhTjKDSbzLe1dB5.jpg,"[53, 18, 12, 28, 36]",205775,en,In the Heart of the Sea,"In the winter of 1820, the New England whaling ship Essex is assaulted by something no one could believe—a whale of mammoth size and will, and an almost human sense of vengeance.",3.7466,/weVvNPfk6FM9vBg3BXtRtNAmiYM.jpg,2015-12-11,In the Heart of the Sea,False,6.757,4258,"[{'iso_3166_1': 'ES', 'name': 'Spain'}, {'iso_3166_1': 'US', 'name': 'United States of America'}]",2015,"[53, 18, 12, 28, 36]",In the Heart of the Sea,25020758.0,3385.0,Warner Bros.,25020758.0,25020758.0,"Thriller,Drama,Adventure,Action,History","['US', 'ES']",1,0,0,1,0,1,0,0,0,0,0,0,1,1,1,0,1,1,1,0,0,0,0,0,0,0,0,1,0,0,0,1,0,0,0,Thriller,5,12,December,Winter,0,1,1,0,,,0,0,0,0,1,7,936662225,0,High,1,1,0,0,0,0,0,0,0,in heart,,,,,0,0,0,0,0,0,5,1,0,0,0
False,/x736Ayub2V1pSldtzigS35owWNN.jpg,"[27, 53]",299245,en,The Gallows,"20 years after a horrific accident during a small town school play, students at the school resurrect the failed show in a misguided attempt to honor the anniversary of the tragedy - but soon discover that some things are better left alone.",3.4967,/4oBk2DsYRO0VuloOX52ROmz2QhU.jpg,2015-07-10,The Gallows,False,4.928,974,"[{'iso_3166_1': 'US', 'name': 'United States of America'}]",2015,"[27, 53]",The Gallows,22764410.0,3555.0,Warner Bros.,22764410.0,22764410.0,"Horror,Thriller",['US'],1,0,0,1,0,1,0,0,0,0,0,0,1,1,0,0,0,1,0,0,0,1,0,0,0,0,0,0,0,0,0,0,0,0,0,Horror,2,7,July,Summer,1,0,0,1,Independence Day,6.0,0,0,1,0,1,8,336045770,0,High,1,1,0,0,0,0,0,0,0,gallows,,,,,0,0,0,0,0,0,5,1,0,0,0
False,/yRtZmZa2bmDYaOKygG7IaroSXwg.jpg,"[28, 80, 53]",249070,en,Hitman: Agent 47,An assassin teams up with a woman to help her find her father and uncover the mysteries of her ancestry.,4.0003,/cx9AOBOv9Qf5ufZYQMbfTV7w7VY.jpg,2015-08-21,Hitman: Agent 47,False,5.892,3195,"[{'iso_3166_1': 'GB', 'name': 'United Kingdom'}, {'iso_3166_1': 'US', 'name': 'United States of America'}]",2015,"[28, 80, 53]",Hitman: Agent 47,22467450.0,3581.0,Twentieth Century Fox,22467450.0,22467450.0,"Action,Crime,Thriller","['GB', 'US']",1,1,0,1,0,0,0,0,0,1,0,0,1,1,0,0,1,1,0,0,0,0,1,0,0,0,0,0,0,0,0,0,0,0,0,Action,3,8,August,Summer,1,0,0,0,,,0,0,0,0,1,3,161197785,7,High,0,1,0,0,0,0,0,0,1,hitman,0.0,,,0.0,0,0,0,0,0,0,5,1,0,0,0
False,/sQbpfYoGiEBUnr8tBjHP51heNNT.jpg,"[10751, 16, 35, 12]",263109,en,Shaun the Sheep Movie,"When Shaun decides to take the day off and have some fun, he gets a little more action than he bargained for. A mix up with the Farmer, a caravan and a very steep hill lead them all to the Big City and it's up to Shaun and the flock to return everyone safely to the green grass of home.",6.4454,/1GMvKNy2Ht5QwI0oV0ycYnxzWdC.jpg,2015-08-05,Shaun the Sheep Movie,False,7.0,1468,"[{'iso_3166_1': 'GB', 'name': 'United Kingdom'}, {'iso_3166_1': 'FR', 'name': 'France'}]",2015,"[10751, 16, 35, 12]",Shaun the Sheep Movie,19375982.0,3923.0,Lionsgate,19375982.0,19375982.0,"Family,Animation,Comedy,Adventure","['GB', 'FR']",0,1,0,1,0,0,0,0,0,0,0,1,1,1,0,1,0,0,1,0,0,0,0,1,0,1,0,0,0,0,0,0,0,0,1,Family,4,8,August,Summer,1,0,0,0,,,0,0,0,0,1,6,195042377,2,High,0,1,0,0,0,0,0,0,0,shaun sheep,,,,,0,0,0,0,0,0,5,1,0,0,0
False,/fk362aOdhEC6rGAQW082GIbavhO.jpg,"[27, 53]",146301,en,Paranormal Activity: The Ghost Dimension,"Using a special camera that can see spirits, a family must protect their daughter from an evil entity with a sinister plan.",4.0454,/1YpFQ2MQKzlDoa8diLWkapdRI8t.jpg,2015-10-23,Paranormal Activity: The Ghost Dimension,False,5.302,1435,"[{'iso_3166_1': 'US', 'name': 'United States of America'}]",2015,"[27, 53]",Paranormal Activity: The Ghost Dimension,18300124.0,4037.0,Paramount Pictures,18300124.0,18300124.0,"Horror,Thriller",['US'],1,0,0,1,0,0,0,0,1,0,0,0,1,1,0,0,0,1,0,0,0,1,0,0,0,0,0,0,0,0,0,0,0,0,0,Horror,2,10,October,Fall,0,0,1,0,,,0,0,0,0,1,4,200074609,7,High,1,1,0,0,0,0,0,0,1,paranormal activity,0.0,,,0.0,0,0,0,0,0,0,5,1,0,0,0
False,/2EyK8wpLdYFaS35o0worjqsiuZn.jpg,"[12, 14]",68737,en,Seventh Son,"John Gregory, who is a seventh son of a seventh son and also the local spook, has protected the country from witches, boggarts, ghouls and all manner of things that go bump in the night. However John is not young anymore, and has been seeking an apprentice to carry on his trade. Most have failed to survive. The last hope is a young farmer's son named Thomas Ward. Will he survive the training to become the spook that so many others couldn't?",4.795,/7Q8DfXSjcFSSQDOxz1Sk865wNqI.jpg,2015-02-06,Seventh Son,False,5.515,2589,"[{'iso_3166_1': 'CN', 'name': 'China'}, {'iso_3166_1': 'CA', 'name': 'Canada'}, {'iso_3166_1': 'US', 'name': 'United States of America'}, {'iso_3166_1': 'GB', 'name': 'United Kingdom'}]",2015,"[12, 14]",Seventh Son,17223265.0,4177.0,Universal Pictures,17223265.0,17223265.0,"Adventure,Fantasy","['CA', 'GB', 'US', 'CN']",1,1,1,1,0,0,1,0,0,0,0,0,1,1,0,0,0,0,1,0,0,0,0,0,1,0,0,0,0,0,0,0,0,0,0,Adventure,2,2,February,Winter,0,0,0,1,Presidents Day,9.0,0,0,0,0,1,3,166167230,0,High,0,1,0,0,0,0,0,0,0,seventh son,,,,,0,0,0,0,0,0,5,1,0,0,0
False,/aUbyQhWcPS7S0Su2d9Tgk3NxdPk.jpg,"[10402, 16, 10751, 14]",302429,en,Strange Magic,"A love potion works its devious charms on fairies, elves and the swamp-dwelling Bog King as they all try to possess the potion for themselves.",6.2913,/vjCdrK8gGRFnyuZb1j9BzgN2RaY.jpg,2015-01-23,Strange Magic,False,7.177,535,"[{'iso_3166_1': 'US', 'name': 'United States of America'}]",2015,"[10402, 16, 10751, 14]",Strange Magic,12429583.0,4856.0,Walt Disney Studios Motion Pictures,12429583.0,12429583.0,"Music,Animation,Family,Fantasy",['US'],1,0,0,1,1,0,0,0,0,0,0,0,1,1,0,0,0,0,0,0,0,0,0,1,1,1,0,0,1,0,0,0,0,0,1,Music,4,1,January,Winter,0,0,0,1,Martin Luther King Jr. Day,8.0,0,0,0,0,1,4,162994032,7,High,0,1,0,0,0,0,0,0,0,strange magic,,,,,0,0,0,0,0,0,5,1,0,0,0
False,/uPyZMwbXLnPrFPmUC9qK7WfLJAW.jpg,"[18, 10749]",250734,en,Far from the Madding Crowd,"In Victorian England, the independent and headstrong Bathsheba Everdene attracts three very different suitors: Gabriel Oak, a hardworking young sheep farmer; Frank Troy, a handsome and reckless Sergeant; and William Boldwood, a prosperous and mature bachelor.",4.8056,/cr4cctBPv9qHDtjDps4wi0kqI7h.jpg,2015-05-01,Far from the Madding Crowd,False,7.0,1081,"[{'iso_3166_1': 'GB', 'name': 'United Kingdom'}, {'iso_3166_1': 'US', 'name': 'United States of America'}]",2015,"[18, 10749]",Far from the Madding Crowd,12236500.0,4889.0,Fox Searchlight Pictures,12236500.0,12236500.0,"Drama,Romance","['GB', 'US']",1,1,0,1,0,0,0,0,0,1,0,0,1,1,1,0,0,0,0,1,0,0,0,0,0,0,0,0,0,0,0,0,0,0,0,Drama,2,5,May,Spring,1,0,0,0,,,0,0,0,0,1,4,459005868,0,High,1,1,0,0,0,0,0,0,0,far from,,,,,0,0,0,0,0,0,5,1,0,0,0
False,/wDP8oRB6bkcHjylBaRAMJFRtnim.jpg,"[18, 36]",293646,en,The 33,"Based on the true story of the collapse of a mine in San Jose, Chile—that left 33 miners isolated underground for 69 days.",3.9853,/hpXkIuAlIlcNYACRE2MssxnHvZQ.jpg,2015-11-09,The 33,False,6.392,966,"[{'iso_3166_1': 'US', 'name': 'United States of America'}]",2015,"[18, 36]",The 33,12227722.0,4892.0,Warner Bros.,12227722.0,12227722.0,"Drama,History",['US'],1,0,0,1,0,1,0,0,0,0,0,0,1,1,1,0,0,0,0,0,0,0,0,0,0,0,0,1,0,0,0,0,0,0,0,Drama,2,11,November,Fall,0,1,1,1,Veterans Day,2.0,0,0,0,0,1,3,281723902,3,High,1,1,0,0,0,0,0,0,0,33,,,,,0,0,0,0,0,0,5,1,0,0,0
False,/fPIuhCBHyAqZp93spcTTcABz13g.jpg,[35],239573,en,Unfinished Business,"A hard-working small business owner and his two associates travel to Europe to close the most important deal of their lives.  But what began as a routine business trip goes off the rails in every imaginable – and unimaginable – way, including unplanned stops at a massive sex fetish event and a global economic summit.",4.6824,/eVWVZf3fkx9eNqbHyn9xNlmC2h4.jpg,2015-03-06,Unfinished Business,False,5.5,842,"[{'iso_3166_1': 'DE', 'name': 'Germany'}, {'iso_3166_1': 'US', 'name': 'United States of America'}]",2015,[35],Unfinished Business,10219501.0,5219.0,Twentieth Century Fox,10219501.0,10219501.0,Comedy,"['US', 'DE']",1,0,0,1,0,0,0,0,0,1,0,0,1,1,0,1,0,0,0,0,0,0,0,0,0,0,0,0,0,0,0,0,0,0,0,Comedy,1,3,March,Spring,0,0,0,0,,,0,0,0,0,1,2,201151353,7,Medium,1,1,0,0,0,0,0,0,0,unfinished business,,,,,0,0,0,0,0,0,5,1,0,0,0
False,,"[28, 18]",1096876,en,The Walk,In the harshness of the Arizona desert a Mexican man and his son are faced with a major crisis of conscience as they try to cross the border illegally.,3.1893,/sCShPDVmsNXa3RQINARJMI0osWX.jpg,2015-07-19,The Walk,False,0.0,0,"[{'iso_3166_1': 'US', 'name': 'United States of America'}]",2015,"[28, 18]",The Walk,10137502.0,5238.0,TriStar Pictures,10137502.0,10137502.0,"Action,Drama",['US'],1,0,0,1,0,0,0,1,0,0,0,0,1,1,1,0,1,0,0,0,0,0,0,0,0,0,0,0,0,0,0,0,0,0,0,Action,2,7,July,Summer,1,0,0,0,,,0,0,0,0,1,7,336045770,2,High,1,1,0,0,0,0,0,0,0,walk,,,,,0,0,0,0,0,0,5,1,0,0,0
False,/1u7TuvR5mSUz2xRQhz01i75IwdT.jpg,"[80, 53, 28]",201088,en,Blackhat,"Nicholas Hathaway, a furloughed convict, and his American and Chinese partners hunt a high-level cybercrime network from Chicago to Los Angeles to Hong Kong to Jakarta. As Hathaway closes in, the stakes become personal as he discovers that the attack on a Chinese nuclear power plant was just the beginning.",3.2441,/7zu6HPnKPjNA7NuR4DGRdaH0PdX.jpg,2015-01-16,Blackhat,False,5.516,2127,"[{'iso_3166_1': 'US', 'name': 'United States of America'}]",2015,"[80, 53, 28]",Blackhat,8005980.0,5613.0,Universal Pictures,8005980.0,8005980.0,"Crime,Thriller,Action",['US'],1,0,0,1,0,0,1,0,0,0,0,0,1,1,0,0,1,1,0,0,0,0,1,0,0,0,0,0,0,0,0,0,0,0,0,Crime,3,1,January,Winter,0,0,0,1,Martin Luther King Jr. Day,1.0,0,0,0,0,1,3,89256424,0,High,0,1,0,0,0,0,0,0,0,blackhat,,,,,0,0,0,0,0,0,5,1,0,0,0
False,/6Sg4UUs0OksCbR0TZxUtQWPOMDV.jpg,"[35, 12]",210860,en,Mortdecai,"An art dealer, Charles Mortdecai, searches for a stolen painting rumored to contain a secret code that gains access to hidden Nazi gold.",3.223,/zIRDhdAuMevOuY2vs3s1HNcqDq7.jpg,2015-01-23,Mortdecai,False,5.519,2717,"[{'iso_3166_1': 'US', 'name': 'United States of America'}]",2015,"[35, 12]",Mortdecai,7696134.0,5670.0,Lionsgate,7696134.0,7696134.0,"Comedy,Adventure",['US'],1,0,0,1,0,0,0,0,0,0,0,1,1,1,0,1,0,0,1,0,0,0,0,0,0,0,0,0,0,0,0,0,0,0,0,Comedy,2,1,January,Winter,0,0,0,1,Martin Luther King Jr. Day,8.0,0,0,0,0,1,4,162994032,7,High,0,1,0,0,0,0,0,0,0,mortdecai,,,,,0,0,0,0,0,0,5,1,0,0,0
False,/iMYoly1SBrvnuWdDnfW3Szglz1d.jpg,"[35, 18]",10317,en,Our Brand Is Crisis,"Based on the documentary ""Our Brand Is Crisis"", this feature focuses on the use of American political campaign strategies in South America.",5.5615,/tE7oaFegUgfBC0FMZbHdwB9I1lC.jpg,2015-10-30,Our Brand Is Crisis,False,5.857,517,"[{'iso_3166_1': 'US', 'name': 'United States of America'}]",2015,"[35, 18]",Our Brand Is Crisis,7002261.0,5833.0,Warner Bros.,7002261.0,7002261.0,"Comedy,Drama",['US'],1,0,0,1,0,1,0,0,0,0,0,0,1,1,1,1,0,0,0,0,0,0,0,0,0,0,0,0,0,0,0,0,0,0,0,Comedy,2,10,October,Fall,0,0,1,0,,,0,0,0,0,1,4,200074609,7,High,1,1,0,0,0,0,0,0,0,our brand,,,,,0,0,0,0,0,0,5,1,0,0,0
False,/byMyHJvhiIMKEYqO4I3UhIPEm7G.jpg,"[18, 878, 53]",228066,en,Victor Frankenstein,Eccentric scientist Victor Von Frankenstein creates a grotesque creature in an unorthodox scientific experiment.,2.4518,/bYUmSLPtWylFKbEBHOXT1kt9l5b.jpg,2015-11-10,Victor Frankenstein,False,5.95,2215,"[{'iso_3166_1': 'GB', 'name': 'United Kingdom'}, {'iso_3166_1': 'US', 'name': 'United States of America'}]",2015,"[18, 878, 53]",Victor Frankenstein,5775076.0,6154.0,Twentieth Century Fox,5775076.0,5775076.0,"Drama,Science Fiction,Thriller","['GB', 'US']",1,1,0,1,0,0,0,0,0,1,0,0,1,1,1,0,0,1,0,0,1,0,0,0,0,0,0,0,0,0,0,0,0,0,0,Drama,3,11,November,Fall,0,1,1,1,Veterans Day,1.0,0,0,0,0,1,3,281723902,4,High,1,1,0,0,0,0,0,0,0,victor frankenstein,,,,,0,0,0,0,0,0,5,1,0,0,0
False,/pqdOXcE2zSSM2qnSBTt0O81Oq6r.jpg,"[18, 35]",282984,en,Irrational Man,"On a small town college campus, a philosophy professor in existential crisis gives his life new purpose when he enters into a relationship with his student.",5.9071,/ipAqhEWRzEuD6aXlAWIvEEF1KUe.jpg,2015-07-17,Irrational Man,False,6.525,2436,"[{'iso_3166_1': 'US', 'name': 'United States of America'}]",2015,"[18, 35]",Irrational Man,4030360.0,6721.0,Sony Pictures Classics,4030360.0,4030360.0,"Drama,Comedy",['US'],1,0,0,1,0,0,0,1,0,0,0,0,1,1,1,1,0,0,0,0,0,0,0,0,0,0,0,0,0,0,0,0,0,0,0,Drama,2,7,July,Summer,1,0,0,0,,,0,0,0,0,1,7,336045770,0,High,1,1,0,0,0,0,0,0,0,irrational man,,,,,0,0,0,0,0,0,5,1,0,0,0
False,/ks2C2Ap2W79L5QiVQ7jVp5mmIna.jpg,"[35, 27]",273477,en,Scouts Guide to the Zombie Apocalypse,"Three scouts and lifelong friends join forces with one badass cocktail waitress to become the world’s most unlikely team of heroes.  When their peaceful town is ravaged by a zombie invasion, they’ll fight for the badge of a lifetime and put their scouting skills to the test to save mankind from the undead.",7.5231,/lUKvvSnjFlazrdh6wyHxHrdMknD.jpg,2015-10-30,Scouts Guide to the Zombie Apocalypse,False,6.559,2049,"[{'iso_3166_1': 'US', 'name': 'United States of America'}]",2015,"[35, 27]",Scouts Guide to the Zombie Apocalypse,3703046.0,6856.0,Paramount Pictures,3703046.0,3703046.0,"Comedy,Horror",['US'],1,0,0,1,0,0,0,0,1,0,0,0,1,1,0,1,0,0,0,0,0,1,0,0,0,0,0,0,0,0,0,0,0,0,0,Comedy,2,10,October,Fall,0,0,1,0,,,0,0,0,0,1,4,200074609,7,High,1,1,0,0,0,0,0,0,0,scouts guide,,,,,0,0,0,0,0,0,5,1,0,0,0
False,/bTme7w566uEyoJLR8gA1fwKsECY.jpg,"[18, 10402, 10749, 35]",301351,en,We Are Your Friends,"Young Cole Carter dreams of hitting the big time as a Hollywood disc jockey, spending his days and nights hanging with buddies and working on the one track that will set the world on fire. Opportunity comes knocking when he meets James Reed, a charismatic DJ who takes the 23-year-old under his wing. Soon, his seemingly clear path to success gets complicated when he starts falling for his mentor's girlfriend, jeopardizing his new friendship and the future he seems destined to fulfill.",3.7044,/7RzpN4aLjM5FUc7Q3WsvNn2MuaR.jpg,2015-08-28,We Are Your Friends,False,6.781,2411,"[{'iso_3166_1': 'GB', 'name': 'United Kingdom'}, {'iso_3166_1': 'FR', 'name': 'France'}]",2015,"[18, 10402, 10749, 35]",We Are Your Friends,3591417.0,6898.0,Warner Bros.,3591417.0,3591417.0,"Drama,Music,Romance,Comedy","['GB', 'FR']",0,1,0,1,0,1,0,0,0,0,0,0,1,1,1,1,0,0,0,1,0,0,0,0,0,0,0,0,1,0,0,0,0,1,0,Drama,4,8,August,Summer,1,0,0,1,Labor Day,4.0,0,0,0,1,1,1,67790117,0,Medium,0,1,0,0,0,0,0,0,0,we are,,,,,0,0,0,0,0,0,5,1,0,0,0
False,/dHnki2Dh6lbOtfksrh8H5lg08f5.jpg,"[18, 53, 35]",265195,es,Relatos salvajes,"Injustice and the demands of the world can cause stress for many people. Some of them, however, explode. This includes a waitress serving a grouchy loan shark, an altercation between two motorists, an ill-fated wedding reception, and a wealthy businessman who tries to buy his family out of trouble.",11.55,/ucFsh8uU0Lsw7zouQFaRrs2ElOs.jpg,2015-02-20,Wild Tales,False,7.867,3610,"[{'iso_3166_1': 'AR', 'name': 'Argentina'}, {'iso_3166_1': 'ES', 'name': 'Spain'}, {'iso_3166_1': 'FR', 'name': 'France'}, {'iso_3166_1': 'GB', 'name': 'United Kingdom'}]",2015,"[18, 53, 35]",Wild Tales,3106530.0,7113.0,Sony Pictures Classics,3106530.0,3106530.0,"Drama,Thriller,Comedy","['GB', 'FR', 'ES', 'AR']",0,1,0,1,0,0,0,1,0,0,0,0,1,0,1,1,0,1,0,0,0,0,0,0,0,0,0,0,0,0,0,0,0,0,0,Drama,3,2,February,Winter,0,0,0,1,Presidents Day,5.0,0,0,0,0,1,4,166167230,7,High,0,1,0,0,0,0,0,0,0,wild tales,,,,,0,0,0,0,0,0,5,1,0,0,0
False,/jeLEiX8my7cqEO7Ut5LOgc45Oet.jpg,"[80, 18, 53]",331190,en,Captive,"Based on a miraculous true story that drew the attention of the entire nation, is the dramatic, thrilling, and spiritual journey of Ashley Smith and Brian Nichols.  After being taken hostage by Brian in her own apartment, Ashley turns to Rick Warren’s inspirational book, The Purpose Driven Life, for guidance.  In reading from the book, Ashley not only finds purpose in her own life, but helps Brian find a more peaceful resolution to a harrowing situation.",3.4147,/rKOY6QwmnuZYPaMIvdmZQHjxDLI.jpg,2015-09-18,Captive,False,5.655,283,"[{'iso_3166_1': 'US', 'name': 'United States of America'}]",2015,"[80, 18, 53]",Captive,2583301.0,7375.0,Paramount Pictures,2583301.0,2583301.0,"Crime,Drama,Thriller",['US'],1,0,0,1,0,0,0,0,1,0,0,0,1,1,1,0,0,1,0,0,0,0,1,0,0,0,0,0,0,0,0,0,0,0,0,Crime,3,9,September,Fall,0,0,0,0,,,0,0,0,0,1,5,228433663,0,High,1,1,0,0,0,0,0,0,0,captive,,,,,0,0,0,0,0,0,5,1,0,0,0
False,/3jEuzzKf95v5e4GdTouBpyl6Dc9.jpg,[18],300693,en,Truth,"As a renowned producer and close associate of Dan Rather, Mary Mapes believes she’s broken the biggest story of the 2004 election: revelations of a sitting U.S. President’s military service. But when allegations come pouring in, sources change their stories, document authenticity is questioned, and the casualties begin to mount.",7.3424,/qmpMRABYbQjgtxwJ6xMPc8KskzA.jpg,2015-10-16,Truth,False,6.5,514,"[{'iso_3166_1': 'GB', 'name': 'United Kingdom'}, {'iso_3166_1': 'US', 'name': 'United States of America'}]",2015,[18],Truth,2541854.0,7404.0,Sony Pictures Classics,2541854.0,2541854.0,Drama,"['GB', 'US']",1,1,0,1,0,0,0,1,0,0,0,0,1,1,1,0,0,0,0,0,0,0,0,0,0,0,0,0,0,0,0,0,0,0,0,Drama,1,10,October,Fall,0,0,1,1,Columbus Day,6.0,0,0,0,0,1,3,228433663,0,High,1,1,0,0,0,0,0,0,0,truth,,,,,0,0,0,0,0,0,5,1,0,0,0
False,/oCkN3QfNdm6e0uQHyyMDvOTdQuD.jpg,[35],309245,en,Mistress America,A college freshman cures her disappointment and loneliness by allowing herself to be pulled into the wacky schemes of her future stepsister.,1.9832,/1Y9rlzMIfzwjKI6eaCEV9J2eqfH.jpg,2015-08-14,Mistress America,False,6.493,573,"[{'iso_3166_1': 'US', 'name': 'United States of America'}, {'iso_3166_1': 'BR', 'name': 'Brazil'}]",2015,[35],Mistress America,2500431.0,7435.0,Fox Searchlight Pictures,2500431.0,2500431.0,Comedy,"['US', 'BR']",1,0,0,1,0,0,0,0,0,1,0,0,1,1,0,1,0,0,0,0,0,0,0,0,0,0,0,0,0,0,0,0,0,0,0,Comedy,1,8,August,Summer,1,0,0,0,,,0,0,0,0,1,4,195042377,3,High,0,1,0,0,0,0,0,0,0,mistress america,,,,,0,0,0,0,0,0,5,1,0,0,0
False,/6t8ES1d12OzWyCGxBeDYLHoaDrT.jpg,"[28, 12, 878]",330459,en,Rogue One: A Star Wars Story,A rogue band of resistance fighters unite for a mission to steal the Death Star plans and bring a new hope to the galaxy.,7.5254,/i0yw1mFbB7sNGHCs7EXZPzFkdA1.jpg,2016-12-16,Rogue One: A Star Wars Story,False,7.503,16017,"[{'iso_3166_1': 'US', 'name': 'United States of America'}]",2016,"[28, 12, 878]",Rogue One: A Star Wars Story,533539991.0,20.0,Walt Disney Studios Motion Pictures,533539991.0,533539991.0,"Action,Adventure,Science Fiction",['US'],1,0,0,1,1,0,0,0,0,0,0,0,1,1,0,0,1,0,1,0,1,0,0,0,0,0,0,0,0,0,0,1,1,0,0,Action,3,12,December,Winter,0,1,1,1,Christmas,9.0,1,0,0,0,1,6,270578425,5,High,1,1,0,0,1,0,0,0,1,rogue one,0.0,,,0.0,0,0,0,0,0,1,6,1,0,0,0
False,/wijltj1toRcicHlCn8Cpsp4yPXe.jpg,"[12, 16, 35, 10751]",127380,en,Finding Dory,Dory is reunited with her friends Nemo and Marlin in the search for answers about her past. What can she remember? Who are her parents? And where did she learn to speak Whale?,5.7871,/3UVe8NL1E2ZdUZ9EDlKGJY5UzE.jpg,2016-06-17,Finding Dory,False,7.039,12456,"[{'iso_3166_1': 'US', 'name': 'United States of America'}]",2016,"[12, 16, 35, 10751]",Finding Dory,486295561.0,24.0,Walt Disney Studios Motion Pictures,486295561.0,486295561.0,"Adventure,Animation,Comedy,Family",['US'],1,0,0,1,1,0,0,0,0,0,0,0,1,1,0,1,0,0,1,0,0,0,0,1,0,1,0,0,0,0,0,0,0,0,1,Adventure,4,6,June,Summer,1,0,0,0,,,0,0,0,0,1,10,127440871,0,High,0,1,0,0,0,0,0,1,1,finding dory,0.0,,,0.0,0,1,0,0,1,1,6,1,0,0,0
False,/wdwcOBMkt3zmPQuEMxB3FUtMio2.jpg,"[12, 28, 878]",271110,en,Captain America: Civil War,"Following the events of Age of Ultron, the collective governments of the world pass an act designed to regulate all superhuman activity. This polarizes opinion amongst the Avengers, causing two factions to side with Iron Man or Captain America, which causes an epic battle between former allies.",13.7625,/rAGiXaUfPzY7CDEyNKUofk3Kw2e.jpg,2016-05-06,Captain America: Civil War,False,7.447,23583,"[{'iso_3166_1': 'US', 'name': 'United States of America'}]",2016,"[12, 28, 878]",Captain America: Civil War,408084349.0,48.0,Walt Disney Studios Motion Pictures,408084349.0,408084349.0,"Adventure,Action,Science Fiction",['US'],1,0,0,1,1,0,0,0,0,0,0,0,1,1,0,0,1,0,1,0,1,0,0,0,0,0,0,0,0,0,0,1,1,0,0,Adventure,3,5,May,Spring,1,0,0,0,,,0,0,0,0,1,2,107509366,14,Medium,0,0,1,0,0,0,0,0,1,captain america,436421077.0,259766572.0,218210538.5,2.0,0,0,1,0,0,1,6,1,0,0,0
False,/c1Ywtvlqls6tPBZ3BqbPtBwHyng.jpg,"[10751, 35, 12, 16]",328111,en,The Secret Life of Pets,"The quiet life of a terrier named Max is upended when his owner takes in Duke, a stray whom Max instantly dislikes.",2.6296,/bc3rCMgP4bbxNqGQCRlpJyU8otF.jpg,2016-07-08,The Secret Life of Pets,False,6.311,8348,"[{'iso_3166_1': 'US', 'name': 'United States of America'}]",2016,"[10751, 35, 12, 16]",The Secret Life of Pets,368623860.0,65.0,Universal Pictures,368623860.0,368623860.0,"Family,Comedy,Adventure,Animation",['US'],1,0,0,1,0,0,1,0,0,0,0,0,1,1,0,1,0,0,1,0,0,0,0,1,0,1,0,0,0,0,0,0,0,0,1,Family,4,7,July,Summer,1,0,0,1,Independence Day,4.0,0,0,1,0,1,9,158848340,7,High,0,1,0,0,0,0,0,0,0,secret life,,,,,0,0,0,0,0,0,6,1,0,0,0
False,/8oYykF1Qhrb8fC2qZqD71EzRywg.jpg,"[10751, 12, 14]",278927,en,The Jungle Book,"A man-cub named Mowgli fostered by wolves. After a threat from the tiger Shere Khan, Mowgli is forced to flee the jungle, by which he embarks on a journey of self discovery with the help of the panther, Bagheera and the free-spirited bear, Baloo.",6.5409,/2Epx7F9X7DrFptn4seqn4mzBVks.jpg,2016-04-15,The Jungle Book,False,6.868,8342,"[{'iso_3166_1': 'GB', 'name': 'United Kingdom'}, {'iso_3166_1': 'US', 'name': 'United States of America'}]",2016,"[10751, 12, 14]",The Jungle Book,364001123.0,67.0,Walt Disney Studios Motion Pictures,364001123.0,364001123.0,"Family,Adventure,Fantasy","['GB', 'US']",1,1,0,1,1,0,0,0,0,0,0,0,1,1,0,0,0,0,1,0,0,0,0,1,1,0,0,0,0,0,0,0,0,0,0,Family,3,4,April,Spring,0,0,0,0,,,0,0,0,0,1,1,54058961,0,Medium,0,1,0,0,0,0,0,0,0,jungle book,,,,,1,0,0,0,1,1,6,1,0,0,0
False,/rFj9IKlL75B2pXhZA60jkNWvxeW.jpg,"[28, 12, 35]",293660,en,Deadpool,"The origin story of former Special Forces operative turned mercenary Wade Wilson, who, after being subjected to a rogue experiment that leaves him with accelerated healing powers, adopts the alter ego Deadpool. Armed with his new abilities and a dark, twisted sense of humor, Deadpool hunts down the man who nearly destroyed his life.",13.3092,/3E53WEZJqP6aM84D8CckXx4pIHw.jpg,2016-02-12,Deadpool,False,7.623,32156,"[{'iso_3166_1': 'US', 'name': 'United States of America'}]",2016,"[28, 12, 35]",Deadpool,363070709.0,68.0,Twentieth Century Fox,363070709.0,363070709.0,"Action,Adventure,Comedy",['US'],1,0,0,1,0,0,0,0,0,1,0,0,1,1,0,1,1,0,1,0,0,0,0,0,0,0,0,0,0,0,0,1,0,0,0,Action,3,2,February,Winter,0,0,0,1,Presidents Day,3.0,0,0,0,0,1,1,143528619,14,Medium,0,0,0,0,0,0,0,0,0,deadpool,,,,,0,0,1,0,0,1,6,1,0,0,0
False,/9tOkjBEiiGcaClgJFtwocStZvIT.jpg,"[16, 12, 10751, 35]",269149,en,Zootopia,"Determined to prove herself, Officer Judy Hopps, the first bunny on Zootopia's police force, jumps at the chance to crack her first case - even if it means partnering with scam-artist fox Nick Wilde to solve the mystery.",64.4071,/hlK0e0wAQ3VLuJcsfIYPvb4JVud.jpg,2016-03-04,Zootopia,False,7.757,17332,"[{'iso_3166_1': 'US', 'name': 'United States of America'}]",2016,"[16, 12, 10751, 35]",Zootopia,341268248.0,79.0,Walt Disney Studios Motion Pictures,341268248.0,341268248.0,"Animation,Adventure,Family,Comedy",['US'],1,0,0,1,1,0,0,0,0,0,0,0,1,1,0,1,0,0,1,0,0,0,0,1,0,1,0,0,0,0,0,0,0,0,1,Animation,4,3,March,Spring,0,0,0,0,,,0,0,0,0,1,3,72082998,0,High,0,1,0,0,0,0,0,0,0,zootopia,,,,,0,0,0,0,0,0,6,1,0,0,0
False,/5fX1oSGuYdKgwWmUTAN5MNSQGzr.jpg,"[28, 12, 14]",209112,en,Batman v Superman: Dawn of Justice,"Fearing the actions of a god-like Super Hero left unchecked, Gotham City’s own formidable, forceful vigilante takes on Metropolis’s most revered, modern-day savior, while the world wrestles with what sort of hero it really needs. And with Batman and Superman at war with one another, a new threat quickly arises, putting mankind in greater danger than it’s ever known before.",16.3057,/5UsK3grJvtQrtzEgqNlDljJW96w.jpg,2016-03-25,Batman v Superman: Dawn of Justice,False,5.988,18641,"[{'iso_3166_1': 'US', 'name': 'United States of America'}]",2016,"[28, 12, 14]",Batman v Superman: Dawn of Justice,330360194.0,90.0,Warner Bros.,330360194.0,330360194.0,"Action,Adventure,Fantasy",['US'],1,0,0,1,0,1,0,0,0,0,0,0,1,1,0,0,1,0,1,0,0,0,0,0,1,0,0,0,0,0,0,1,0,0,0,Action,3,3,March,Spring,0,0,0,0,,,0,0,0,0,1,2,72082998,7,Medium,0,1,0,1,0,0,0,0,1,batman v,0.0,,,0.0,0,0,1,0,0,1,6,1,0,0,0
False,/wAk0yKrhAmvsoMvlKs4QImhvK5X.jpg,"[28, 12, 14]",297761,en,Suicide Squad,"From DC Comics comes the Suicide Squad, an antihero team of incarcerated supervillains who act as deniable assets for the United States government, undertaking high-risk black ops missions in exchange for commuted prison sentences.",5.8247,/sk3FZgh3sRrmr8vyhaitNobMcfh.jpg,2016-08-05,Suicide Squad,False,5.919,21758,"[{'iso_3166_1': 'US', 'name': 'United States of America'}]",2016,"[28, 12, 14]",Suicide Squad,325100054.0,93.0,Warner Bros.,325100054.0,325100054.0,"Action,Adventure,Fantasy",['US'],1,0,0,1,0,1,0,0,0,0,0,0,1,1,0,0,1,0,1,0,0,0,0,0,1,0,0,0,0,0,0,1,0,0,0,Action,3,8,August,Summer,1,0,0,0,,,0,0,0,0,1,6,162434410,7,High,0,1,0,1,0,0,0,0,0,suicide squad,,,,,0,0,1,0,0,1,6,1,0,0,0
False,/z9ft5HYHzWcasR6SGcgeluxTznB.jpg,"[10751, 35, 10402, 16]",335797,en,Sing,A koala named Buster recruits his best friend to help him drum up business for his theater by hosting a singing competition.,9.512,/lW0kUtXTOVlHTVhDO2VzNBACAHX.jpg,2016-12-21,Sing,False,7.12,8270,"[{'iso_3166_1': 'US', 'name': 'United States of America'}]",2016,"[10751, 35, 10402, 16]",Sing,270578425.0,141.0,Universal Pictures,270578425.0,270578425.0,"Family,Comedy,Music,Animation",['US'],1,0,0,1,0,0,1,0,0,0,0,0,1,1,0,1,0,0,0,0,0,0,0,1,0,1,0,0,1,0,0,0,0,0,1,Family,4,12,December,Winter,0,1,1,1,Christmas,4.0,1,0,0,0,1,6,533539991,0,High,1,1,0,0,0,0,0,0,0,sing,,,,,0,0,0,0,0,0,6,1,0,0,0
False,/iYLKMV7PIBtFmtygRrhSiyzcVsF.jpg,"[12, 35, 10751, 16]",277834,en,Moana,"In Ancient Polynesia, when a terrible curse incurred by Maui reaches an impetuous Chieftain's daughter's island, she answers the Ocean's call to seek out the demigod to set things right.",2.8923,/9tzN8sPbyod2dsa0lwuvrwBDWra.jpg,2016-11-23,Moana,False,7.564,13420,"[{'iso_3166_1': 'US', 'name': 'United States of America'}]",2016,"[12, 35, 10751, 16]",Moana,248757044.0,165.0,Walt Disney Studios Motion Pictures,248757044.0,248757044.0,"Adventure,Comedy,Family,Animation",['US'],1,0,0,1,1,0,0,0,0,0,0,0,1,1,0,1,0,0,1,0,0,0,0,1,0,1,0,0,0,0,0,0,0,0,1,Adventure,4,11,November,Fall,0,1,1,1,Thanksgiving,2.0,0,1,0,0,1,3,234037575,2,High,1,1,0,0,0,0,0,0,0,moana,,,,,1,0,0,0,1,1,6,1,0,0,0
False,/8Qsr8pvDL3s1jNZQ4HK1d1Xlvnh.jpg,"[14, 12]",259316,en,Fantastic Beasts and Where to Find Them,"In 1926, Newt Scamander arrives at the Magical Congress of the United States of America with a magically expanded briefcase, which houses a number of dangerous creatures and their habitats. When the creatures escape from the briefcase, it sends the American wizarding authorities after Newt, and threatens to strain even further the state of magical and non-magical relations.",10.2351,/fLsaFKExQt05yqjoAvKsmOMYvJR.jpg,2016-11-18,Fantastic Beasts and Where to Find Them,False,7.311,19378,"[{'iso_3166_1': 'GB', 'name': 'United Kingdom'}, {'iso_3166_1': 'US', 'name': 'United States of America'}]",2016,"[14, 12]",Fantastic Beasts and Where to Find Them,234037575.0,184.0,Warner Bros.,234037575.0,234037575.0,"Fantasy,Adventure","['GB', 'US']",1,1,0,1,0,1,0,0,0,0,0,0,1,1,0,0,0,0,1,0,0,0,0,0,1,0,0,0,0,0,0,0,0,0,0,Fantasy,2,11,November,Fall,0,1,1,1,Veterans Day,7.0,0,0,0,0,1,6,248757044,5,High,1,1,0,0,0,0,1,0,1,fantastic beasts,0.0,,,0.0,0,0,0,0,0,1,6,1,0,0,0
False,/3zvZ699gMW2RhWc0GisIukzq0Ls.jpg,"[14, 12, 28]",284052,en,Doctor Strange,"After his career is destroyed, a brilliant but arrogant surgeon gets a new lease on life when a sorcerer takes him under her wing and trains him to defend the world against evil.",10.671,/xf8PbyQcR5ucXErmZNzdKR0s8ya.jpg,2016-11-04,Doctor Strange,False,7.418,22982,"[{'iso_3166_1': 'US', 'name': 'United States of America'}]",2016,"[14, 12, 28]",Doctor Strange,232641920.0,188.0,Walt Disney Studios Motion Pictures,232641920.0,232641920.0,"Fantasy,Adventure,Action",['US'],1,0,0,1,1,0,0,0,0,0,0,0,1,1,0,0,1,0,1,0,0,0,0,0,1,0,0,0,0,0,0,1,0,0,0,Fantasy,3,11,November,Fall,0,1,1,1,Veterans Day,7.0,0,0,0,0,1,5,234037575,0,High,1,1,1,0,0,0,0,0,0,doctor strange,,,,,0,0,1,0,0,1,6,1,0,0,0
False,/7mHeyU0a538bgguOeF57I8ZroSk.jpg,"[28, 12, 53]",324668,en,Jason Bourne,The most dangerous former operative of the CIA is drawn out of hiding to uncover hidden truths about his past.,6.3239,/xA7N41glw17MBQtcWSm2eBlBRuG.jpg,2016-07-29,Jason Bourne,False,6.369,6020,"[{'iso_3166_1': 'CN', 'name': 'China'}, {'iso_3166_1': 'US', 'name': 'United States of America'}]",2016,"[28, 12, 53]",Jason Bourne,162434410.0,389.0,Universal Pictures,162434410.0,162434410.0,"Action,Adventure,Thriller","['US', 'CN']",1,0,0,1,0,0,1,0,0,0,0,0,1,1,0,0,1,1,1,0,0,0,0,0,0,0,0,0,0,0,0,1,0,0,0,Action,3,7,July,Summer,1,0,0,0,,,0,0,0,0,1,7,325100054,0,High,1,1,0,0,0,0,0,1,1,jason bourne,0.0,,,0.0,0,0,0,0,0,1,6,1,0,0,0
False,/r2ZBqkOCWSEp3z7gmpjSJ8k3kCK.jpg,"[28, 12, 878]",188927,en,Star Trek Beyond,"The USS Enterprise crew explores the furthest reaches of uncharted space, where they encounter a mysterious new enemy who puts them and everything the Federation stands for to the test.",5.0024,/m7SHlvcGfCkbzk2xP7XHDOI6o93.jpg,2016-07-22,Star Trek Beyond,False,6.782,6905,"[{'iso_3166_1': 'US', 'name': 'United States of America'}]",2016,"[28, 12, 878]",Star Trek Beyond,158848340.0,405.0,Paramount Pictures,158848340.0,158848340.0,"Action,Adventure,Science Fiction",['US'],1,0,0,1,0,0,0,0,1,0,0,0,1,1,0,0,1,0,1,0,1,0,0,0,0,0,0,0,0,0,0,1,1,0,0,Action,3,7,July,Summer,1,0,0,0,,,0,0,0,0,1,7,368623860,0,High,1,1,0,0,0,0,0,1,1,star trek,228778661.0,228778661.0,228778661.0,1.0,0,0,0,0,0,1,6,1,0,0,0
False,/2ex2beZ4ssMeOduLD0ILzXKCiep.jpg,"[28, 12, 878, 14]",246655,en,X-Men: Apocalypse,"After the re-emergence of the world's first mutant, world-destroyer Apocalypse, the X-Men must unite to defeat his extinction level plan.",7.2738,/ikA8UhYdTGpqbatFa93nIf6noSr.jpg,2016-05-27,X-Men: Apocalypse,False,6.517,13485,"[{'iso_3166_1': 'US', 'name': 'United States of America'}]",2016,"[28, 12, 878, 14]",X-Men: Apocalypse,155442489.0,417.0,Twentieth Century Fox,155442489.0,155442489.0,"Action,Adventure,Science Fiction,Fantasy",['US'],1,0,0,1,0,0,0,0,0,1,0,0,1,1,0,0,1,0,1,0,1,0,0,0,1,0,0,0,0,0,0,1,1,0,0,Action,4,5,May,Spring,1,0,0,1,Memorial Day,2.0,0,0,0,1,1,7,107509366,0,High,0,1,0,0,0,0,0,0,1,x,233921534.0,233921534.0,233921534.0,1.0,0,0,1,0,0,1,6,1,0,0,0
False,/gXyYOWAkk4FdQU3adK8WFj8nN9J.jpg,"[10751, 16, 14, 12, 35, 10402]",136799,en,Trolls,"After the monstrous Bergens invade Troll Village, Princess Poppy, the happiest Troll ever born, and overly-cautious, curmudgeonly outcast Branch set off on a journey to rescue her friends. Their mission is full of adventure and mishaps, as this mismatched duo try to tolerate each other long enough to get the job done.",7.7893,/9VlK2j0THZWzhQPq0W3Oc0IIdBB.jpg,2016-11-04,Trolls,False,6.6,3735,"[{'iso_3166_1': 'US', 'name': 'United States of America'}]",2016,"[10751, 16, 14, 12, 35, 10402]",Trolls,154174089.0,426.0,Twentieth Century Fox,154174089.0,154174089.0,"Family,Animation,Fantasy,Adventure,Comedy,Music",['US'],1,0,0,1,0,0,0,0,0,1,0,0,1,1,0,1,0,0,1,0,0,0,0,1,1,1,0,0,1,0,0,0,0,0,1,Family,6,11,November,Fall,0,1,1,1,Veterans Day,7.0,0,0,0,0,1,5,234037575,0,High,1,1,0,0,0,0,0,0,0,trolls,,,,,0,0,0,0,0,0,6,1,0,0,0
False,/nlPCdZlHtRNcF6C9hzUH4ebmV1w.jpg,"[35, 18, 10749]",313369,en,La La Land,"Mia, an aspiring actress, serves lattes to movie stars in between auditions and Sebastian, a jazz musician, scrapes by playing cocktail party gigs in dingy bars, but as success mounts they are faced with decisions that begin to fray the fragile fabric of their love affair, and the dreams they worked so hard to maintain in each other threaten to rip them apart.",11.1035,/uDO8zWDhfWwoFdKS4fzkUJt0Rf0.jpg,2016-12-09,La La Land,False,7.897,17684,"[{'iso_3166_1': 'US', 'name': 'United States of America'}]",2016,"[35, 18, 10749]",La La Land,151101803.0,435.0,Lionsgate,151101803.0,151101803.0,"Comedy,Drama,Romance",['US'],1,0,0,1,0,0,0,0,0,0,0,1,1,1,1,1,0,0,0,1,0,0,0,0,0,0,0,0,0,0,0,0,0,1,0,Comedy,3,12,December,Winter,0,1,1,0,,,0,0,0,0,1,7,533539991,0,High,1,1,0,0,0,0,0,0,0,la la,,,,,0,0,0,0,0,0,6,1,0,0,0
False,/zNNHlMa27EfymiYkhgcXANtD5vG.jpg,"[16, 28, 12, 35, 10751]",140300,en,Kung Fu Panda 3,"While Po and his father are visiting a secret panda village, an evil spirit threatens all of China, forcing Po to form a ragtag army to fight back.",6.9226,/oajNi4Su39WAByHI6EONu8G8HYn.jpg,2016-01-29,Kung Fu Panda 3,False,6.9,6386,"[{'iso_3166_1': 'CN', 'name': 'China'}, {'iso_3166_1': 'US', 'name': 'United States of America'}]",2016,"[16, 28, 12, 35, 10751]",Kung Fu Panda 3,143528619.0,478.0,Twentieth Century Fox,143528619.0,143528619.0,"Animation,Action,Adventure,Comedy,Family","['US', 'CN']",1,0,0,1,0,0,0,0,0,1,0,0,1,1,0,1,1,0,1,0,0,0,0,1,0,1,0,0,0,0,0,1,0,0,1,Animation,5,1,January,Winter,0,0,0,0,,,0,0,0,0,1,1,363070709,14,Medium,1,0,0,0,0,0,0,0,1,kung fu,165249063.0,165249063.0,165249063.0,1.0,0,0,0,0,0,0,6,1,0,0,0
False,/3RWsSQlqzRjsuqSRmoyggy74UA7.jpg,"[28, 14, 35]",43074,en,Ghostbusters,"Following a ghost invasion of Manhattan, paranormal enthusiasts Erin Gilbert and Abby Yates, nuclear engineer Jillian Holtzmann, and subway worker Patty Tolan band together to stop the otherworldly threat.",4.3421,/wJmWliwXIgZOCCVOcGRBhce7xPS.jpg,2016-07-15,Ghostbusters,False,5.351,6653,"[{'iso_3166_1': 'US', 'name': 'United States of America'}]",2016,"[28, 14, 35]",Ghostbusters,128350574.0,569.0,Sony Pictures Releasing,128350574.0,128350574.0,"Action,Fantasy,Comedy",['US'],1,0,0,1,0,0,0,1,0,0,0,0,1,1,0,1,1,0,0,0,0,0,0,0,1,0,0,0,0,0,0,0,0,0,0,Action,3,7,July,Summer,1,0,0,0,,,0,0,0,0,1,9,368623860,7,High,1,1,0,0,0,0,0,0,0,ghostbusters,,,,,0,0,0,0,0,0,6,1,0,0,0
False,/12gfRwL8RuZUQ4kiGzq9kRYBK5J.jpg,"[28, 35]",302699,en,Central Intelligence,"Calvin Joyner, a mild-mannered accountant whose high school glory days are long behind him, reconnects with an awkward pal from high school through Facebook. After meeting up, Calvin’s mundane life takes an unexpectedly thrilling turn when he's thrust into the world of international espionage.",10.4035,/hXQVMbRNpf7c93e8clMY4W5DRm6.jpg,2016-06-17,Central Intelligence,False,6.417,6194,"[{'iso_3166_1': 'US', 'name': 'United States of America'}, {'iso_3166_1': 'CN', 'name': 'China'}]",2016,"[28, 35]",Central Intelligence,127440871.0,579.0,Warner Bros.,127440871.0,127440871.0,"Action,Comedy","['US', 'CN']",1,0,0,1,0,1,0,0,0,0,0,0,1,1,0,1,1,0,0,0,0,0,0,0,0,0,0,0,0,0,0,0,0,0,0,Action,2,6,June,Summer,1,0,0,0,,,0,0,0,0,1,10,486295561,0,High,1,1,0,0,0,0,0,0,0,central intelligence,,,,,0,0,0,0,0,0,6,1,0,0,0
False,/btCaMm9aVW1PG485Ef8RMBBALzI.jpg,"[14, 28, 12]",258489,en,The Legend of Tarzan,"Tarzan, having acclimated to life in London, is called back to his former home in the jungle to investigate the activities at a mining encampment.",4.9285,/eJrfz178xBGlxjDGxnBXTzWWa4w.jpg,2016-07-01,The Legend of Tarzan,False,5.914,6389,"[{'iso_3166_1': 'CA', 'name': 'Canada'}, {'iso_3166_1': 'GB', 'name': 'United Kingdom'}, {'iso_3166_1': 'US', 'name': 'United States of America'}]",2016,"[14, 28, 12]",The Legend of Tarzan,126643061.0,591.0,Warner Bros.,126643061.0,126643061.0,"Fantasy,Action,Adventure","['CA', 'GB', 'US']",1,1,1,1,0,1,0,0,0,0,0,0,1,1,0,0,1,0,1,0,0,0,0,0,1,0,0,0,0,0,0,1,0,0,0,Fantasy,3,7,July,Summer,1,0,0,1,Independence Day,3.0,0,0,1,0,1,8,486295561,0,High,1,1,0,0,0,0,0,0,0,legend tarzan,,,,,0,0,0,0,0,0,6,1,0,0,0
False,/oQ024BtJgArg8WI4zfuc2vkCJno.jpg,"[18, 36]",363676,en,Sully,"On 15 January 2009, the world witnessed the 'Miracle on the Hudson' when Captain 'Sully' Sullenberger glided his disabled plane onto the Hudson River, saving the lives of all 155 souls aboard. However, even as Sully was being heralded by the public and the media for his unprecedented feat of aviation skill, an investigation was unfolding that threatened to destroy his reputation and career.",7.6022,/4vs83YcJ8TsabADDtaeCJ6ZTjYY.jpg,2016-09-09,Sully,False,7.197,7528,"[{'iso_3166_1': 'US', 'name': 'United States of America'}]",2016,"[18, 36]",Sully,125070033.0,603.0,Warner Bros.,125070033.0,125070033.0,"Drama,History",['US'],1,0,0,1,0,1,0,0,0,0,0,0,1,1,1,0,0,0,0,0,0,0,0,0,0,0,0,1,0,0,0,0,0,0,0,Drama,2,9,September,Fall,0,0,0,1,Labor Day,8.0,0,0,0,1,1,3,93432655,14,High,0,0,0,0,0,0,0,0,0,sully,,,,,0,0,0,0,0,0,6,1,0,0,0
False,/l9jEItb8GRyhZfny92QeqpCeOu.jpg,"[16, 12, 35, 10751]",153518,en,The Angry Birds Movie,"An island populated entirely by happy, flightless birds or almost entirely. In this paradise, Red, a bird with a temper problem, speedy Chuck, and the volatile Bomb have always been outsiders. But when the island is visited by mysterious green piggies, it’s up to these unlikely outcasts to figure out what the pigs are up to.",5.5722,/iOH0fEFtV9z9rZp9zmBFGGeWicv.jpg,2016-05-20,The Angry Birds Movie,False,6.249,3868,"[{'iso_3166_1': 'FI', 'name': 'Finland'}, {'iso_3166_1': 'US', 'name': 'United States of America'}]",2016,"[16, 12, 35, 10751]",The Angry Birds Movie,107509366.0,755.0,Sony Pictures Releasing,107509366.0,107509366.0,"Animation,Adventure,Comedy,Family","['US', 'FI']",1,0,0,1,0,0,0,1,0,0,0,0,1,1,0,1,0,0,1,0,0,0,0,1,0,1,0,0,0,0,0,0,0,0,1,Animation,4,5,May,Spring,1,0,0,1,Memorial Day,5.0,0,0,0,1,1,6,408084349,0,High,1,1,0,0,0,0,0,0,0,angry birds,,,,,0,1,0,0,1,1,6,1,0,0,0
False,/auT0H5fFUnPKjHNj0OkQMkxdbl2.jpg,"[28, 12, 878]",47933,en,Independence Day: Resurgence,"We always knew they were coming back. Using recovered alien technology, the nations of Earth have collaborated on an immense defense program to protect the planet. But nothing can prepare us for the aliens’ advanced and unprecedented force. Only the ingenuity of a few brave men and women can bring our world back from the brink of extinction.",4.933,/9S50foUIYGwiNPWOxi1WJF6IPwI.jpg,2016-06-24,Independence Day: Resurgence,False,5.35,6297,"[{'iso_3166_1': 'US', 'name': 'United States of America'}]",2016,"[28, 12, 878]",Independence Day: Resurgence,103144286.0,796.0,Twentieth Century Fox,103144286.0,103144286.0,"Action,Adventure,Science Fiction",['US'],1,0,0,1,0,0,0,0,0,1,0,0,1,1,0,0,1,0,1,0,1,0,0,0,0,0,0,0,0,0,0,1,1,0,0,Action,3,6,June,Summer,1,0,0,1,Independence Day,10.0,0,0,1,0,1,9,486295561,0,High,1,1,0,0,0,0,0,0,1,independence day,0.0,,,0.0,0,0,0,0,0,0,6,1,0,0,0
False,/ev5Ti7Q0REkoVLO7PkKaq1yZYQE.jpg,[27],259693,en,The Conjuring 2,Lorraine and Ed Warren travel to north London to help a single mother raising four children alone in a house plagued by malicious spirits.,9.1903,/zEqyD0SBt6HL7W9JQoWwtd5Do1T.jpg,2016-06-10,The Conjuring 2,False,7.294,8966,"[{'iso_3166_1': 'US', 'name': 'United States of America'}]",2016,[27],The Conjuring 2,102516140.0,806.0,Warner Bros.,102516140.0,102516140.0,Horror,['US'],1,0,0,1,0,1,0,0,0,0,0,0,1,1,0,0,0,0,0,0,0,1,0,0,0,0,0,0,0,0,0,0,0,0,0,Horror,1,6,June,Summer,1,0,0,0,,,0,0,0,0,1,9,486295561,0,High,1,1,0,0,0,0,0,0,1,conjuring 2,0.0,,,0.0,0,0,0,0,0,0,6,1,0,0,0
False,/hNCqkXbWd40eftqSdjq8TmV7Mqr.jpg,"[18, 878, 9648]",329865,en,Arrival,"Taking place after alien crafts land around the world, an expert linguist is recruited by the military to determine whether they come in peace or are a threat.",12.3355,/pEzNVQfdzYDzVK0XqxERIw2x2se.jpg,2016-11-11,Arrival,False,7.623,18803,"[{'iso_3166_1': 'US', 'name': 'United States of America'}]",2016,"[18, 878, 9648]",Arrival,100546139.0,844.0,Paramount Pictures,100546139.0,100546139.0,"Drama,Science Fiction,Mystery",['US'],1,0,0,1,0,0,0,0,1,0,0,0,1,1,1,0,0,0,0,0,1,0,0,0,0,0,1,0,0,0,0,0,0,0,0,Drama,3,11,November,Fall,0,1,1,1,Veterans Day,0.0,0,0,0,0,1,6,248757044,7,High,1,1,0,0,0,0,0,0,0,arrival,,,,,0,0,0,0,0,0,6,1,0,0,0
False,/gHz4ZQytRs8YGrqFMwB3Vrr8pig.jpg,"[18, 10749, 878]",274870,en,Passengers,"A spacecraft traveling to a distant colony planet and transporting thousands of people has a malfunction in its sleep chambers. As a result, two passengers are awakened 90 years early.",6.4528,/jK9S6HANSf2no64v1x1HxfcpmcA.jpg,2016-12-21,Passengers,False,6.952,13894,"[{'iso_3166_1': 'US', 'name': 'United States of America'}]",2016,"[18, 10749, 878]",Passengers,100014699.0,863.0,Sony Pictures Releasing,100014699.0,100014699.0,"Drama,Romance,Science Fiction",['US'],1,0,0,1,0,0,0,1,0,0,0,0,1,1,1,0,0,0,0,1,1,0,0,0,0,0,0,0,0,0,0,0,0,0,0,Drama,3,12,December,Winter,0,1,1,1,Christmas,4.0,1,0,0,0,1,6,533539991,0,High,1,1,0,0,0,0,0,0,0,passengers,,,,,0,0,0,0,0,0,6,1,0,0,0
False,/hsb8nNBt3emvWqBs7Xv5IKlz6Im.jpg,"[12, 16, 35, 14]",223702,en,Sausage Party,Hot dog Frank leads a group of supermarket products on a quest to discover the truth about their existence and what really happens when they become chosen to leave the grocery store.,5.6438,/vNgdPJQ5CI60oEiiHLKRNrsDhMy.jpg,2016-08-12,Sausage Party,False,5.75,7564,"[{'iso_3166_1': 'CA', 'name': 'Canada'}, {'iso_3166_1': 'US', 'name': 'United States of America'}]",2016,"[12, 16, 35, 14]",Sausage Party,97685686.0,875.0,Sony Pictures Releasing,97685686.0,97685686.0,"Adventure,Animation,Comedy,Fantasy","['CA', 'US']",1,0,1,1,0,0,0,1,0,0,0,0,1,1,0,1,0,0,1,0,0,0,0,0,1,1,0,0,0,0,0,0,0,0,0,Adventure,4,8,August,Summer,1,0,0,0,,,0,0,0,0,1,4,325100054,7,High,1,1,0,0,0,0,0,0,0,sausage party,,,,,0,0,0,0,0,0,6,1,0,0,0
False,/8GXri7UnwE7dVNfUAZVDn7Z8UBZ.jpg,"[12, 28, 37]",333484,en,The Magnificent Seven,"Looking to mine for gold, greedy industrialist Bartholomew Bogue seizes control of the Old West town of Rose Creek. With their lives in jeopardy, Emma Cullen and other desperate residents turn to bounty hunter Sam Chisolm for help. Chisolm recruits an eclectic group of gunslingers to take on Bogue and his ruthless henchmen. With a deadly showdown on the horizon, the seven mercenaries soon find themselves fighting for more than just money once the bullets start to fly.",6.4713,/ezcS78TIjgr85pVdaPDd2rSPVNs.jpg,2016-09-23,The Magnificent Seven,False,6.472,6200,"[{'iso_3166_1': 'US', 'name': 'United States of America'}]",2016,"[12, 28, 37]",The Magnificent Seven,93432655.0,922.0,Sony Pictures Releasing,93432655.0,93432655.0,"Adventure,Action,Western",['US'],1,0,0,1,0,0,0,1,0,0,0,0,1,1,0,0,1,0,1,0,0,0,0,0,0,0,0,0,0,0,1,1,0,0,0,Adventure,3,9,September,Fall,0,0,0,0,,,0,0,0,0,1,5,125070033,0,High,0,1,0,0,0,0,0,0,0,magnificent seven,,,,,0,0,0,0,0,0,6,1,0,0,0
False,/3mIVOqDbYeucnw09TpjgHvSjXfu.jpg,"[27, 53, 80]",300669,en,Don't Breathe,A group of teens break into a blind man's home thinking they'll get away with the perfect crime. They're wrong.,15.1534,/dSxHyPZ2nipSfvdft4IhQKjk5eZ.jpg,2016-08-26,Don't Breathe,False,7.015,7789,"[{'iso_3166_1': 'US', 'name': 'United States of America'}]",2016,"[27, 53, 80]",Don't Breathe,89217875.0,978.0,Screen Gems,89217875.0,89217875.0,"Horror,Thriller,Crime",['US'],1,0,0,1,0,0,0,1,0,0,0,0,1,1,0,0,0,1,0,0,0,1,1,0,0,0,0,0,0,0,0,0,0,0,0,Horror,3,8,August,Summer,1,0,0,1,Labor Day,6.0,0,0,0,1,1,2,125070033,14,Medium,0,0,0,0,0,0,0,0,0,don t,,,,,0,0,0,0,0,0,6,1,0,0,0
False,/ld7V9BjMk2xtiBNcR8savyyk5ca.jpg,"[14, 12, 18, 10751]",283366,en,Miss Peregrine's Home for Peculiar Children,A teenager finds himself transported to an island where he must help protect a group of orphans with special powers from creatures intent on destroying them.,7.188,/CIlbMFOfYDj0MP23hsIYhFGrL6.jpg,2016-09-30,Miss Peregrine's Home for Peculiar Children,False,6.837,10314,"[{'iso_3166_1': 'US', 'name': 'United States of America'}]",2016,"[14, 12, 18, 10751]",Miss Peregrine's Home for Peculiar Children,87242834.0,995.0,Twentieth Century Fox,87242834.0,87242834.0,"Fantasy,Adventure,Drama,Family",['US'],1,0,0,1,0,0,0,0,0,1,0,0,1,1,1,0,0,0,1,0,0,0,0,1,1,0,0,0,0,0,0,0,0,0,0,Fantasy,4,9,September,Fall,0,0,0,1,Columbus Day,10.0,0,0,0,0,1,5,93432655,0,High,0,1,0,0,0,0,0,0,0,miss peregrine,,,,,0,0,0,0,0,0,6,1,0,0,0
False,/dTGECn8He16tZeBHQTLf6rVydE8.jpg,"[80, 53, 18]",302946,en,The Accountant,"As a math savant uncooks the books for a new client, the Treasury Department closes in on his activities and the body count starts to rise.",8.0511,/fceheXB5fC4WrLVuWJ6OZv9FXYr.jpg,2016-10-14,The Accountant,False,7.131,7093,"[{'iso_3166_1': 'US', 'name': 'United States of America'}]",2016,"[80, 53, 18]",The Accountant,86260045.0,1008.0,Warner Bros.,86260045.0,86260045.0,"Crime,Thriller,Drama",['US'],1,0,0,1,0,1,0,0,0,0,0,0,1,1,1,0,0,1,0,0,0,0,1,0,0,0,0,0,0,0,0,0,0,0,0,Crime,3,10,October,Fall,0,0,1,1,Columbus Day,4.0,0,0,0,0,1,4,87242834,7,High,0,1,0,0,0,0,0,0,0,accountant,,,,,0,0,0,0,0,0,6,1,0,0,0
False,/41objfan7PDTBG5MFXQl4ownQzJ.jpg,"[28, 12, 35, 10751, 878]",308531,en,Teenage Mutant Ninja Turtles: Out of the Shadows,"After supervillain Shredder escapes custody, he joins forces with mad scientist Baxter Stockman and two dimwitted henchmen, Bebop and Rocksteady, to unleash a diabolical plan to take over the world. As the Turtles prepare to take on Shredder and his new crew, they find themselves facing an even greater evil with similar intentions: the notorious Krang.",4.3981,/euVaCiCWz3AALcQXHT6aUqdGUo6.jpg,2016-06-03,Teenage Mutant Ninja Turtles: Out of the Shadows,False,6.051,3692,"[{'iso_3166_1': 'US', 'name': 'United States of America'}, {'iso_3166_1': 'CN', 'name': 'China'}, {'iso_3166_1': 'HK', 'name': 'Hong Kong'}]",2016,"[28, 12, 35, 10751, 878]",Teenage Mutant Ninja Turtles: Out of the Shadows,82051601.0,1086.0,Paramount Pictures,82051601.0,82051601.0,"Action,Adventure,Comedy,Family,Science Fiction","['HK', 'US', 'CN']",1,0,0,1,0,0,0,0,1,0,0,0,1,1,0,1,1,0,1,0,1,0,0,1,0,0,0,0,0,0,0,1,1,0,0,Action,5,6,June,Summer,1,0,0,1,Memorial Day,9.0,0,0,0,1,1,9,486295561,0,High,1,1,0,0,0,0,0,0,1,teenage mutant,191204754.0,191204754.0,191204754.0,1.0,0,1,0,0,1,1,6,1,0,0,0
False,/a7V3ZXCDAk3P7GjpgfN0IInjh0r.jpg,"[28, 27, 53]",316727,en,The Purge: Election Year,"Two years after choosing not to kill the man who killed his son, former police sergeant Leo Barnes has become head of security for Senator Charlene Roan, the front runner in the next Presidential election due to her vow to eliminate the Purge. On the night of what should be the final Purge, a betrayal from within the government forces Barnes and Roan out onto the street where they must fight to survive the night.",4.7402,/gg7tlp45xqGWMra0sqQVPvybje2.jpg,2016-07-01,The Purge: Election Year,False,6.384,5407,"[{'iso_3166_1': 'FR', 'name': 'France'}, {'iso_3166_1': 'JP', 'name': 'Japan'}, {'iso_3166_1': 'US', 'name': 'United States of America'}]",2016,"[28, 27, 53]",The Purge: Election Year,79213375.0,1137.0,Universal Pictures,79213375.0,79213375.0,"Action,Horror,Thriller","['FR', 'US', 'JP']",1,0,0,1,0,0,1,0,0,0,0,0,1,1,0,0,1,1,0,0,0,1,0,0,0,0,0,0,0,0,0,0,0,0,0,Action,3,7,July,Summer,1,0,0,1,Independence Day,3.0,0,0,1,0,1,8,486295561,0,High,1,1,0,0,0,0,0,0,1,purge,136435915.0,71962800.0,68217957.5,2.0,0,0,0,0,0,0,6,1,0,0,0
False,/A6d09KtZKdVGSg0gzsldjDwwvhD.jpg,"[12, 10751, 14]",241259,en,Alice Through the Looking Glass,Alice Kingsleigh returns to Underland and faces a new adventure in saving the Mad Hatter.,8.7793,/kbGamUkYfgKIYIrU8kW5oc0NatZ.jpg,2016-05-27,Alice Through the Looking Glass,False,6.559,6651,"[{'iso_3166_1': 'GB', 'name': 'United Kingdom'}, {'iso_3166_1': 'US', 'name': 'United States of America'}]",2016,"[12, 10751, 14]",Alice Through the Looking Glass,77041381.0,1168.0,Walt Disney Studios Motion Pictures,77041381.0,77041381.0,"Adventure,Family,Fantasy","['GB', 'US']",1,1,0,1,1,0,0,0,0,0,0,0,1,1,0,0,0,0,1,0,0,0,0,1,1,0,0,0,0,0,0,0,0,0,0,Adventure,3,5,May,Spring,1,0,0,1,Memorial Day,2.0,0,0,0,1,1,7,155442489,0,High,0,1,0,0,0,0,0,0,0,alice through,,,,,0,0,0,0,0,0,6,1,0,0,0
False,/hmMnCqNnHPvQhuxynSVAqQWmQVK.jpg,"[80, 9648, 53]",346685,en,The Girl on the Train,"Rachel Watson, devastated by her recent divorce, spends her daily commute fantasizing about the seemingly perfect couple who live in a house that her train passes every day, until one morning she sees something shocking happen there and becomes entangled in the mystery that unfolds.",2.9847,/AhTO2QWG0tug7yDoh0XoaMhPt3J.jpg,2016-10-07,The Girl on the Train,False,6.442,5904,"[{'iso_3166_1': 'IN', 'name': 'India'}, {'iso_3166_1': 'US', 'name': 'United States of America'}]",2016,"[80, 9648, 53]",The Girl on the Train,75395035.0,1204.0,Universal Pictures,75395035.0,75395035.0,"Crime,Mystery,Thriller","['US', 'IN']",1,0,0,1,0,0,1,0,0,0,0,0,1,1,0,0,0,1,0,0,0,0,1,0,0,0,1,0,0,0,0,0,0,0,0,Crime,3,10,October,Fall,0,0,1,1,Columbus Day,3.0,0,0,0,0,1,6,93432655,7,High,0,1,0,0,0,0,0,0,0,girl on,,,,,0,0,0,0,0,0,6,1,0,0,0
False,/3dhuShnYmB0UOQrn8v8gT9DBf0T.jpg,"[12, 16, 35, 10751]",332210,en,Storks,"Storks deliver babies…or at least they used to. Now they deliver packages for a global internet retail giant. Junior, the company’s top delivery stork, is about to be promoted when he accidentally activates the Baby Making Machine, producing an adorable and wholly unauthorized baby girl...",6.7539,/pwGolX8JmGJhhcUjO5SJt38Uk0m.jpg,2016-09-23,Storks,False,6.7,2452,"[{'iso_3166_1': 'US', 'name': 'United States of America'}]",2016,"[12, 16, 35, 10751]",Storks,72800603.0,1249.0,Warner Bros.,72800603.0,72800603.0,"Adventure,Animation,Comedy,Family",['US'],1,0,0,1,0,1,0,0,0,0,0,0,1,1,0,1,0,0,1,0,0,0,0,1,0,1,0,0,0,0,0,0,0,0,1,Adventure,4,9,September,Fall,0,0,0,0,,,0,0,0,0,1,5,125070033,0,High,0,1,0,0,0,0,0,0,0,storks,,,,,0,0,0,0,0,0,6,1,0,0,0
False,/veGaHYcRHFPEoKfqxKbCEXI8tOT.jpg,"[53, 878, 18, 27]",333371,en,10 Cloverfield Lane,"After a catastrophic car crash, a young woman wakes up in a survivalist's underground bunker, where he claims to have saved her from an apocalyptic attack that has left the outside world uninhabitable.",5.0247,/84Dhwz93vCin6T1PX6ctSvWEuNE.jpg,2016-03-11,10 Cloverfield Lane,False,6.995,8396,"[{'iso_3166_1': 'US', 'name': 'United States of America'}]",2016,"[53, 878, 18, 27]",10 Cloverfield Lane,72082998.0,1266.0,Paramount Pictures,72082998.0,72082998.0,"Thriller,Science Fiction,Drama,Horror",['US'],1,0,0,1,0,0,0,0,1,0,0,0,1,1,1,0,0,1,0,0,1,1,0,0,0,0,0,0,0,0,0,0,0,0,0,Thriller,4,3,March,Spring,0,0,0,0,,,0,0,0,0,1,4,341268248,7,High,1,1,0,0,0,0,0,1,1,10 cloverfield,0.0,,,0.0,0,0,0,0,0,1,6,1,0,0,0
False,/xxyAStrE7vVeKto3dGDAKAZRM68.jpg,[27],345911,en,Lights Out,"Rebecca must unlock the terror behind her little brother's experiences that once tested her sanity, bringing her face to face with a supernatural spirit attached to their mother.",3.6945,/8BnElzAQQpp7ZgdJJiAe1diomr4.jpg,2016-07-22,Lights Out,False,6.364,4029,"[{'iso_3166_1': 'US', 'name': 'United States of America'}]",2016,[27],Lights Out,67268835.0,1375.0,Warner Bros.,67268835.0,67268835.0,Horror,['US'],1,0,0,1,0,1,0,0,0,0,0,0,1,1,0,0,0,0,0,0,0,1,0,0,0,0,0,0,0,0,0,0,0,0,0,Horror,1,7,July,Summer,1,0,0,0,,,0,0,0,0,1,7,368623860,0,High,1,1,0,0,0,0,0,0,0,lights out,,,,,0,0,0,0,0,0,6,1,0,0,0
False,/vDKRMZGFTKP9nQolzeSB1rB1w6p.jpg,"[18, 36, 10752]",324786,en,Hacksaw Ridge,"WWII American Army Medic Desmond T. Doss, who served during the Battle of Okinawa, refuses to kill people and becomes the first Conscientious Objector in American history to receive the Congressional Medal of Honor.",11.5355,/wuz8TjCIWR2EVVMuEfBnQ1vuGS3.jpg,2016-11-04,Hacksaw Ridge,False,8.191,14474,"[{'iso_3166_1': 'AU', 'name': 'Australia'}, {'iso_3166_1': 'GB', 'name': 'United Kingdom'}, {'iso_3166_1': 'US', 'name': 'United States of America'}, {'iso_3166_1': 'CN', 'name': 'China'}]",2016,"[18, 36, 10752]",Hacksaw Ridge,67209615.0,1378.0,Lionsgate,67209615.0,67209615.0,"Drama,History,War","['GB', 'US', 'CN', 'AU']",1,1,0,1,0,0,0,0,0,0,0,1,1,1,1,0,0,0,0,0,0,0,0,0,0,0,0,1,0,1,0,0,0,0,0,Drama,3,11,November,Fall,0,1,1,1,Veterans Day,7.0,0,0,0,0,1,5,234037575,0,High,1,1,0,0,0,0,0,0,0,hacksaw ridge,,,,,0,0,0,0,0,0,6,1,0,0,0
False,/oFQilRMEq6yQbtMPxIYWpXeQ5ZN.jpg,"[53, 80]",291805,en,Now You See Me 2,"One year after outwitting the FBI and winning the public’s adulation with their mind-bending spectacles, the Four Horsemen resurface only to find themselves face to face with a new enemy who enlists them to pull off their most dangerous heist yet.",29.6785,/A81kDB6a1K86YLlcOtZB27jriJh.jpg,2016-06-10,Now You See Me 2,False,6.828,11258,"[{'iso_3166_1': 'HK', 'name': 'Hong Kong'}, {'iso_3166_1': 'US', 'name': 'United States of America'}]",2016,"[53, 80]",Now You See Me 2,65075540.0,1439.0,Lionsgate,65075540.0,65075540.0,"Thriller,Crime","['HK', 'US']",1,0,0,1,0,0,0,0,0,0,0,1,1,1,0,0,0,1,0,0,0,0,1,0,0,0,0,0,0,0,0,0,0,0,0,Thriller,2,6,June,Summer,1,0,0,0,,,0,0,0,0,1,9,486295561,0,High,1,1,0,0,0,0,0,1,1,now you,117723989.0,117723989.0,117723989.0,1.0,0,0,0,0,0,1,6,1,0,0,0
False,/lyt9DYP0Suy1j8XnjJl0saVOs8K.jpg,"[12, 16, 10751, 35, 878]",278154,en,Ice Age: Collision Course,"Set after the events of Continental Drift, Scrat's epic pursuit of his elusive acorn catapults him outside of Earth, where he accidentally sets off a series of cosmic events that transform and threaten the planet. To save themselves from peril, Manny, Sid, Diego, and the rest of the herd leave their home and embark on a quest full of thrills and spills, highs and lows, laughter and adventure while traveling to exotic new lands and locations.",8.4935,/dWyaaP1dmW5peBvgiVaugdRuyYD.jpg,2016-07-22,Ice Age: Collision Course,False,6.116,4783,"[{'iso_3166_1': 'US', 'name': 'United States of America'}]",2016,"[12, 16, 10751, 35, 878]",Ice Age: Collision Course,64063008.0,1465.0,Twentieth Century Fox,64063008.0,64063008.0,"Adventure,Animation,Family,Comedy,Science Fiction",['US'],1,0,0,1,0,0,0,0,0,1,0,0,1,1,0,1,0,0,1,0,1,0,0,1,0,1,0,0,0,0,0,0,0,0,1,Adventure,5,7,July,Summer,1,0,0,0,,,0,0,0,0,1,7,368623860,0,High,1,1,0,0,0,0,0,0,1,ice age,161321843.0,161321843.0,161321843.0,1.0,0,0,0,0,0,0,6,1,0,0,0
False,/wePpxpU1eNZnHCChP5xGNJrGKY3.jpg,"[10751, 18]",339984,en,Miracles from Heaven,"When Christy discovers her 10-year-old daughter Anna has a rare, incurable disease, she becomes a ferocious advocate for her daughter’s healing as she searches for a solution. After Anna has a freak accident and falls three stories, a miracle unfolds in the wake of her dramatic rescue that leaves medical specialists mystified, her family restored and their community inspired.",2.9095,/hz9VF1TfaM0D04pYneSXUkNeOZv.jpg,2016-03-18,Miracles from Heaven,False,7.442,1235,"[{'iso_3166_1': 'US', 'name': 'United States of America'}]",2016,"[10751, 18]",Miracles from Heaven,61705123.0,1523.0,TriStar Pictures,61705123.0,61705123.0,"Family,Drama",['US'],1,0,0,1,0,0,0,1,0,0,0,0,1,1,1,0,0,0,0,0,0,0,0,1,0,0,0,0,0,0,0,0,0,0,0,Family,2,3,March,Spring,0,0,0,0,,,0,0,0,0,1,4,341268248,7,High,1,1,0,0,0,0,0,0,0,miracles from,,,,,0,0,0,0,0,0,6,1,0,0,0
False,/fRT76SSQzAuZljogpsWyKphUxYX.jpg,"[18, 28]",296524,en,Deepwater Horizon,"A story set on the offshore drilling rig Deepwater Horizon, which exploded during April 2010 and created the worst oil spill in U.S. history.",3.5835,/jgBIYCZACe3iaS9TL2XzVGkO5p5.jpg,2016-09-30,Deepwater Horizon,False,6.888,4756,"[{'iso_3166_1': 'US', 'name': 'United States of America'}, {'iso_3166_1': 'HK', 'name': 'Hong Kong'}]",2016,"[18, 28]",Deepwater Horizon,61433527.0,1529.0,Lionsgate,61433527.0,61433527.0,"Drama,Action","['HK', 'US']",1,0,0,1,0,0,0,0,0,0,0,1,1,1,1,0,1,0,0,0,0,0,0,0,0,0,0,0,0,0,0,0,0,0,0,Drama,2,9,September,Fall,0,0,0,1,Columbus Day,10.0,0,0,0,0,1,5,93432655,0,High,0,1,0,0,0,0,0,0,0,deepwater horizon,,,,,0,0,0,0,0,0,6,1,0,0,0
False,/ww1eIoywghjoMzRLRIcbJLuKnJH.jpg,"[28, 18, 53, 80]",343611,en,Jack Reacher: Never Go Back,"Years after resigning command of an elite military police unit, the nomadic, righter-of-wrongs Reacher is drawn back into the life he left behind when his friend and successor, Major Susan Turner is framed for espionage. Reacher will stop at nothing to prove her innocence and to expose the real perpetrators behind the killings of his former soldiers.",7.2449,/cOg3UT2NYWHZxp41vpxAnVCOC4M.jpg,2016-10-21,Jack Reacher: Never Go Back,False,5.999,5166,"[{'iso_3166_1': 'CN', 'name': 'China'}, {'iso_3166_1': 'US', 'name': 'United States of America'}]",2016,"[28, 18, 53, 80]",Jack Reacher: Never Go Back,58697076.0,1612.0,Paramount Pictures,58697076.0,58697076.0,"Action,Drama,Thriller,Crime","['US', 'CN']",1,0,0,1,0,0,0,0,1,0,0,0,1,1,1,0,1,1,0,0,0,0,1,0,0,0,0,0,0,0,0,0,0,0,0,Action,4,10,October,Fall,0,0,1,0,,,0,0,0,0,1,5,232641920,7,High,1,1,0,0,0,0,0,0,1,jack reacher,80070736.0,80070736.0,80070736.0,1.0,0,0,0,0,0,0,6,1,0,0,0
False,/3WK7p9EdZmmvB1IbB2Vw9Rf4lXH.jpg,"[18, 10749]",296096,en,Me Before You,"A small town girl is caught between dead-end jobs. A high-profile, successful man becomes wheelchair bound following an accident. The man decides his life is not worth living until the girl is hired for six months to be his new caretaker. Worlds apart and trapped together by circumstance, the two get off to a rocky start. But the girl becomes determined to prove to the man that life is worth living and as they embark on a series of adventures together, each finds their world changing in ways neither of them could begin to imagine.",13.8763,/Ia3dzj5LnCj1ZBdlVeJrbKJQxG.jpg,2016-06-03,Me Before You,False,7.924,12931,"[{'iso_3166_1': 'US', 'name': 'United States of America'}]",2016,"[18, 10749]",Me Before You,56245075.0,1703.0,Warner Bros.,56245075.0,56245075.0,"Drama,Romance",['US'],1,0,0,1,0,1,0,0,0,0,0,0,1,1,1,0,0,0,0,1,0,0,0,0,0,0,0,0,0,0,0,0,0,0,0,Drama,2,6,June,Summer,1,0,0,1,Memorial Day,9.0,0,0,0,1,1,9,486295561,0,High,1,1,0,0,0,0,0,0,0,me before,,,,,0,0,0,0,0,0,6,1,0,0,0
False,/tOTtJelsPKX0bvSdvDVL2ou3cGS.jpg,"[12, 10751, 14]",267935,en,The BFG,"An orphan little girl befriends a benevolent giant who takes her to Giant Country, where they attempt to stop the man-eating giants that are invading the human world.",4.9823,/vssXmCrfCiARkQ0512oG0wjh2h9.jpg,2016-07-01,The BFG,False,6.286,3541,"[{'iso_3166_1': 'IN', 'name': 'India'}, {'iso_3166_1': 'GB', 'name': 'United Kingdom'}, {'iso_3166_1': 'US', 'name': 'United States of America'}]",2016,"[12, 10751, 14]",The BFG,55483770.0,1722.0,Walt Disney Studios Motion Pictures,55483770.0,55483770.0,"Adventure,Family,Fantasy","['GB', 'US', 'IN']",1,1,0,1,1,0,0,0,0,0,0,0,1,1,0,0,0,0,1,0,0,0,0,1,1,0,0,0,0,0,0,0,0,0,0,Adventure,3,7,July,Summer,1,0,0,1,Independence Day,3.0,0,0,1,0,1,8,486295561,0,High,1,1,0,0,0,0,0,0,0,bfg,,,,,0,0,0,0,0,0,6,1,0,0,0
False,/zgckZ4VZM4UoZlwVS1Dk8mPwqiZ.jpg,[35],325133,en,Neighbors 2: Sorority Rising,A sorority moves in next door to the home of Mac and Kelly Radner who have a young child. The Radner's enlist their former nemeses from the fraternity to help battle the raucous sisters.,5.5439,/eyjcLLwxuRXACbglIbwWwaXK9DN.jpg,2016-05-20,Neighbors 2: Sorority Rising,False,5.819,4530,"[{'iso_3166_1': 'US', 'name': 'United States of America'}]",2016,[35],Neighbors 2: Sorority Rising,55455765.0,1725.0,Universal Pictures,55455765.0,55455765.0,Comedy,['US'],1,0,0,1,0,0,1,0,0,0,0,0,1,1,0,1,0,0,0,0,0,0,0,0,0,0,0,0,0,0,0,0,0,0,0,Comedy,1,5,May,Spring,1,0,0,1,Memorial Day,5.0,0,0,0,1,1,6,408084349,0,High,1,1,0,0,0,0,0,0,1,neighbors 2,0.0,,,0.0,0,0,0,1,1,1,6,1,0,0,0
False,/89ZSaf9Ofm7oDounnCOu4ktGI9e.jpg,"[27, 18, 53]",332567,en,The Shallows,"While surfing on a secluded beach, Nancy finds herself in the feeding grounds of a great white shark. Though stranded only 200 yards from shore, survival proves to be the ultimate test of wills, requiring all of her ingenuity, resourcefulness, and fortitude.",3.4248,/bnBV7hZmLuA0Si5Aop481sPF2RY.jpg,2016-06-24,The Shallows,False,6.35,5236,"[{'iso_3166_1': 'AU', 'name': 'Australia'}, {'iso_3166_1': 'ES', 'name': 'Spain'}, {'iso_3166_1': 'US', 'name': 'United States of America'}]",2016,"[27, 18, 53]",The Shallows,55124043.0,1731.0,Sony Pictures Releasing,55124043.0,55124043.0,"Horror,Drama,Thriller","['US', 'ES', 'AU']",1,0,0,1,0,0,0,1,0,0,0,0,1,1,1,0,0,1,0,0,0,1,0,0,0,0,0,0,0,0,0,0,0,0,0,Horror,3,6,June,Summer,1,0,0,1,Independence Day,10.0,0,0,1,0,1,9,486295561,0,High,1,1,0,0,0,0,0,0,0,shallows,,,,,0,0,0,0,0,0,6,1,0,0,0
False,/1uDvPjKthACQKeQBvkiJ3aSvtdh.jpg,[35],384682,en,Office Christmas Party,"When Carol Vanstone, CEO of the technology company Zenotek, expresses her intention to close the Chicago branch, run by her brother Clay, he and his co-workers organize a Christmas party in an effort to impress a potential client and save their jobs. But the party gets out of control…",4.0725,/7r3w3cPTbNEIr1imb8zXyeIJCJe.jpg,2016-12-09,Office Christmas Party,False,5.702,2151,"[{'iso_3166_1': 'US', 'name': 'United States of America'}]",2016,[35],Office Christmas Party,54767494.0,1743.0,Paramount Pictures,54767494.0,54767494.0,Comedy,['US'],1,0,0,1,0,0,0,0,1,0,0,0,1,1,0,1,0,0,0,0,0,0,0,0,0,0,0,0,0,0,0,0,0,0,0,Comedy,1,12,December,Winter,0,1,1,0,,,0,0,0,0,1,7,533539991,0,High,1,1,0,0,0,0,0,0,0,office christmas,,,,,0,0,0,0,0,0,6,1,0,0,0
False,/e29oMyfzzlWbhRlCBrzmZhlsw2m.jpg,"[28, 12, 878]",121856,en,Assassin's Creed,"Through a technology that unlocks the genetic memories of his ancestor in 15th century Spain, Callum Lynch discovers he is a descendant of an ancient line of Assassins and amasses lethal skills to take on the oppressive Templar Order.",2.5714,/kDXewoEcvbn0pUvJ8W3vfkuWgHw.jpg,2016-12-21,Assassin's Creed,False,5.43,7979,"[{'iso_3166_1': 'FR', 'name': 'France'}, {'iso_3166_1': 'GB', 'name': 'United Kingdom'}, {'iso_3166_1': 'US', 'name': 'United States of America'}]",2016,"[28, 12, 878]",Assassin's Creed,54647948.0,1753.0,Twentieth Century Fox,54647948.0,54647948.0,"Action,Adventure,Science Fiction","['GB', 'FR', 'US']",1,1,0,1,0,0,0,0,0,1,0,0,1,1,0,0,1,0,1,0,1,0,0,0,0,0,0,0,0,0,0,1,1,0,0,Action,3,12,December,Winter,0,1,1,1,Christmas,4.0,1,0,0,0,1,6,533539991,0,High,1,1,0,0,0,0,0,0,0,assassin s,,,,,0,0,0,0,0,0,6,1,0,0,0
False,/npqPlCpjdOErdbD1gJo8O5ejK76.jpg,"[35, 18]",326423,en,Barbershop: The Next Cut,"To survive harsh economic times, Calvin and Angie have merged the barbershop and beauty salon into one business. The days of male bonding are gone as Eddie and the crew must now contend with sassy female co-workers and spirited clientele. As the battle of the sexes rages on, a different kind of conflict has taken over Chicago. Crime and gangs are on the rise, leaving Calvin worried about the fate of his son. Together, the friends come up with a bold plan to take back their beloved neighborhood.",5.2532,/9mwzidlGgWfr2hcMWUKM86lOqdo.jpg,2016-04-15,Barbershop: The Next Cut,False,6.301,485,"[{'iso_3166_1': 'US', 'name': 'United States of America'}]",2016,"[35, 18]",Barbershop: The Next Cut,54058961.0,1768.0,Warner Bros.,54058961.0,54058961.0,"Comedy,Drama",['US'],1,0,0,1,0,1,0,0,0,0,0,0,1,1,1,1,0,0,0,0,0,0,0,0,0,0,0,0,0,0,0,0,0,0,0,Comedy,2,4,April,Spring,0,0,0,0,,,0,0,0,0,1,1,364001123,0,Medium,1,1,0,0,0,0,0,0,1,barbershop,0.0,,,0.0,0,0,0,0,0,0,6,1,0,0,0
False,/4kCDWJhceLHwPbRWd9uTR8bJpLz.jpg,"[28, 12, 18]",290595,en,The Huntsman: Winter's War,"As two evil sisters prepare to conquer the land, two renegades—Eric the Huntsman, who aided Snow White in defeating Ravenna in Snowwhite and the Huntsman, and his forbidden lover, Sara—set out to stop them.",9.3237,/ekHPrneEoa1EoDclWdillOKznqM.jpg,2016-04-22,The Huntsman: Winter's War,False,6.3,4948,"[{'iso_3166_1': 'US', 'name': 'United States of America'}, {'iso_3166_1': 'CN', 'name': 'China'}]",2016,"[28, 12, 18]",The Huntsman: Winter's War,48390190.0,1984.0,Universal Pictures,48390190.0,48390190.0,"Action,Adventure,Drama","['US', 'CN']",1,0,0,1,0,0,1,0,0,0,0,0,1,1,1,0,1,0,1,0,0,0,0,0,0,0,0,0,0,0,0,1,0,0,0,Action,3,4,April,Spring,0,0,0,0,,,0,0,0,0,1,3,408084349,7,High,1,1,0,0,0,0,0,0,1,huntsman,0.0,,,0.0,0,0,0,0,0,0,6,1,0,0,0
False,/riaO9lEYnzlmkILiLG3Y6HtJaM3.jpg,"[28, 12, 14]",68735,en,Warcraft,"The peaceful realm of Azeroth stands on the brink of war as its civilization faces a fearsome race of invaders: orc warriors fleeing their dying home to colonize another. As a portal opens to connect the two worlds, one army faces destruction and the other faces extinction. From opposing sides, two heroes are set on a collision course that will decide the fate of their family, their people, and their home.",6.0587,/nZIIOs06YigBnvmlJ2hxZeA8eTO.jpg,2016-06-10,Warcraft,False,6.393,7095,"[{'iso_3166_1': 'US', 'name': 'United States of America'}]",2016,"[28, 12, 14]",Warcraft,47365290.0,2028.0,Universal Pictures,47365290.0,47365290.0,"Action,Adventure,Fantasy",['US'],1,0,0,1,0,0,1,0,0,0,0,0,1,1,0,0,1,0,1,0,0,0,0,0,1,0,0,0,0,0,0,1,0,0,0,Action,3,6,June,Summer,1,0,0,0,,,0,0,0,0,1,10,486295561,0,High,1,1,0,0,0,0,0,0,0,warcraft,,,,,0,0,0,0,0,0,6,1,0,0,0
False,/bCakS265nbi6fYB3bwuzVLAsjsv.jpg,"[35, 10749]",259694,en,How to Be Single,"New York City is full of lonely hearts seeking the right match, and what Alice, Robin, Lucy, Meg, Tom and David all have in common is the need to learn how to be single in a world filled with ever-evolving definitions of love.",3.315,/a4Ce3qHqIyHM3QfGsiVTAu3YADJ.jpg,2016-02-12,How to Be Single,False,6.258,3294,"[{'iso_3166_1': 'US', 'name': 'United States of America'}]",2016,"[35, 10749]",How to Be Single,46843513.0,2051.0,Warner Bros.,46843513.0,46843513.0,"Comedy,Romance",['US'],1,0,0,1,0,1,0,0,0,0,0,0,1,1,0,1,0,0,0,1,0,0,0,0,0,0,0,0,0,0,0,0,0,1,0,Comedy,2,2,February,Winter,0,0,0,1,Presidents Day,3.0,0,0,0,0,1,2,363070709,0,Medium,1,1,0,0,0,0,0,0,0,how to,,,,,0,0,0,0,0,0,6,1,0,0,0
False,/oNoprEND25zXR6Fns8cIZUkuoMc.jpg,"[35, 80, 18]",308266,en,War Dogs,"Based on the true story of two young men, David Packouz and Efraim Diveroli, who won a $300 million contract from the Pentagon to arm America's allies in Afghanistan.",5.6401,/mDcPRjZC1bb6LavFU3gwsWdVfCM.jpg,2016-08-19,War Dogs,False,6.928,5269,"[{'iso_3166_1': 'US', 'name': 'United States of America'}]",2016,"[35, 80, 18]",War Dogs,43034523.0,2221.0,Warner Bros.,43034523.0,43034523.0,"Comedy,Crime,Drama",['US'],1,0,0,1,0,1,0,0,0,0,0,0,1,1,1,1,0,0,0,0,0,0,1,0,0,0,0,0,0,0,0,0,0,0,0,Comedy,3,8,August,Summer,1,0,0,0,,,0,0,0,0,1,3,325100054,7,High,1,1,0,0,0,0,0,0,0,war dogs,,,,,0,0,0,0,0,0,6,1,0,0,0
False,/ct5kjqyBwzH6OSxuOIluChs3FFN.jpg,"[53, 18]",303858,en,Money Monster,Financial TV host Lee Gates and his producer Patty are put in an extreme situation when an irate investor takes over their studio.,9.7388,/r0Es5M6zTFpuV2sSaYtAlzz10qw.jpg,2016-05-13,Money Monster,False,6.437,3081,"[{'iso_3166_1': 'US', 'name': 'United States of America'}]",2016,"[53, 18]",Money Monster,41012075.0,2309.0,TriStar Pictures,41012075.0,41012075.0,"Thriller,Drama",['US'],1,0,0,1,0,0,0,1,0,0,0,0,1,1,1,0,0,1,0,0,0,0,0,0,0,0,0,0,0,0,0,0,0,0,0,Thriller,2,5,May,Spring,1,0,0,0,,,0,0,0,0,1,5,408084349,7,High,1,1,0,0,0,0,0,0,0,money monster,,,,,0,0,0,0,0,0,6,1,0,0,0
False,/cdR0qwyaMfuZRfTYEixUmRnmdop.jpg,"[28, 18, 10752, 10749, 53]",369885,en,Allied,"In 1942, an intelligence officer in North Africa encounters a female French Resistance fighter on a deadly mission behind enemy lines. When they reunite in London, their relationship is tested by the pressures of war.",3.43,/sV4lXM32quwminL3TP36nlNPp7Q.jpg,2016-11-23,Allied,False,6.802,4681,"[{'iso_3166_1': 'CN', 'name': 'China'}, {'iso_3166_1': 'US', 'name': 'United States of America'}, {'iso_3166_1': 'GB', 'name': 'United Kingdom'}]",2016,"[28, 18, 10752, 10749, 53]",Allied,40098064.0,2368.0,Paramount Pictures,40098064.0,40098064.0,"Action,Drama,War,Romance,Thriller","['GB', 'US', 'CN']",1,1,0,1,0,0,0,0,1,0,0,0,1,1,1,0,1,1,0,1,0,0,0,0,0,0,0,0,0,1,0,0,0,0,0,Action,5,11,November,Fall,0,1,1,1,Thanksgiving,2.0,0,1,0,0,1,4,248757044,0,High,1,1,0,0,0,0,0,0,0,allied,,,,,0,0,0,0,0,0,6,1,0,0,0
False,/fg04CQyJzuDJ82jm2meY37n9XyE.jpg,"[9648, 12, 80]",328387,en,Nerve,"Industrious high school senior Vee Delmonico has had it with living life on the sidelines. When pressured by friends to join the popular online game Nerve, Vee decides to sign up for just one dare in what seems like harmless fun. But as she finds herself caught up in the thrill of the adrenaline-fueled competition partnered with a mysterious stranger, the game begins to take a sinister turn with increasingly dangerous acts, leading her into a high stakes finale that will determine her entire future.",3.3882,/qmSpHC0CSNyNll9WhlwWYuwoQ28.jpg,2016-07-27,Nerve,False,7.009,6932,"[{'iso_3166_1': 'HK', 'name': 'Hong Kong'}, {'iso_3166_1': 'US', 'name': 'United States of America'}]",2016,"[9648, 12, 80]",Nerve,38583626.0,2439.0,Lionsgate,38583626.0,38583626.0,"Mystery,Adventure,Crime","['HK', 'US']",1,0,0,1,0,0,0,0,0,0,0,1,1,1,0,0,0,0,1,0,0,0,1,0,0,0,1,0,0,0,0,0,0,0,0,Mystery,3,7,July,Summer,1,0,0,0,,,0,0,0,0,1,7,325100054,2,High,1,1,0,0,0,0,0,0,0,nerve,,,,,0,0,0,0,0,0,6,1,0,0,0
False,/xLRiuFeZkV9vwGMdA5AUzq1PeUn.jpg,"[35, 80, 28]",290250,en,The Nice Guys,A private eye investigates the apparent suicide of a fading porn star in 1970s Los Angeles and uncovers a conspiracy.,5.0215,/clq4So9spa9cXk3MZy2iMdqkxP2.jpg,2016-05-20,The Nice Guys,False,7.122,8366,"[{'iso_3166_1': 'US', 'name': 'United States of America'}]",2016,"[35, 80, 28]",The Nice Guys,36261763.0,2593.0,Warner Bros.,36261763.0,36261763.0,"Comedy,Crime,Action",['US'],1,0,0,1,0,1,0,0,0,0,0,0,1,1,0,1,1,0,0,0,0,0,1,0,0,0,0,0,0,0,0,0,0,0,0,Comedy,3,5,May,Spring,1,0,0,1,Memorial Day,5.0,0,0,0,1,1,7,408084349,0,High,1,1,0,0,0,0,0,0,0,nice guys,,,,,0,0,0,0,0,0,6,1,0,0,0
False,/jnnaCXTkJhwWcCJK8yZvAybrBvR.jpg,[35],291870,en,Dirty Grandpa,"Jason Kelly is one week away from marrying his boss's uber-controlling daughter, putting him on the fast track for a partnership at the law firm. However, when the straight-laced Jason is tricked into driving his foul-mouthed grandfather, Dick, to Daytona for spring break, his pending nuptials are suddenly in jeopardy. Between riotous frat parties, bar fights, and an epic night of karaoke, Dick is on a quest to live his life to the fullest and bring Jason along for the ride.",8.7105,/k0Lz1TfSlbcQthQKYGwE7blDfwN.jpg,2016-01-22,Dirty Grandpa,False,5.935,4513,"[{'iso_3166_1': 'US', 'name': 'United States of America'}, {'iso_3166_1': 'DE', 'name': 'Germany'}]",2016,[35],Dirty Grandpa,35593113.0,2632.0,Lionsgate,35593113.0,35593113.0,Comedy,"['US', 'DE']",1,0,0,1,0,0,0,0,0,0,0,1,1,1,0,1,0,0,0,0,0,0,0,0,0,0,0,0,0,0,0,0,0,0,0,Comedy,1,1,January,Winter,0,0,0,1,Martin Luther King Jr. Day,7.0,0,0,0,0,1,1,143528619,7,Medium,0,1,0,0,0,0,0,0,0,dirty grandpa,,,,,0,0,0,0,0,0,6,1,0,0,0
False,/hqrwXs3KqPuU5rWoconbmQUn6rh.jpg,"[878, 12, 28]",299687,en,The 5th Wave,16-year-old Cassie Sullivan tries to survive in a world devastated by the waves of an alien invasion that has already decimated the population and knocked mankind back to the Stone Age.,4.2892,/ja34BV577dtjWl2S5G1tB93IjYb.jpg,2016-01-15,The 5th Wave,False,5.938,5907,"[{'iso_3166_1': 'US', 'name': 'United States of America'}]",2016,"[878, 12, 28]",The 5th Wave,34916787.0,2679.0,Sony Pictures Releasing,34916787.0,34916787.0,"Science Fiction,Adventure,Action",['US'],1,0,0,1,0,0,0,1,0,0,0,0,1,1,0,0,1,0,1,0,1,0,0,0,0,0,0,0,0,0,0,1,1,0,0,Science Fiction,3,1,January,Winter,0,0,0,1,Martin Luther King Jr. Day,0.0,0,0,0,0,1,1,143528619,14,Medium,0,0,0,0,0,0,0,0,0,5th wave,,,,,0,0,0,0,0,0,6,1,0,0,0
False,/bYSzeJpAHOBMRNJStaubwWwKI72.jpg,"[9648, 53, 28]",207932,en,Inferno,"After waking up in a hospital with amnesia, professor Robert Langdon and a doctor must race against time to foil a deadly global plot.",4.1174,/cnqvFvjAaV28F1tU7986VVg0WP7.jpg,2016-10-28,Inferno,False,6.084,6486,"[{'iso_3166_1': 'US', 'name': 'United States of America'}]",2016,"[9648, 53, 28]",Inferno,34343574.0,2712.0,Sony Pictures Releasing,34343574.0,34343574.0,"Mystery,Thriller,Action",['US'],1,0,0,1,0,0,0,1,0,0,0,0,1,1,0,0,1,1,0,0,0,0,0,0,0,0,1,0,0,0,0,0,0,0,0,Mystery,3,10,October,Fall,0,0,1,0,,,0,0,0,0,1,6,232641920,7,High,1,1,0,0,0,0,0,0,0,inferno,,,,,0,0,0,0,0,0,6,1,0,0,0
False,/pl2zr5efo9Dz1fi2gpsslGwEQm.jpg,"[28, 12, 14]",205584,en,Gods of Egypt,A common thief joins a mythical god on a quest through Egypt.,5.0821,/hzH7fwaTyQNITLo40Hu3R7cVMqv.jpg,2016-02-26,Gods of Egypt,False,5.69,4251,"[{'iso_3166_1': 'AU', 'name': 'Australia'}, {'iso_3166_1': 'HK', 'name': 'Hong Kong'}, {'iso_3166_1': 'US', 'name': 'United States of America'}]",2016,"[28, 12, 14]",Gods of Egypt,31153464.0,2943.0,Lionsgate,31153464.0,31153464.0,"Action,Adventure,Fantasy","['HK', 'US', 'AU']",1,0,0,1,0,0,0,0,0,0,0,1,1,1,0,0,1,0,1,0,0,0,0,0,1,0,0,0,0,0,0,1,0,0,0,Action,3,2,February,Winter,0,0,0,0,,,0,0,0,0,1,4,363070709,7,High,1,1,0,0,0,0,0,0,0,gods egypt,,,,,0,0,0,0,0,0,6,1,0,0,0
False,/iovi35nPfjbYTw2gRo7uImWblRU.jpg,"[18, 10749]",345920,en,Collateral Beauty,"Retreating from life after a tragedy, a man questions the universe by writing to Love, Time and Death. Receiving unexpected answers, he begins to see how these things interlock and how even loss can reveal moments of meaning and beauty.",2.6508,/4vfqosgik5pLb32RpskYifp8PWJ.jpg,2016-12-16,Collateral Beauty,False,7.218,5488,"[{'iso_3166_1': 'US', 'name': 'United States of America'}]",2016,"[18, 10749]",Collateral Beauty,31016021.0,2952.0,Warner Bros.,31016021.0,31016021.0,"Drama,Romance",['US'],1,0,0,1,0,1,0,0,0,0,0,0,1,1,1,0,0,0,0,1,0,0,0,0,0,0,0,0,0,0,0,0,0,0,0,Drama,2,12,December,Winter,0,1,1,1,Christmas,9.0,1,0,0,0,1,7,533539991,0,High,1,1,0,0,0,0,0,0,0,collateral beauty,,,,,0,0,0,0,0,0,6,1,0,0,0
False,/zIUigIht3f9osNGyleF6B3jBbl7.jpg,"[35, 80, 18, 9648, 36]",270487,en,"Hail, Caesar!","When a Hollywood star mysteriously disappears in the middle of filming, the studio sends their fixer to get him back.",2.2727,/ozY79UvbYvJUWFg2UCM1CDQ7rBl.jpg,2016-02-05,"Hail, Caesar!",False,5.932,3918,"[{'iso_3166_1': 'GB', 'name': 'United Kingdom'}, {'iso_3166_1': 'US', 'name': 'United States of America'}]",2016,"[35, 80, 18, 9648, 36]","Hail, Caesar!",30498085.0,2986.0,Universal Pictures,30498085.0,30498085.0,"Comedy,Crime,Drama,Mystery,History","['GB', 'US']",1,1,0,1,0,0,1,0,0,0,0,0,1,1,1,1,0,0,0,0,0,0,1,0,0,0,1,1,0,0,0,0,0,0,0,Comedy,5,2,February,Winter,0,0,0,1,Presidents Day,10.0,0,0,0,0,1,2,363070709,7,Medium,1,1,0,0,0,0,0,0,0,hail caesar,,,,,0,0,0,0,0,0,6,1,0,0,0
False,/vjGYFfG8Amm019QoSB9csEZC4X2.jpg,"[18, 53]",335791,en,When the Bough Breaks,A surrogate mother harbors a deadly secret desire for a family of her own with the husband who is expecting to raise her child.,3.7123,/4QqhN9jZkY33yMvknGI4YpM3TYv.jpg,2016-09-09,When the Bough Breaks,False,5.816,424,"[{'iso_3166_1': 'US', 'name': 'United States of America'}]",2016,"[18, 53]",When the Bough Breaks,29747603.0,3046.0,Screen Gems,29747603.0,29747603.0,"Drama,Thriller",['US'],1,0,0,1,0,0,0,1,0,0,0,0,1,1,1,0,0,1,0,0,0,0,0,0,0,0,0,0,0,0,0,0,0,0,0,Drama,2,9,September,Fall,0,0,0,1,Labor Day,8.0,0,0,0,1,1,4,125070033,0,High,0,1,0,0,0,0,0,0,0,when bough,,,,,0,0,0,0,0,0,6,1,0,0,0
False,/4ANhwN1jr5EGwHS0M13AH5Fs3NH.jpg,"[35, 12, 28]",329833,en,Zoolander 2,Derek and Hansel are modelling again when an opposing company attempts to take them out from the business.,2.7489,/n8AJzALlTPBwe9Tkv3tdxbiAr9i.jpg,2016-02-12,Zoolander 2,False,4.92,2320,"[{'iso_3166_1': 'US', 'name': 'United States of America'}, {'iso_3166_1': 'IT', 'name': 'Italy'}]",2016,"[35, 12, 28]",Zoolander 2,28848693.0,3090.0,Paramount Pictures,28848693.0,28848693.0,"Comedy,Adventure,Action","['IT', 'US']",1,0,0,1,0,0,0,0,1,0,0,0,1,1,0,1,1,0,1,0,0,0,0,0,0,0,0,0,0,0,0,1,0,0,0,Comedy,3,2,February,Winter,0,0,0,1,Presidents Day,3.0,0,0,0,0,1,2,363070709,0,Medium,1,1,0,0,0,0,0,0,1,zoolander 2,0.0,,,0.0,0,0,0,0,0,0,6,1,0,0,0
False,/soW3KH0OWzTooeXPm624mMfXI0X.jpg,"[28, 18, 36, 53]",300673,en,The Finest Hours,The Coast Guard makes a daring rescue attempt off the coast of Cape Cod after a pair of oil tankers are destroyed during a blizzard in 1952.,4.246,/6UG91TJ4DKI6FGdqXZfDBeRZHX8.jpg,2016-01-29,The Finest Hours,False,6.601,1686,"[{'iso_3166_1': 'US', 'name': 'United States of America'}]",2016,"[28, 18, 36, 53]",The Finest Hours,27569558.0,3169.0,Walt Disney Studios Motion Pictures,27569558.0,27569558.0,"Action,Drama,History,Thriller",['US'],1,0,0,1,1,0,0,0,0,0,0,0,1,1,1,0,1,1,0,0,0,0,0,0,0,0,0,1,0,0,0,0,0,0,0,Action,4,1,January,Winter,0,0,0,0,,,0,0,0,0,1,2,363070709,0,Medium,1,1,0,0,0,0,0,0,0,finest hours,,,,,0,0,0,0,0,0,6,1,0,0,0
False,/55C8p02S7fLXHT8zlRjAA0j14bd.jpg,"[37, 80, 18]",338766,en,Hell or High Water,A divorced dad and his ex-con brother resort to a desperate scheme in order to save their family's farm in West Texas.,3.8663,/ljRRxqy2aXIkIBXLmOVifcOR021.jpg,2016-08-12,Hell or High Water,False,7.3,4710,"[{'iso_3166_1': 'US', 'name': 'United States of America'}]",2016,"[37, 80, 18]",Hell or High Water,27007844.0,3208.0,Lionsgate,27007844.0,27007844.0,"Western,Crime,Drama",['US'],1,0,0,1,0,0,0,0,0,0,0,1,1,1,1,0,0,0,0,0,0,0,1,0,0,0,0,0,0,0,1,0,0,0,0,Western,3,8,August,Summer,1,0,0,0,,,0,0,0,0,1,5,325100054,0,High,1,1,0,0,0,0,0,0,0,hell or,,,,,0,0,0,0,0,0,6,1,0,0,0
False,/qcquSEEdkKeXDmyKvrAKWznk2Cs.jpg,"[28, 36, 12, 18]",271969,en,Ben-Hur,A falsely accused nobleman survives years of slavery to take vengeance on his best friend who betrayed him.,2.9164,/c9CoGrBA5yw8A7YBMz0hGzfzpNq.jpg,2016-08-19,Ben-Hur,False,5.757,1745,"[{'iso_3166_1': 'US', 'name': 'United States of America'}]",2016,"[28, 36, 12, 18]",Ben-Hur,26410477.0,3255.0,Paramount Pictures,26410477.0,26410477.0,"Action,History,Adventure,Drama",['US'],1,0,0,1,0,0,0,0,1,0,0,0,1,1,1,0,1,0,1,0,0,0,0,0,0,0,0,1,0,0,0,1,0,0,0,Action,4,8,August,Summer,1,0,0,0,,,0,0,0,0,1,3,325100054,7,High,1,1,0,0,0,0,0,0,0,ben,,,,,0,0,0,0,0,0,6,1,0,0,0
False,/hTReEn9kCeZLxgQmC46hQszLKSq.jpg,"[18, 35, 10749]",95610,en,Bridget Jones's Baby,"After breaking up, Bridget Jones' happily-ever-after hasn't quite gone according to plan. Fortysomething and single again, she decides to focus on her job and surround herself with old friends and new. For once, Bridget has everything completely under control. Then her love life takes a turn when she meets Jack. A week later, she runs into Mark before she finds herself pregnant, but with one hitch - she's not sure of the identity of her baby's father - Mark or Jack.",2.7333,/5hHomngoPZrNoXOPlyaHV6eXaQW.jpg,2016-09-16,Bridget Jones's Baby,False,6.408,3032,"[{'iso_3166_1': 'FR', 'name': 'France'}, {'iso_3166_1': 'GB', 'name': 'United Kingdom'}]",2016,"[18, 35, 10749]",Bridget Jones's Baby,24252420.0,3440.0,Universal Pictures,24252420.0,24252420.0,"Drama,Comedy,Romance","['GB', 'FR']",0,1,0,1,0,0,1,0,0,0,0,0,1,1,1,1,0,0,0,1,0,0,0,0,0,0,0,0,0,0,0,0,0,1,0,Drama,3,9,September,Fall,0,0,0,0,,,0,0,0,0,1,5,125070033,7,High,0,1,0,0,0,0,0,0,0,bridget jones,,,,,0,0,0,0,0,0,6,1,0,0,0
False,/7295GnkwMbNcHLEXkQkLNIWNa39.jpg,"[35, 18, 10752]",279641,en,Whiskey Tango Foxtrot,"In 2002, cable news producer Kim Barker decides to shake up her routine by taking a daring new assignment in Kabul, Afghanistan. Dislodged from her comfortable American lifestyle, Barker finds herself in the middle of an out-of-control war zone. Luckily, she meets Tanya Vanderpoel, a fellow journalist who takes the shell-shocked reporter under her wing. Amid the militants, warlords and nighttime partying, Barker discovers the key to becoming a successful correspondent.",3.3642,/xhWbp0lCig5vkdFZPiOGNRL9oMf.jpg,2016-03-04,Whiskey Tango Foxtrot,False,6.311,1014,"[{'iso_3166_1': 'US', 'name': 'United States of America'}]",2016,"[35, 18, 10752]",Whiskey Tango Foxtrot,23083334.0,3525.0,Paramount Pictures,23083334.0,23083334.0,"Comedy,Drama,War",['US'],1,0,0,1,0,0,0,0,1,0,0,0,1,1,1,1,0,0,0,0,0,0,0,0,0,0,0,0,0,1,0,0,0,0,0,Comedy,3,3,March,Spring,0,0,0,0,,,0,0,0,0,1,4,341268248,0,High,1,1,0,0,0,0,0,0,0,whiskey tango,,,,,0,0,0,0,0,0,6,1,0,0,0
False,/3f5rBEc6ioRBO2CATDt4sKjEJnY.jpg,"[28, 80, 53]",278924,en,Mechanic: Resurrection,"Arthur Bishop thought he had put his murderous past behind him when his most formidable foe kidnaps the love of his life. Now he is forced to travel the globe to complete three impossible assassinations, and do what he does best, make them look like accidents.",5.7392,/bG3Q6EFcngpPn7uPuQTzTuq9DgV.jpg,2016-08-26,Mechanic: Resurrection,False,6.033,3545,"[{'iso_3166_1': 'US', 'name': 'United States of America'}, {'iso_3166_1': 'DE', 'name': 'Germany'}, {'iso_3166_1': 'FR', 'name': 'France'}]",2016,"[28, 80, 53]",Mechanic: Resurrection,21218403.0,3709.0,Lionsgate,21218403.0,21218403.0,"Action,Crime,Thriller","['FR', 'US', 'DE']",1,0,0,1,0,0,0,0,0,0,0,1,1,1,0,0,1,1,0,0,0,0,1,0,0,0,0,0,0,0,0,0,0,0,0,Action,3,8,August,Summer,1,0,0,1,Labor Day,6.0,0,0,0,1,1,3,125070033,0,High,0,1,0,0,0,0,0,0,1,mechanic,29121498.0,29121498.0,29121498.0,1.0,0,0,0,0,0,0,6,1,0,0,0
False,/bqBtjT11WMPaX6RY6jkGBFz2HfS.jpg,"[12, 16, 35, 10751]",276905,en,Norm of the North,"Polar bear Norm and his three Arctic lemming buddies are forced out into the world once their icy home begins melting and breaking apart. Landing in New York, Norm begins life anew as a performing corporate mascot, only to discover that his new employers are directly responsible for the destruction of his polar home.",4.6677,/ouaoVSV7aOSWTNnQ9iDA1jw0pgg.jpg,2016-01-15,Norm of the North,False,4.649,353,"[{'iso_3166_1': 'IN', 'name': 'India'}, {'iso_3166_1': 'IE', 'name': 'Ireland'}, {'iso_3166_1': 'US', 'name': 'United States of America'}]",2016,"[12, 16, 35, 10751]",Norm of the North,17062499.0,4199.0,Lionsgate,17062499.0,17062499.0,"Adventure,Animation,Comedy,Family","['US', 'IE', 'IN']",1,1,0,1,0,0,0,0,0,0,0,1,1,1,0,1,0,0,1,0,0,0,0,1,0,1,0,0,0,0,0,0,0,0,1,Adventure,4,1,January,Winter,0,0,0,1,Martin Luther King Jr. Day,0.0,0,0,0,0,1,1,143528619,14,Medium,0,0,0,0,0,0,0,0,0,norm north,,,,,0,0,0,0,0,0,6,1,0,0,0
False,/sKJOOzIR5oMiCeXC7gBxXgIDz9p.jpg,"[28, 80, 878]",302156,en,Criminal,"CIA Agent Bill Pope is on a mission to track down a shadowy hacker named 'The Dutchman'. When he gets mysteriously killed, an experimental procedure transfers his memories into a dangerous ex-convict. When he wakes up Pope's memories, his mission is to eliminate The Dutchman before the hacker launches ICBMs and starts World War III.",3.5384,/hn6HmGTopbbxv4Myy2IwGWxViFP.jpg,2016-04-15,Criminal,False,6.21,1821,"[{'iso_3166_1': 'BG', 'name': 'Bulgaria'}, {'iso_3166_1': 'FR', 'name': 'France'}, {'iso_3166_1': 'GB', 'name': 'United Kingdom'}, {'iso_3166_1': 'US', 'name': 'United States of America'}]",2016,"[28, 80, 878]",Criminal,14708696.0,4517.0,Lionsgate,14708696.0,14708696.0,"Action,Crime,Science Fiction","['BG', 'GB', 'FR', 'US']",1,1,0,1,0,0,0,0,0,0,0,1,1,1,0,0,1,0,0,0,1,0,1,0,0,0,0,0,0,0,0,0,1,0,0,Action,3,4,April,Spring,0,0,0,0,,,0,0,0,0,1,2,364001123,0,Medium,1,1,0,0,0,0,0,0,0,criminal,,,,,0,0,0,0,0,0,6,1,0,0,0
False,/oWiKZjVuR1UHy68sHHXVHO6Fk00.jpg,"[10749, 35]",378200,en,The Perfect Match,"Charlie is a charming playboy who doesn't believe in serious relationships. His best friends bet him that if he sticks to one woman for one month, he's bound to get attached. Charlie denies this yet accepts the seemingly easy challenge, until he cross paths with the beautiful and mysterious Eva. They may agree to a casual affair, but eventually Charlie is questioning whether he may actually want more.",3.5665,/sAiF9gKhb3gPbnp9g5nNhrfTqpL.jpg,2016-03-11,The Perfect Match,False,5.534,205,"[{'iso_3166_1': 'US', 'name': 'United States of America'}]",2016,"[10749, 35]",The Perfect Match,9669521.0,5321.0,Lionsgate,9669521.0,9669521.0,"Romance,Comedy",['US'],1,0,0,1,0,0,0,0,0,0,0,1,1,1,0,1,0,0,0,1,0,0,0,0,0,0,0,0,0,0,0,0,0,1,0,Romance,2,3,March,Spring,0,0,0,0,,,0,0,0,0,1,5,341268248,0,High,1,1,0,0,0,0,0,0,0,perfect match,,,,,0,0,0,0,0,0,6,1,0,0,0
False,/nUUKoiMSRa82cxoltjhSpVNpFXO.jpg,"[35, 10402]",341012,en,Popstar: Never Stop Never Stopping,"When his new album fails to sell records, pop/rap superstar Conner4real goes into a major tailspin and watches his celebrity high life begin to collapse. He'll try anything to bounce back, anything except reuniting with his old rap group The Style Boyz.",4.3799,/jBZeZZNjYBUU21zFvBnin5n62bv.jpg,2016-06-03,Popstar: Never Stop Never Stopping,False,6.59,1325,"[{'iso_3166_1': 'US', 'name': 'United States of America'}]",2016,"[35, 10402]",Popstar: Never Stop Never Stopping,9639125.0,5326.0,Universal Pictures,9639125.0,9639125.0,"Comedy,Music",['US'],1,0,0,1,0,0,1,0,0,0,0,0,1,1,0,1,0,0,0,0,0,0,0,0,0,0,0,0,1,0,0,0,0,0,0,Comedy,2,6,June,Summer,1,0,0,1,Memorial Day,9.0,0,0,0,1,1,10,486295561,0,High,1,1,0,0,0,0,0,0,1,popstar,0.0,,,0.0,0,0,0,0,0,0,6,1,0,0,0
False,/k6OumxPkrJ4KuirkOU0Gw1KhzdM.jpg,"[27, 53]",364116,en,The Other Side of the Door,"Grieving over the loss of her son, a mother struggles with her feelings for her daughter and her husband. She seeks out a ritual that allows her say goodbye to her dead child, opening the veil between the world of the dead and the living. Her daughter becomes the focus of terror. She must now protect against the evil that was once her beloved son.",3.5759,/z5HubVaGLp1EXQbEXhg6hbEYee9.jpg,2016-03-11,The Other Side of the Door,False,5.556,871,"[{'iso_3166_1': 'IN', 'name': 'India'}, {'iso_3166_1': 'GB', 'name': 'United Kingdom'}]",2016,"[27, 53]",The Other Side of the Door,3000342.0,7172.0,Twentieth Century Fox,3000342.0,3000342.0,"Horror,Thriller","['GB', 'IN']",0,1,0,1,0,0,0,0,0,1,0,0,1,1,0,0,0,1,0,0,0,1,0,0,0,0,0,0,0,0,0,0,0,0,0,Horror,2,3,March,Spring,0,0,0,0,,,0,0,0,0,1,5,341268248,0,High,1,1,0,0,0,0,0,0,0,other side,,,,,0,0,0,0,0,0,6,1,0,0,0
False,/5Iw7zQTHVRBOYpA0V6z0yypOPZh.jpg,"[12, 28, 878]",181808,en,Star Wars: The Last Jedi,"Rey develops her newly discovered abilities with the guidance of Luke Skywalker, who is unsettled by the strength of her powers. Meanwhile, the Resistance prepares to do battle with the First Order.",8.9554,/ySaaKHOLAQU5HoZqWmzDIj1VvZ1.jpg,2017-12-15,Star Wars: The Last Jedi,False,6.765,15959,"[{'iso_3166_1': 'US', 'name': 'United States of America'}]",2017,"[12, 28, 878]",Star Wars: The Last Jedi,620181382.0,15.0,Walt Disney Studios Motion Pictures,620181382.0,620181382.0,"Adventure,Action,Science Fiction",['US'],1,0,0,1,1,0,0,0,0,0,0,0,1,1,0,0,1,0,1,0,1,0,0,0,0,0,0,0,0,0,0,1,1,0,0,Adventure,3,12,December,Winter,0,1,1,1,Christmas,10.0,1,0,0,0,1,7,404540171,0,High,1,1,0,0,1,0,0,0,1,star wars,936662225.0,936662225.0,936662225.0,1.0,0,0,0,0,0,1,7,1,0,0,0
False,/uU1Mt4JWhDvl4vKb3AfxNsorkoM.jpg,"[10751, 14, 10749]",321612,en,Beauty and the Beast,A live-action adaptation of Disney's version of the classic tale of a cursed prince and a beautiful young woman who helps him break the spell.,11.7518,/hKegSKIDep2ewJWPUQD7u0KqFIp.jpg,2017-03-17,Beauty and the Beast,False,6.968,15847,"[{'iso_3166_1': 'US', 'name': 'United States of America'}]",2017,"[10751, 14, 10749]",Beauty and the Beast,504481165.0,22.0,Walt Disney Studios Motion Pictures,504481165.0,504481165.0,"Family,Fantasy,Romance",['US'],1,0,0,1,1,0,0,0,0,0,0,0,1,1,0,0,0,0,0,1,0,0,0,1,1,0,0,0,0,0,0,0,0,0,0,Family,3,3,March,Spring,0,0,0,0,,,0,0,0,0,1,5,226277068,7,High,1,1,0,0,0,0,0,0,0,beauty beast,,,,,1,0,0,0,1,1,7,1,0,0,0
False,/AaABt75ZzfMGrscUR2seabz4PEX.jpg,"[28, 12, 14]",297762,en,Wonder Woman,An Amazon princess comes to the world of Man in the grips of the First World War to confront the forces of evil and bring an end to human conflict.,14.6865,/v4ncgZjG2Zu8ZW5al1vIZTsSjqX.jpg,2017-06-02,Wonder Woman,False,7.213,20585,"[{'iso_3166_1': 'US', 'name': 'United States of America'}]",2017,"[28, 12, 14]",Wonder Woman,412845172.0,44.0,Warner Bros.,412845172.0,412845172.0,"Action,Adventure,Fantasy",['US'],1,0,0,1,0,1,0,0,0,0,0,0,1,1,0,0,1,0,1,0,0,0,0,0,1,0,0,0,0,0,0,1,0,0,0,Action,3,6,June,Summer,1,0,0,1,Memorial Day,8.0,0,0,0,1,1,6,172558876,0,High,0,1,0,1,0,0,0,0,0,wonder woman,,,,,0,0,1,0,0,1,7,1,0,0,0
False,/rz3TAyd5kmiJmozp3GUbYeB5Kep.jpg,"[12, 35, 14, 28]",353486,en,Jumanji: Welcome to the Jungle,"Four teenagers in detention discover an old video game console with a game they’ve never heard of. When they decide to play, they are immediately sucked into the jungle world of Jumanji in the bodies of their avatars. They’ll have to complete the adventure of their lives filled with fun, thrills and danger or be stuck in the game forever!",6.399,/pSgXKPU5h6U89ipF7HBYajvYt7j.jpg,2017-12-20,Jumanji: Welcome to the Jungle,False,6.818,14174,"[{'iso_3166_1': 'US', 'name': 'United States of America'}]",2017,"[12, 35, 14, 28]",Jumanji: Welcome to the Jungle,404540171.0,51.0,Sony Pictures Releasing,404540171.0,404540171.0,"Adventure,Comedy,Fantasy,Action",['US'],1,0,0,1,0,0,0,1,0,0,0,0,1,1,0,1,1,0,1,0,0,0,0,0,1,0,0,0,0,0,0,1,0,0,0,Adventure,4,12,December,Winter,0,1,1,1,Christmas,5.0,1,0,0,0,1,5,620181382,0,High,1,1,0,0,0,0,0,0,1,jumanji,0.0,,,0.0,0,1,0,0,1,1,7,1,0,0,0
False,/aJn9XeesqsrSLKcHfHP4u5985hn.jpg,"[878, 12, 28]",283995,en,Guardians of the Galaxy Vol. 2,The Guardians must fight to keep their newfound family together as they unravel the mysteries of Peter Quill's true parentage.,13.5257,/y4MBh0EjBlMuOzv9axM4qJlmhzz.jpg,2017-05-05,Guardians of the Galaxy Vol. 2,False,7.611,22463,"[{'iso_3166_1': 'US', 'name': 'United States of America'}]",2017,"[878, 12, 28]",Guardians of the Galaxy Vol. 2,389813101.0,55.0,Walt Disney Studios Motion Pictures,389813101.0,389813101.0,"Science Fiction,Adventure,Action",['US'],1,0,0,1,1,0,0,0,0,0,0,0,1,1,0,0,1,0,1,0,1,0,0,0,0,0,0,0,0,0,0,1,1,0,0,Science Fiction,3,5,May,Spring,1,0,0,0,,,0,0,0,0,1,1,74262031,14,Medium,0,0,1,0,0,0,0,0,1,guardians galaxy,333718600.0,333718600.0,333718600.0,1.0,0,0,1,0,0,1,7,1,0,0,0
False,/fn4n6uOYcB6Uh89nbNPoU2w80RV.jpg,"[28, 12, 878]",315635,en,Spider-Man: Homecoming,"Following the events of Captain America: Civil War, Peter Parker, with the help of his mentor Tony Stark, tries to balance his life as an ordinary high school student in Queens, New York City, with fighting crime as his superhero alter ego Spider-Man as a new threat, the Vulture, emerges.",17.6,/c24sv2weTHPsmDa7jEMN0m2P3RT.jpg,2017-07-07,Spider-Man: Homecoming,False,7.329,22682,"[{'iso_3166_1': 'US', 'name': 'United States of America'}]",2017,"[28, 12, 878]",Spider-Man: Homecoming,334952829.0,86.0,Sony Pictures Releasing,334952829.0,334952829.0,"Action,Adventure,Science Fiction",['US'],1,0,0,1,0,0,0,1,0,0,0,0,1,1,0,0,1,0,1,0,1,0,0,0,0,0,0,0,0,0,0,1,1,0,0,Action,3,7,July,Summer,1,0,0,1,Independence Day,3.0,0,0,1,0,1,5,264624300,7,High,1,1,1,0,0,0,0,0,1,spider,0.0,,,0.0,0,0,1,0,0,1,7,1,0,0,0
False,/qVGpxnjrGlHaSTCqTQI6viBDSfp.jpg,"[27, 53]",346364,en,It,"In a small town in Maine, seven children known as The Losers Club come face to face with life problems, bullies and a monster that takes the shape of a clown called Pennywise.",55.9228,/9E2y5Q7WlCVNEhP5GiVTjhEhx1o.jpg,2017-09-08,It,False,7.238,19913,"[{'iso_3166_1': 'US', 'name': 'United States of America'}]",2017,"[27, 53]",It,328874981.0,92.0,Warner Bros.,328874981.0,328874981.0,"Horror,Thriller",['US'],1,0,0,1,0,1,0,0,0,0,0,0,1,1,0,0,0,1,0,0,0,1,0,0,0,0,0,0,0,0,0,0,0,0,0,Horror,2,9,September,Fall,0,0,0,1,Labor Day,7.0,0,0,0,1,1,2,100234838,14,Medium,0,0,0,0,0,0,0,0,0,it,,,,,0,0,0,0,0,0,7,1,0,0,0
False,/6G2fLCVm9fiLyHvBrccq6GSe2ih.jpg,"[28, 12, 878, 35]",284053,en,Thor: Ragnarok,"Thor is imprisoned on the other side of the universe and finds himself in a race against time to get back to Asgard to stop Ragnarok, the destruction of his home-world and the end of Asgardian civilization, at the hands of a powerful new threat, the ruthless Hela.",11.2195,/rzRwTcFvttcN1ZpX2xv4j3tSdJu.jpg,2017-11-03,Thor: Ragnarok,False,7.583,21578,"[{'iso_3166_1': 'US', 'name': 'United States of America'}]",2017,"[28, 12, 878, 35]",Thor: Ragnarok,315058289.0,104.0,Walt Disney Studios Motion Pictures,315058289.0,315058289.0,"Action,Adventure,Science Fiction,Comedy",['US'],1,0,0,1,1,0,0,0,0,0,0,0,1,1,0,1,1,0,1,0,1,0,0,0,0,0,0,0,0,0,0,1,1,0,0,Action,4,11,November,Fall,0,1,1,1,Veterans Day,8.0,0,0,0,0,1,5,229024295,2,High,1,1,1,0,0,0,0,0,1,thor,387392764.0,206362140.0,193696382.0,2.0,0,0,1,0,0,1,7,1,0,0,0
False,/7JGfZGooHS4uHRHuYpfWLAcCNsE.jpg,"[28, 16, 35, 10751, 12]",324852,en,Despicable Me 3,Gru and his wife Lucy must stop former '80s child star Balthazar Bratt from achieving world domination.,5.8115,/6t3YWl7hrr88lCEFlGVqW5yV99R.jpg,2017-06-30,Despicable Me 3,False,6.464,7479,"[{'iso_3166_1': 'US', 'name': 'United States of America'}]",2017,"[28, 16, 35, 10751, 12]",Despicable Me 3,264624300.0,146.0,Universal Pictures,264624300.0,264624300.0,"Action,Animation,Comedy,Family,Adventure",['US'],1,0,0,1,0,0,1,0,0,0,0,0,1,1,0,1,1,0,1,0,0,0,0,1,0,1,0,0,0,0,0,1,0,0,1,Action,5,6,June,Summer,1,0,0,1,Independence Day,4.0,0,0,1,0,1,5,334952829,2,High,1,1,0,0,0,0,0,1,1,despicable me,619749200.0,368065385.0,309874600.0,2.0,0,1,0,0,1,1,7,1,0,0,0
False,/2nyaeISu2xIxIgZYNpX4UayY8PN.jpg,"[28, 12, 878]",141052,en,Justice League,"Fuelled by his restored faith in humanity and inspired by Superman's selfless act, Bruce Wayne and Diana Prince assemble a team of metahumans consisting of Barry Allen, Arthur Curry and Victor Stone to face the catastrophic threat of Steppenwolf and the Parademons who are on the hunt for three Mother Boxes on Earth.",9.0211,/eifGNCSDuxJeS1loAXil5bIGgvC.jpg,2017-11-17,Justice League,False,6.074,13420,"[{'iso_3166_1': 'US', 'name': 'United States of America'}]",2017,"[28, 12, 878]",Justice League,229024295.0,191.0,Warner Bros.,229024295.0,229024295.0,"Action,Adventure,Science Fiction",['US'],1,0,0,1,0,1,0,0,0,0,0,0,1,1,0,0,1,0,1,0,1,0,0,0,0,0,0,0,0,0,0,1,1,0,0,Action,3,11,November,Fall,0,1,1,1,Veterans Day,6.0,0,0,0,0,1,8,315058289,0,High,1,1,0,1,0,0,0,0,0,justice league,,,,,0,0,1,0,0,1,7,1,0,0,0
False,/4DZxWNSAyksN6N3JkvpJ53Yq6zU.jpg,"[28, 18, 878]",263115,en,Logan,"In the near future, a weary Logan cares for an ailing Professor X in a hideout on the Mexican border. But Logan's attempts to hide from the world and his legacy are upended when a young mutant arrives, pursued by dark forces.",15.2498,/fnbjcRDYn6YviCcePDnGdyAkYsB.jpg,2017-03-03,Logan,False,7.819,20000,"[{'iso_3166_1': 'US', 'name': 'United States of America'}]",2017,"[28, 18, 878]",Logan,226277068.0,197.0,Twentieth Century Fox,226277068.0,226277068.0,"Action,Drama,Science Fiction",['US'],1,0,0,1,0,0,0,0,0,1,0,0,1,1,1,0,1,0,0,0,1,0,0,0,0,0,0,0,0,0,0,0,1,0,0,Action,3,3,March,Spring,0,0,0,0,,,0,0,0,0,1,4,504481165,0,High,1,1,0,0,0,0,0,1,1,logan,0.0,,,0.0,0,0,1,0,0,1,7,1,0,0,0
False,/3IJ8kG8i84PncXkSovu0PaZQfjM.jpg,"[28, 80, 53]",337339,en,The Fate of the Furious,"When a mysterious woman seduces Dom into the world of crime and a betrayal of those closest to him, the crew face trials that will test them as never before.",7.1463,/dImWM7GJqryWJO9LHa3XQ8DD5NH.jpg,2017-04-14,The Fate of the Furious,False,6.859,10632,"[{'iso_3166_1': 'US', 'name': 'United States of America'}]",2017,"[28, 80, 53]",The Fate of the Furious,226008385.0,199.0,Universal Pictures,226008385.0,226008385.0,"Action,Crime,Thriller",['US'],1,0,0,1,0,0,1,0,0,0,0,0,1,1,0,0,1,1,0,0,0,0,1,0,0,0,0,0,0,0,0,0,0,0,0,Action,3,4,April,Spring,0,0,0,0,,,0,0,0,0,1,1,175003033,14,Medium,0,0,0,0,0,1,0,0,1,fate furious,0.0,,,0.0,0,0,0,0,0,1,7,1,0,0,0
False,/wSJHuSD7ojzoXifWjOAjxV7UpEL.jpg,"[10751, 16, 10402, 12]",354912,en,Coco,"Despite his family’s baffling generations-old ban on music, Miguel dreams of becoming an accomplished musician like his idol, Ernesto de la Cruz. Desperate to prove his talent, Miguel finds himself in the stunning and colorful Land of the Dead following a mysterious chain of events. Along the way, he meets charming trickster Hector, and together, they set off on an extraordinary journey to unlock the real story behind Miguel's family history.",15.2322,/6Ryitt95xrO8KXuqRGm1fUuNwqF.jpg,2017-11-22,Coco,False,8.2,20495,"[{'iso_3166_1': 'US', 'name': 'United States of America'}]",2017,"[10751, 16, 10402, 12]",Coco,210460015.0,233.0,Walt Disney Studios Motion Pictures,210460015.0,210460015.0,"Family,Animation,Music,Adventure",['US'],1,0,0,1,1,0,0,0,0,0,0,0,1,1,0,0,0,0,1,0,0,0,0,1,0,1,0,0,1,0,0,0,0,0,1,Family,4,11,November,Fall,0,1,1,1,Thanksgiving,3.0,0,1,0,0,1,7,229024295,0,High,1,1,0,0,0,0,0,0,0,coco,,,,,0,0,0,0,0,0,7,1,0,0,0
False,/ddIkmH3TpR6XSc47jj0BrGK5Rbz.jpg,"[10752, 28, 18]",374720,en,Dunkirk,"The story of the miraculous evacuation of Allied soldiers from Belgium, Britain, Canada and France, who were cut off and surrounded by the German army from the beaches and harbour of Dunkirk between May 26th and June 4th 1940 during World War II.",9.1266,/b4Oe15CGLL61Ped0RAS9JpqdmCt.jpg,2017-07-19,Dunkirk,False,7.451,17173,"[{'iso_3166_1': 'GB', 'name': 'United Kingdom'}, {'iso_3166_1': 'US', 'name': 'United States of America'}]",2017,"[10752, 28, 18]",Dunkirk,189740665.0,280.0,Warner Bros.,189740665.0,189740665.0,"War,Action,Drama","['GB', 'US']",1,1,0,1,0,1,0,0,0,0,0,0,1,1,1,0,1,0,0,0,0,0,0,0,0,0,0,0,0,1,0,0,0,0,0,War,3,7,July,Summer,1,0,0,0,,,0,0,0,0,1,5,334952829,2,High,1,1,0,0,0,0,0,0,0,dunkirk,,,,,0,0,0,0,0,0,7,1,0,0,0
False,/bBQHALHRAaaORlPNXv7fNcRXYdx.jpg,"[9648, 53, 27]",419430,en,Get Out,"Chris and his girlfriend Rose go upstate to visit her parents for the weekend. At first, Chris reads the family's overly accommodating behavior as nervous attempts to deal with their daughter's interracial relationship, but as the weekend progresses, a series of increasingly disturbing discoveries lead him to a truth that he never could have imagined.",8.7542,/tFXcEccSQMf3lfhfXKSU9iRBpa3.jpg,2017-02-24,Get Out,False,7.621,18367,"[{'iso_3166_1': 'US', 'name': 'United States of America'}]",2017,"[9648, 53, 27]",Get Out,176196665.0,331.0,Universal Pictures,176196665.0,176196665.0,"Mystery,Thriller,Horror",['US'],1,0,0,1,0,0,1,0,0,0,0,0,1,1,0,0,0,1,0,0,0,1,0,0,0,0,1,0,0,0,0,0,0,0,0,Mystery,3,2,February,Winter,0,0,0,1,Presidents Day,9.0,0,0,0,0,1,6,226277068,7,High,1,1,0,0,0,0,0,0,0,get out,,,,,0,0,0,0,0,0,7,1,0,0,0
False,/eoMushgujydxFplE9yPZ54lwOvo.jpg,"[16, 28, 35, 10751]",324849,en,The Lego Batman Movie,"A cooler-than-ever Bruce Wayne must deal with the usual suspects as they plan to rule Gotham City, while discovering that he has accidentally adopted a teenage orphan who wishes to become his sidekick.",4.9467,/snGwr2gag4Fcgx2OGmH9otl6ofW.jpg,2017-02-10,The Lego Batman Movie,False,7.234,5263,"[{'iso_3166_1': 'AU', 'name': 'Australia'}, {'iso_3166_1': 'DK', 'name': 'Denmark'}, {'iso_3166_1': 'US', 'name': 'United States of America'}]",2017,"[16, 28, 35, 10751]",The Lego Batman Movie,175936671.0,332.0,Warner Bros.,175936671.0,175936671.0,"Animation,Action,Comedy,Family","['US', 'AU', 'DK']",1,0,0,1,0,1,0,0,0,0,0,0,1,1,0,1,1,0,0,0,0,0,0,1,0,1,0,0,0,0,0,0,0,0,1,Animation,4,2,February,Winter,0,0,0,1,Presidents Day,5.0,0,0,0,0,1,4,176196665,0,High,0,1,0,0,0,0,0,0,0,lego batman,,,,,0,1,1,0,1,1,7,1,0,0,0
False,/bTFeSwh07oX99ofpDI4O2WkiFJ.jpg,"[16, 35, 10751]",295693,en,The Boss Baby,"A story about how a new baby's arrival impacts a family, told from the point of view of a delightfully unreliable narrator, a wildly imaginative 7 year old named Tim.",2.8036,/unPB1iyEeTBcKiLg8W083rlViFH.jpg,2017-03-31,The Boss Baby,False,6.457,7334,"[{'iso_3166_1': 'US', 'name': 'United States of America'}]",2017,"[16, 35, 10751]",The Boss Baby,175003033.0,334.0,Twentieth Century Fox,175003033.0,175003033.0,"Animation,Comedy,Family",['US'],1,0,0,1,0,0,0,0,0,1,0,0,1,1,0,1,0,0,0,0,0,0,0,1,0,1,0,0,0,0,0,0,0,0,1,Animation,3,3,March,Spring,0,0,0,0,,,0,0,0,0,1,3,504481165,7,High,1,1,0,0,0,0,0,0,0,boss baby,,,,,0,0,0,0,0,0,7,1,0,0,0
False,/lrNKm3HNvGdZoAfiBKu7b04FLHN.jpg,[18],316029,en,The Greatest Showman,"The story of American showman P.T. Barnum, founder of the circus that became the famous traveling Ringling Bros. and Barnum & Bailey Circus.",7.6279,/b9CeobiihCx1uG1tpw8hXmpi7nm.jpg,2017-12-20,The Greatest Showman,False,7.869,9833,"[{'iso_3166_1': 'US', 'name': 'United States of America'}]",2017,[18],The Greatest Showman,174340174.0,339.0,Twentieth Century Fox,174340174.0,174340174.0,Drama,['US'],1,0,0,1,0,0,0,0,0,1,0,0,1,1,1,0,0,0,0,0,0,0,0,0,0,0,0,0,0,0,0,0,0,0,0,Drama,1,12,December,Winter,0,1,1,1,Christmas,5.0,1,0,0,0,1,5,620181382,0,High,1,1,0,0,0,0,0,0,0,greatest showman,,,,,0,0,0,0,0,0,7,1,0,0,0
False,/7C921eWK06n12c1miRXnYoEu5Yv.jpg,"[12, 28, 14]",166426,en,Pirates of the Caribbean: Dead Men Tell No Tales,"Thrust into an all-new adventure, a down-on-his-luck Capt. Jack Sparrow feels the winds of ill-fortune blowing even more strongly when deadly ghost sailors led by his old nemesis, the evil Capt. Salazar, escape from the Devil's Triangle. Jack's only hope of survival lies in seeking out the legendary Trident of Poseidon, but to find it, he must forge an uneasy alliance with a brilliant and beautiful astronomer and a headstrong young man in the British navy.",9.5278,/qwoGfcg6YUS55nUweKGujHE54Wy.jpg,2017-05-26,Pirates of the Caribbean: Dead Men Tell No Tales,False,6.653,12519,"[{'iso_3166_1': 'US', 'name': 'United States of America'}]",2017,"[12, 28, 14]",Pirates of the Caribbean: Dead Men Tell No Tales,172558876.0,347.0,Walt Disney Studios Motion Pictures,172558876.0,172558876.0,"Adventure,Action,Fantasy",['US'],1,0,0,1,1,0,0,0,0,0,0,0,1,1,0,0,1,0,1,0,0,0,0,0,1,0,0,0,0,0,0,1,0,0,0,Adventure,3,5,May,Spring,1,0,0,1,Memorial Day,1.0,0,0,0,1,1,5,412845172,0,High,1,1,0,0,0,0,0,0,1,pirates caribbean,241071802.0,241071802.0,241071802.0,1.0,0,0,0,0,0,0,7,1,0,0,0
False,/nVodCGKYLpqNC8YwQAbivKlWCgZ.jpg,"[28, 12, 14]",293167,en,Kong: Skull Island,"Explore the mysterious and dangerous home of the king of the apes as a team of explorers ventures deep inside the treacherous, primordial island.",7.4556,/r2517Vz9EhDhj88qwbDVj8DCRZN.jpg,2017-03-10,Kong: Skull Island,False,6.551,10899,"[{'iso_3166_1': 'CN', 'name': 'China'}, {'iso_3166_1': 'US', 'name': 'United States of America'}]",2017,"[28, 12, 14]",Kong: Skull Island,168052812.0,365.0,Warner Bros.,168052812.0,168052812.0,"Action,Adventure,Fantasy","['US', 'CN']",1,0,0,1,0,1,0,0,0,0,0,0,1,1,0,0,1,0,1,0,0,0,0,0,1,0,0,0,0,0,0,1,0,0,0,Action,3,3,March,Spring,0,0,0,0,,,0,0,0,0,1,5,504481165,7,High,1,1,0,0,0,0,0,0,1,kong,0.0,,,0.0,0,0,0,0,0,0,7,1,0,0,0
False,/86TlYSntBzD4pxLNM6U3GoOfGdD.jpg,"[16, 12, 35, 10751]",260514,en,Cars 3,"Blindsided by a new generation of blazing-fast racers, the legendary Lightning McQueen is suddenly pushed out of the sport he loves. To get back in the game, he will need the help of an eager young race technician with her own plan to win, inspiration from the late Fabulous Hudson Hornet, and a few unexpected turns. Proving that #95 isn't through yet will test the heart of a champion on Piston Cup Racing’s biggest stage!",21.5427,/fyy1nDC8wm553FCiBDojkJmKLCs.jpg,2017-06-16,Cars 3,False,6.854,6213,"[{'iso_3166_1': 'US', 'name': 'United States of America'}]",2017,"[16, 12, 35, 10751]",Cars 3,152901115.0,431.0,Walt Disney Studios Motion Pictures,152901115.0,152901115.0,"Animation,Adventure,Comedy,Family",['US'],1,0,0,1,1,0,0,0,0,0,0,0,1,1,0,1,0,0,1,0,0,0,0,1,0,1,0,0,0,0,0,0,0,0,1,Animation,4,6,June,Summer,1,0,0,0,,,0,0,0,0,1,6,412845172,5,High,1,1,0,0,0,0,0,0,1,cars 3,0.0,,,0.0,0,0,0,0,0,0,7,1,0,0,0
False,/w22CTHxmdAsUrXRbCQt4gOSOD6E.jpg,"[18, 878, 10752]",281338,en,War for the Planet of the Apes,"Caesar and his apes are forced into a deadly conflict with an army of humans led by a ruthless Colonel. After the apes suffer unimaginable losses, Caesar wrestles with his darker instincts and begins his own mythic quest to avenge his kind. As the journey finally brings them face to face, Caesar and the Colonel are pitted against each other in an epic battle that will determine the fate of both their species and the future of the planet.",13.9414,/mMA1qhBFgZX8O36qPPTC016kQl1.jpg,2017-07-14,War for the Planet of the Apes,False,7.213,9475,"[{'iso_3166_1': 'US', 'name': 'United States of America'}]",2017,"[18, 878, 10752]",War for the Planet of the Apes,146880162.0,458.0,Twentieth Century Fox,146880162.0,146880162.0,"Drama,Science Fiction,War",['US'],1,0,0,1,0,0,0,0,0,1,0,0,1,1,1,0,0,0,0,0,1,0,0,0,0,0,0,0,0,1,0,0,0,0,0,Drama,3,7,July,Summer,1,0,0,1,Independence Day,10.0,0,0,1,0,1,6,334952829,5,High,1,1,0,0,0,0,0,1,1,war for,0.0,,,0.0,0,0,0,0,0,1,7,1,0,0,0
False,/9pkZesKMnblFfKxEhQx45YQ2kIe.jpg,"[27, 53]",381288,en,Split,"Though Kevin has evidenced 23 personalities to his trusted psychiatrist, Dr. Fletcher, there remains one still submerged who is set to materialize and dominate all the others. Compelled to abduct three teenage girls led by the willful, observant Casey, Kevin reaches a war for survival among all of those contained within him — as well as everyone around him — as the walls between his compartments shatter apart.",8.3445,/lli31lYTFpvxVBeFHWoe5PMfW5s.jpg,2017-01-20,Split,False,7.343,18003,"[{'iso_3166_1': 'US', 'name': 'United States of America'}]",2017,"[27, 53]",Split,138291365.0,510.0,Universal Pictures,138291365.0,138291365.0,"Horror,Thriller",['US'],1,0,0,1,0,0,1,0,0,0,0,0,1,1,0,0,0,1,0,0,0,1,0,0,0,0,0,0,0,0,0,0,0,0,0,Horror,2,1,January,Winter,0,0,0,1,Martin Luther King Jr. Day,5.0,0,0,0,0,1,1,64508620,7,Medium,0,1,0,0,0,0,0,1,1,split,0.0,,,0.0,0,0,0,0,0,1,7,1,0,0,0
False,/ce6HzPfxRRcLk5QRLcdExeVpsA1.jpg,"[10751, 18]",406997,en,Wonder,"The story of August Pullman – a boy with facial differences – who enters fifth grade, attending a mainstream elementary school for the first time.",6.2502,/sONh3LYGFcVDTy8pm1tbSOB13Li.jpg,2017-11-17,Wonder,False,8.111,8113,"[{'iso_3166_1': 'HK', 'name': 'Hong Kong'}, {'iso_3166_1': 'US', 'name': 'United States of America'}]",2017,"[10751, 18]",Wonder,132422809.0,544.0,Lionsgate,132422809.0,132422809.0,"Family,Drama","['HK', 'US']",1,0,0,1,0,0,0,0,0,0,0,1,1,1,1,0,0,0,0,0,0,0,0,1,0,0,0,0,0,0,0,0,0,0,0,Family,2,11,November,Fall,0,1,1,1,Veterans Day,6.0,0,0,0,0,1,8,315058289,0,High,1,1,0,0,0,0,0,0,0,wonder,,,,,0,0,0,0,0,0,7,1,0,0,0
False,/1n00NlOGRFZVs8coBxyZLm5l4EC.jpg,"[28, 12, 878]",335988,en,Transformers: The Last Knight,"Humans and Transformers are at war. Optimus Prime is gone. The key to saving our future lies buried in the secrets of the past, in the hidden history of Transformers on Earth. Saving our world falls upon the shoulders of an unlikely alliance: Cade Yeager; Bumblebee; an English Lord; and an Oxford Professor.",7.5048,/s5HQf2Gb3lIO2cRcFwNL9sn1o1o.jpg,2017-06-21,Transformers: The Last Knight,False,6.054,6550,"[{'iso_3166_1': 'US', 'name': 'United States of America'}]",2017,"[28, 12, 878]",Transformers: The Last Knight,130168683.0,560.0,Paramount Pictures,130168683.0,130168683.0,"Action,Adventure,Science Fiction",['US'],1,0,0,1,0,0,0,0,1,0,0,0,1,1,0,0,1,0,1,0,1,0,0,0,0,0,0,0,0,0,0,1,1,0,0,Action,3,6,June,Summer,1,0,0,0,,,0,0,0,0,1,4,264624300,5,High,1,1,0,0,0,0,0,0,1,transformers,597829619.0,245439076.0,298914809.5,2.0,0,1,0,0,1,1,7,1,0,0,0
False,/nWKOp57cAzdgGXZ2BN5AElVfujN.jpg,"[35, 10749, 12]",417870,en,Girls Trip,"Four girlfriends take a trip to New Orleans for an annual festival and, along the way, rediscover their wild sides and strengthen the bonds of sisterhood.",4.5647,/mdsHCFt2PeZacEr38y2p5RRf6Hl.jpg,2017-07-21,Girls Trip,False,6.821,1544,"[{'iso_3166_1': 'US', 'name': 'United States of America'}]",2017,"[35, 10749, 12]",Girls Trip,115171585.0,684.0,Universal Pictures,115171585.0,115171585.0,"Comedy,Romance,Adventure",['US'],1,0,0,1,0,0,1,0,0,0,0,0,1,1,0,1,0,0,1,1,0,0,0,0,0,0,0,0,0,0,0,0,0,1,0,Comedy,3,7,July,Summer,1,0,0,0,,,0,0,0,0,1,6,334952829,2,High,1,1,0,0,0,0,0,0,0,girls trip,,,,,0,0,0,0,0,0,7,1,0,0,0
False,/16aJtXO6lObbBUr11IvkjB1QD1f.jpg,"[18, 10749]",341174,en,Fifty Shades Darker,"When a wounded Christian Grey tries to entice a cautious Ana Steele back into his life, she demands a new arrangement before she will give him another chance. As the two begin to build trust and find stability, shadowy figures from Christian’s past start to circle the couple, determined to destroy their hopes for a future together.",6.035,/w3qa274gvca9t8pkUoG8nfQgTU3.jpg,2017-02-10,Fifty Shades Darker,False,6.475,7845,"[{'iso_3166_1': 'JP', 'name': 'Japan'}, {'iso_3166_1': 'US', 'name': 'United States of America'}]",2017,"[18, 10749]",Fifty Shades Darker,114581250.0,688.0,Universal Pictures,114581250.0,114581250.0,"Drama,Romance","['US', 'JP']",1,0,0,1,0,0,1,0,0,0,0,0,1,1,1,0,0,0,0,1,0,0,0,0,0,0,0,0,0,0,0,0,0,0,0,Drama,2,2,February,Winter,0,0,0,1,Presidents Day,5.0,0,0,0,0,1,4,176196665,0,High,0,1,0,0,0,0,0,0,0,fifty shades,,,,,0,0,0,0,0,0,7,1,0,0,0
False,/oVD3ClJBoomSQHtnJPAlMfes8YD.jpg,"[28, 80]",339403,en,Baby Driver,"After being coerced into working for a crime boss, a young getaway driver finds himself taking part in a heist doomed to fail.",9.5815,/tYzFuYXmT8LOYASlFCkaPiAFAl0.jpg,2017-06-28,Baby Driver,False,7.445,16438,"[{'iso_3166_1': 'GB', 'name': 'United Kingdom'}, {'iso_3166_1': 'US', 'name': 'United States of America'}]",2017,"[28, 80]",Baby Driver,107825862.0,750.0,TriStar Pictures,107825862.0,107825862.0,"Action,Crime","['GB', 'US']",1,1,0,1,0,0,0,1,0,0,0,0,1,1,0,0,1,0,0,0,0,0,1,0,0,0,0,0,0,0,0,0,0,0,0,Action,2,6,June,Summer,1,0,0,1,Independence Day,6.0,0,0,1,0,1,4,334952829,2,High,1,1,0,0,0,0,0,0,0,baby driver,,,,,0,0,0,0,0,0,7,1,0,0,0
False,/cjD6ww2qIEIAD2hT1zH3zlsd8hk.jpg,"[35, 10402]",353616,en,Pitch Perfect 3,"After the highs of winning the world championships, the Bellas find themselves split apart and discovering there aren't job prospects for making music with your mouth. But when they get the chance to reunite for an overseas USO tour, this group of awesome nerds will come together to make some music, and some questionable decisions, one last time.",3.4312,/v4tbRRX0OSOHcgz2869rEjcBwOJ.jpg,2017-12-22,Pitch Perfect 3,False,6.51,3405,"[{'iso_3166_1': 'US', 'name': 'United States of America'}]",2017,"[35, 10402]",Pitch Perfect 3,104897530.0,779.0,Universal Pictures,104897530.0,104897530.0,"Comedy,Music",['US'],1,0,0,1,0,0,1,0,0,0,0,0,1,1,0,1,0,0,0,0,0,0,0,0,0,0,0,0,1,0,0,0,0,0,0,Comedy,2,12,December,Winter,0,1,1,1,Christmas,3.0,1,0,0,0,1,6,620181382,0,High,1,1,0,0,0,0,0,0,1,pitch perfect,249594323.0,184296230.0,124797161.5,2.0,0,0,0,0,0,0,7,1,0,0,0
False,/wGQZepzZbZpzZW7a4aTZyAu8huy.jpg,[35],419680,en,Daddy's Home 2,"Father and stepfather Dusty and Brad join forces to make Christmastime perfect for the children. Their newfound partnership soon gets put to the test when Dusty's old-school, macho dad and Brad's gentle father arrive to turn the holiday upside down. After a sudden change in plans, the four men decide to take the kids to a luxury resort for a fun-filled getaway that turns into a hilarious and chaotic adventure.",10.4705,/rF2IoKL0IFmumEXQFUuB8LajTYP.jpg,2017-11-10,Daddy's Home 2,False,6.308,2661,"[{'iso_3166_1': 'US', 'name': 'United States of America'}]",2017,[35],Daddy's Home 2,104029443.0,786.0,Paramount Pictures,104029443.0,104029443.0,Comedy,['US'],1,0,0,1,0,0,0,0,1,0,0,0,1,1,0,1,0,0,0,0,0,0,0,0,0,0,0,0,0,0,0,0,0,0,0,Comedy,1,11,November,Fall,0,1,1,1,Veterans Day,1.0,0,0,0,0,1,7,315058289,0,High,1,1,0,0,0,0,0,0,1,daddy s,150357137.0,150357137.0,150357137.0,1.0,0,0,0,0,0,0,7,1,0,0,0
False,/IQyEvPTYvrzsa7qstRj6VLQupr.jpg,"[9648, 18, 80]",392044,en,Murder on the Orient Express,Genius Belgian detective Hercule Poirot investigates the murder of an American tycoon aboard the Orient Express train.,6.9846,/7GtdJU6iAg6fjQu3E3zta3bIAQh.jpg,2017-11-10,Murder on the Orient Express,False,6.703,10320,"[{'iso_3166_1': 'US', 'name': 'United States of America'}]",2017,"[9648, 18, 80]",Murder on the Orient Express,102826543.0,800.0,Twentieth Century Fox,102826543.0,102826543.0,"Mystery,Drama,Crime",['US'],1,0,0,1,0,0,0,0,0,1,0,0,1,1,1,0,0,0,0,0,0,0,1,0,0,0,1,0,0,0,0,0,0,0,0,Mystery,3,11,November,Fall,0,1,1,1,Veterans Day,1.0,0,0,0,0,1,7,315058289,0,High,1,1,0,0,0,0,0,0,0,murder on,,,,,0,0,0,0,0,0,7,1,0,0,0
False,/o8u0NyEigCEaZHBdCYTRfXR8U4i.jpg,[27],396422,en,Annabelle: Creation,"Several years after the tragic death of their little girl, a doll maker and his wife welcome a nun and several girls from a shuttered orphanage into their home, soon becoming the target of the doll maker's possessed creation—Annabelle.",5.1933,/tb86j8jVCVsdZnzf8I6cIi65IeM.jpg,2017-08-11,Annabelle: Creation,False,6.604,5879,"[{'iso_3166_1': 'US', 'name': 'United States of America'}]",2017,[27],Annabelle: Creation,102092201.0,815.0,Warner Bros.,102092201.0,102092201.0,Horror,['US'],1,0,0,1,0,1,0,0,0,0,0,0,1,1,0,0,0,0,0,0,0,1,0,0,0,0,0,0,0,0,0,0,0,0,0,Horror,1,8,August,Summer,1,0,0,0,,,0,0,0,0,1,3,75468583,7,High,0,1,0,0,0,0,0,1,1,annabelle,84284252.0,84284252.0,84284252.0,1.0,0,0,0,0,0,1,7,1,0,0,0
False,/eVHVwP71el20fofkCHo78ebQv7Q.jpg,"[28, 12, 35, 80]",343668,en,Kingsman: The Golden Circle,"When an attack on the Kingsman headquarters takes place and a new villain rises, Eggsy and Merlin are forced to work together with the American agency known as the Statesman to save the world.",6.717,/34xBL6BXNYFqtHO9zhcgoakS4aP.jpg,2017-09-22,Kingsman: The Golden Circle,False,6.951,10873,"[{'iso_3166_1': 'GB', 'name': 'United Kingdom'}, {'iso_3166_1': 'US', 'name': 'United States of America'}]",2017,"[28, 12, 35, 80]",Kingsman: The Golden Circle,100234838.0,858.0,Twentieth Century Fox,100234838.0,100234838.0,"Action,Adventure,Comedy,Crime","['GB', 'US']",1,1,0,1,0,0,0,0,0,1,0,0,1,1,0,1,1,0,1,0,0,0,1,0,0,0,0,0,0,0,0,1,0,0,0,Action,4,9,September,Fall,0,0,0,0,,,0,0,0,0,1,4,328874981,0,High,1,1,0,0,0,0,0,0,1,kingsman,128261724.0,128261724.0,128261724.0,1.0,0,0,0,0,0,0,7,1,0,0,0
False,/mVr0UiqyltcfqxbAUcLl9zWL8ah.jpg,"[878, 18]",335984,en,Blade Runner 2049,"Thirty years after the events of the first film, a new blade runner, LAPD Officer K, unearths a long-buried secret that has the potential to plunge what's left of society into chaos. K's discovery leads him on a quest to find Rick Deckard, a former LAPD blade runner who has been missing for 30 years.",15.1168,/gajva2L0rPYkEWjzgFlBXCAVBE5.jpg,2017-10-06,Blade Runner 2049,False,7.587,14609,"[{'iso_3166_1': 'CA', 'name': 'Canada'}, {'iso_3166_1': 'GB', 'name': 'United Kingdom'}, {'iso_3166_1': 'US', 'name': 'United States of America'}]",2017,"[878, 18]",Blade Runner 2049,92071675.0,937.0,Warner Bros.,92071675.0,92071675.0,"Science Fiction,Drama","['CA', 'GB', 'US']",1,1,1,1,0,1,0,0,0,0,0,0,1,1,1,0,0,0,0,0,1,0,0,0,0,0,0,0,0,0,0,0,0,0,0,Science Fiction,2,10,October,Fall,0,0,1,1,Columbus Day,4.0,0,0,0,0,1,4,100234838,7,High,0,1,0,0,0,0,0,1,1,blade runner,0.0,,,0.0,0,0,0,0,0,1,7,1,0,0,0
False,/r17jFHAemzcWPPtoO0UxjIX0xas.jpg,"[28, 53, 80]",324552,en,John Wick: Chapter 2,"John Wick is forced out of retirement by a former associate looking to seize control of a shadowy international assassins’ guild. Bound by a blood oath to aid him, Wick travels to Rome and does battle against some of the world’s most dangerous killers.",10.4745,/hXWBc0ioZP3cN4zCu6SN3YHXZVO.jpg,2017-02-10,John Wick: Chapter 2,False,7.339,13847,"[{'iso_3166_1': 'US', 'name': 'United States of America'}]",2017,"[28, 53, 80]",John Wick: Chapter 2,92029184.0,938.0,Lionsgate,92029184.0,92029184.0,"Action,Thriller,Crime",['US'],1,0,0,1,0,0,0,0,0,0,0,1,1,1,0,0,1,1,0,0,0,0,1,0,0,0,0,0,0,0,0,0,0,0,0,Action,3,2,February,Winter,0,0,0,1,Presidents Day,5.0,0,0,0,0,1,4,176196665,0,High,0,1,0,0,0,0,0,1,1,john wick,43037835.0,43037835.0,43037835.0,1.0,0,0,0,0,0,1,7,1,0,0,0
False,/kTrgxhRSj2sun89bDbnGCPBiey6.jpg,"[16, 10751, 35]",378236,en,The Emoji Movie,"Gene, a multi-expressional emoji, sets out on a journey to become a normal emoji.",4.0668,/60bTx5z9zL1AqCjZ0gmWoRMJ6Bb.jpg,2017-07-23,The Emoji Movie,False,5.413,3238,"[{'iso_3166_1': 'US', 'name': 'United States of America'}]",2017,"[16, 10751, 35]",The Emoji Movie,86089513.0,1011.0,Sony Pictures Releasing,86089513.0,86089513.0,"Animation,Family,Comedy",['US'],1,0,0,1,0,0,0,1,0,0,0,0,1,1,0,1,0,0,0,0,0,0,0,1,0,1,0,0,0,0,0,0,0,0,1,Animation,3,7,July,Summer,1,0,0,0,,,0,0,0,0,1,5,189740665,2,High,0,1,0,0,0,0,0,0,0,emoji movie,,,,,0,0,0,0,0,0,7,1,0,0,0
False,/2vcdZBbf7sPPzIHfN5ial24UbxK.jpg,"[28, 12, 878]",305470,en,Power Rangers,"Five ordinary teens must become something extraordinary when they learn that their small town of Angel Grove — and the world — is on the verge of being obliterated by an alien threat. Chosen by destiny, our heroes quickly discover they are the only ones who can save the planet. But to do so, they will have to overcome their real-life issues and before it’s too late, band together as the Power Rangers.",3.7724,/bKYKyyIv5YnisxjZtDreWtYA386.jpg,2017-03-24,Power Rangers,False,6.256,4548,"[{'iso_3166_1': 'US', 'name': 'United States of America'}, {'iso_3166_1': 'HK', 'name': 'Hong Kong'}]",2017,"[28, 12, 878]",Power Rangers,85364450.0,1022.0,Lionsgate,85364450.0,85364450.0,"Action,Adventure,Science Fiction","['HK', 'US']",1,0,0,1,0,0,0,0,0,0,0,1,1,1,0,0,1,0,1,0,1,0,0,0,0,0,0,0,0,0,0,1,1,0,0,Action,3,3,March,Spring,0,0,0,0,,,0,0,0,0,1,3,504481165,7,High,1,1,0,0,0,0,0,0,0,power rangers,,,,,0,0,0,0,0,0,7,1,0,0,0
False,/sTOhZruocNubL0HxjvdouwCEL9I.jpg,"[16, 10751, 12, 35]",364689,en,Ferdinand,"Ferdinand, a little bull, prefers sitting quietly under a cork tree just smelling the flowers versus jumping around, snorting, and butting heads with other bulls. As Ferdinand grows big and strong, his temperament remains mellow, but one day five men come to choose the ""biggest, fastest, roughest bull"" for the bullfights in Madrid and Ferdinand is mistakenly chosen.  Based on the classic 1936 children's book by Munro Leaf.",5.7588,/rMm94JsRfcOPiPVsTRcBiiVBOhz.jpg,2017-12-15,Ferdinand,False,7.221,3009,"[{'iso_3166_1': 'US', 'name': 'United States of America'}]",2017,"[16, 10751, 12, 35]",Ferdinand,84410380.0,1039.0,Twentieth Century Fox,84410380.0,84410380.0,"Animation,Family,Adventure,Comedy",['US'],1,0,0,1,0,0,0,0,0,1,0,0,1,1,0,1,0,0,1,0,0,0,0,1,0,1,0,0,0,0,0,0,0,0,1,Animation,4,12,December,Winter,0,1,1,1,Christmas,10.0,1,0,0,0,1,7,620181382,0,High,1,1,0,0,0,0,0,0,0,ferdinand,,,,,0,0,0,0,0,0,7,1,0,0,0
False,/i4ZougHEyBAboDpi6jsaTUDTjUl.jpg,"[14, 53, 28, 12, 27]",282035,en,The Mummy,"Though safely entombed in a crypt deep beneath the unforgiving desert, an ancient queen whose destiny was unjustly taken from her is awakened in our current day, bringing with her malevolence grown over millennia, and terrors that defy human comprehension.",5.1703,/zxkY8byBnCsXodEYpK8tmwEGXBI.jpg,2017-06-09,The Mummy,False,5.518,7478,"[{'iso_3166_1': 'US', 'name': 'United States of America'}]",2017,"[14, 53, 28, 12, 27]",The Mummy,80227895.0,1116.0,Universal Pictures,80227895.0,80227895.0,"Fantasy,Thriller,Action,Adventure,Horror",['US'],1,0,0,1,0,0,1,0,0,0,0,0,1,1,0,0,1,1,1,0,0,1,0,0,1,0,0,0,0,0,0,1,0,0,0,Fantasy,5,6,June,Summer,1,0,0,0,,,0,0,0,0,1,6,412845172,7,High,1,1,0,0,0,0,0,0,0,mummy,,,,,0,0,0,0,0,0,7,1,0,0,0
False,/uTQ6UAAdLdZwcmXmchIZJB7Jg64.jpg,"[28, 35, 80, 53]",390043,en,The Hitman's Bodyguard,"The world’s top bodyguard gets a new client, a hitman who must testify at the International Court of Justice. They must put their differences aside and work together to make it to the trial on time.",4.0838,/5CGjlz2vyBhW5xHW4eNOZIdgzYq.jpg,2017-08-18,The Hitman's Bodyguard,False,6.892,6487,"[{'iso_3166_1': 'BG', 'name': 'Bulgaria'}, {'iso_3166_1': 'CA', 'name': 'Canada'}, {'iso_3166_1': 'FR', 'name': 'France'}, {'iso_3166_1': 'HK', 'name': 'Hong Kong'}, {'iso_3166_1': 'US', 'name': 'United States of America'}, {'iso_3166_1': 'GB', 'name': 'United Kingdom'}]",2017,"[28, 35, 80, 53]",The Hitman's Bodyguard,75468583.0,1203.0,Lionsgate,75468583.0,75468583.0,"Action,Comedy,Crime,Thriller","['BG', 'CA', 'GB', 'FR', 'HK', 'US']",1,1,1,1,0,0,0,0,0,0,0,1,1,1,0,1,1,1,0,0,0,0,1,0,0,0,0,0,0,0,0,0,0,0,0,Action,4,8,August,Summer,1,0,0,0,,,0,0,0,0,1,2,102092201,7,Medium,0,1,0,0,0,0,0,0,0,hitman s,,,,,0,0,0,0,0,0,7,1,0,0,0
False,/iXXPaQPfQowpQ5UvhsHLj9BgFhe.jpg,"[27, 878, 53]",126889,en,Alien: Covenant,"The crew of the colony ship Covenant, bound for a remote planet on the far side of the galaxy, discovers what they think is an uncharted paradise but is actually a dark, dangerous world.",6.3821,/zecMELPbU5YMQpC81Z8ImaaXuf9.jpg,2017-05-19,Alien: Covenant,False,6.165,9155,"[{'iso_3166_1': 'US', 'name': 'United States of America'}]",2017,"[27, 878, 53]",Alien: Covenant,74262031.0,1222.0,Twentieth Century Fox,74262031.0,74262031.0,"Horror,Science Fiction,Thriller",['US'],1,0,0,1,0,0,0,0,0,1,0,0,1,1,0,0,0,1,0,0,1,1,0,0,0,0,0,0,0,0,0,0,0,0,0,Horror,3,5,May,Spring,1,0,0,1,Memorial Day,6.0,0,0,0,1,1,5,412845172,7,High,1,1,0,0,0,0,0,0,1,alien,0.0,,,0.0,0,0,0,0,0,0,7,1,0,0,0
False,/5ceIqlRzWH4x1IPU9OfjXHO2Kz6.jpg,"[10751, 35, 16, 878]",268531,en,Captain Underpants: The First Epic Movie,"Based on the bestselling book series, this outrageous comedy tells the story of George and Harold,  two overly imaginative pranksters who hypnotize their principal into thinking he’s an enthusiastic, yet dimwitted, superhero named Captain Underpants.",3.4974,/vKSmaPct5OEeMoD8ue30RisHlKD.jpg,2017-06-02,Captain Underpants: The First Epic Movie,False,6.268,1308,"[{'iso_3166_1': 'US', 'name': 'United States of America'}]",2017,"[10751, 35, 16, 878]",Captain Underpants: The First Epic Movie,73921000.0,1228.0,Twentieth Century Fox,73921000.0,73921000.0,"Family,Comedy,Animation,Science Fiction",['US'],1,0,0,1,0,0,0,0,0,1,0,0,1,1,0,1,0,0,0,0,1,0,0,1,0,1,0,0,0,0,0,0,0,0,1,Family,4,6,June,Summer,1,0,0,1,Memorial Day,8.0,0,0,0,1,1,6,412845172,0,High,1,1,0,0,0,0,0,0,1,captain underpants,0.0,,,0.0,0,0,0,0,0,0,7,1,0,0,0
False,/sLjeApi5odpyEoCzAnbr5DycL3z.jpg,"[12, 35, 14, 10751, 18]",381289,en,A Dog's Purpose,A dog goes on quest to discover his purpose in life over the course of several lifetimes with multiple owners.,3.9247,/3jcNvhtVQe5Neoffdic39fRactM.jpg,2017-01-27,A Dog's Purpose,False,7.6,3458,"[{'iso_3166_1': 'IN', 'name': 'India'}, {'iso_3166_1': 'US', 'name': 'United States of America'}]",2017,"[12, 35, 14, 10751, 18]",A Dog's Purpose,64508620.0,1454.0,Universal Pictures,64508620.0,64508620.0,"Adventure,Comedy,Fantasy,Family,Drama","['US', 'IN']",1,0,0,1,0,0,1,0,0,0,0,0,1,1,1,1,0,0,1,0,0,0,0,1,1,0,0,0,0,0,0,0,0,0,0,Adventure,5,1,January,Winter,0,0,0,0,,,0,0,0,0,1,4,175936671,7,High,0,1,0,0,0,0,0,0,0,dog s,,,,,0,0,0,0,0,0,7,1,0,0,0
False,/abirSHwWgKajV3hXhaIR5lcCIXe.jpg,"[18, 14, 10749]",399055,en,The Shape of Water,"An other-worldly story, set against the backdrop of Cold War era America circa 1962, where a mute janitor working at a lab falls in love with an amphibious man being held captive there and devises a plan to help him escape.",7.3155,/9zfwPffUXpBrEP26yp0q1ckXDcj.jpg,2017-12-01,The Shape of Water,False,7.238,12578,"[{'iso_3166_1': 'US', 'name': 'United States of America'}]",2017,"[18, 14, 10749]",The Shape of Water,63859435.0,1474.0,Fox Searchlight Pictures,63859435.0,63859435.0,"Drama,Fantasy,Romance",['US'],1,0,0,1,0,0,0,0,0,1,0,0,1,1,1,0,0,0,0,1,0,0,0,0,1,0,0,0,0,0,0,0,0,0,0,Drama,3,12,December,Winter,0,1,1,1,Thanksgiving,6.0,0,1,0,0,1,7,620181382,0,High,1,1,0,0,0,0,0,0,0,shape water,,,,,0,0,0,0,0,0,7,1,0,0,0
False,/6BQis8u6Q8U5J4EHqdyRRIE0njI.jpg,"[10751, 35, 12, 16, 28]",274862,en,The Lego Ninjago Movie,"Six young ninjas are tasked with defending their island home of Ninjago. By night, they’re gifted warriors using their skill and awesome fleet of vehicles to fight villains and monsters. By day, they’re ordinary teens struggling against their greatest enemy....high school.",5.1065,/vUo0pNXGhp2ffTJxiStWt6fHL7F.jpg,2017-09-22,The Lego Ninjago Movie,False,6.516,1135,"[{'iso_3166_1': 'AU', 'name': 'Australia'}, {'iso_3166_1': 'DK', 'name': 'Denmark'}, {'iso_3166_1': 'US', 'name': 'United States of America'}]",2017,"[10751, 35, 12, 16, 28]",The Lego Ninjago Movie,59364177.0,1596.0,Warner Bros.,59364177.0,59364177.0,"Family,Comedy,Adventure,Animation,Action","['US', 'AU', 'DK']",1,0,0,1,0,1,0,0,0,0,0,0,1,1,0,1,1,0,1,0,0,0,0,1,0,1,0,0,0,0,0,1,0,0,1,Family,5,9,September,Fall,0,0,0,0,,,0,0,0,0,1,4,328874981,0,High,1,1,0,0,0,0,0,0,0,lego ninjago,,,,,0,0,0,0,0,0,7,1,0,0,0
False,/6QmX2BDVr1hIOIPHqnxvp1C1ZZp.jpg,"[35, 28, 80]",339846,en,Baywatch,"Devoted lifeguard Mitch Buchannon butts heads with a brash new recruit. Together, they uncover a local criminal plot that threatens the future of the Bay.",7.7161,/6HE4xd8zloDqmjMZuhUCCw2UcY1.jpg,2017-05-26,Baywatch,False,6.089,8347,"[{'iso_3166_1': 'US', 'name': 'United States of America'}]",2017,"[35, 28, 80]",Baywatch,58060186.0,1633.0,Paramount Pictures,58060186.0,58060186.0,"Comedy,Action,Crime",['US'],1,0,0,1,0,0,0,0,1,0,0,0,1,1,0,1,1,0,0,0,0,0,1,0,0,0,0,0,0,0,0,0,0,0,0,Comedy,3,5,May,Spring,1,0,0,1,Memorial Day,1.0,0,0,0,1,1,5,412845172,0,High,1,1,0,0,0,0,0,0,0,baywatch,,,,,0,0,0,0,0,0,7,1,0,0,0
False,/bAup7FGUlmNVOuhZFlLgmDPo0Eg.jpg,"[18, 10751]",345938,en,The Shack,"A grieving man receives a mysterious, personal invitation to meet with God at a place called 'The Shack'.",3.939,/doAzav9kfdtsoSdw1MDFvjKq3J4.jpg,2017-03-03,The Shack,False,7.493,2210,"[{'iso_3166_1': 'CA', 'name': 'Canada'}, {'iso_3166_1': 'HK', 'name': 'Hong Kong'}, {'iso_3166_1': 'US', 'name': 'United States of America'}]",2017,"[18, 10751]",The Shack,57386418.0,1658.0,Lionsgate,57386418.0,57386418.0,"Drama,Family","['HK', 'CA', 'US']",1,0,1,1,0,0,0,0,0,0,0,1,1,1,1,0,0,0,0,0,0,0,0,1,0,0,0,0,0,0,0,0,0,0,0,Drama,2,3,March,Spring,0,0,0,0,,,0,0,0,0,1,4,504481165,0,High,1,1,0,0,0,0,0,0,0,shack,,,,,0,0,0,0,0,0,7,1,0,0,0
False,/9XSEL3EMC2D8k4UcYBn8etgRxPg.jpg,"[35, 27, 9648]",440021,en,Happy Death Day,"Caught in a bizarre and terrifying time warp, college student Tree finds herself repeatedly reliving the day of her murder, ultimately realizing that she must identify the killer and the reason for her death before her chances of survival run out.",2.8006,/cTaEIUYTt52ooq9quVbAQ7NpGwo.jpg,2017-10-13,Happy Death Day,False,6.66,6426,"[{'iso_3166_1': 'US', 'name': 'United States of America'}]",2017,"[35, 27, 9648]",Happy Death Day,55683845.0,1718.0,Universal Pictures,55683845.0,55683845.0,"Comedy,Horror,Mystery",['US'],1,0,0,1,0,0,1,0,0,0,0,0,1,1,0,1,0,0,0,0,0,1,0,0,0,0,1,0,0,0,0,0,0,0,0,Comedy,3,10,October,Fall,0,0,1,1,Columbus Day,3.0,0,0,0,0,1,2,92071675,7,Medium,0,1,0,0,0,0,0,0,0,happy death,,,,,0,0,0,0,0,0,7,1,0,0,0
False,/oQHF0Y4gCw6VdPmapjsbZoxY2ht.jpg,"[80, 18]",359940,en,"Three Billboards Outside Ebbing, Missouri","After seven months have passed without a culprit in her daughter's murder case, Mildred Hayes makes a bold move, painting three signs leading into her town with a controversial message directed at Bill Willoughby, the town's revered chief of police. When his second-in-command Officer Jason Dixon, an immature mother's boy with a penchant for violence, gets involved, the battle between Mildred and Ebbing's law enforcement is only exacerbated.",4.2347,/bRYLt8fV82tdVoDppSFTZIcJiLN.jpg,2017-12-01,"Three Billboards Outside Ebbing, Missouri",False,8.061,10605,"[{'iso_3166_1': 'GB', 'name': 'United Kingdom'}, {'iso_3166_1': 'US', 'name': 'United States of America'}]",2017,"[80, 18]","Three Billboards Outside Ebbing, Missouri",54513740.0,1758.0,Fox Searchlight Pictures,54513740.0,54513740.0,"Crime,Drama","['GB', 'US']",1,1,0,1,0,0,0,0,0,1,0,0,1,1,1,0,0,0,0,0,0,0,1,0,0,0,0,0,0,0,0,0,0,0,0,Crime,2,12,December,Winter,0,1,1,1,Thanksgiving,6.0,0,1,0,0,1,7,620181382,0,High,1,1,0,0,0,0,0,0,0,three billboards,,,,,0,0,0,0,0,0,7,1,0,0,0
False,/zi4wPPAdMxwbR7soBhPyJokzHgn.jpg,"[28, 35, 80, 18]",337170,en,American Made,"The true story of pilot Barry Seal, who transported contraband for the CIA and the Medellin cartel in the 1980s.",4.742,/23ILgoPSO5ShKcTZOuiTVfqFAUB.jpg,2017-09-29,American Made,False,6.898,4816,"[{'iso_3166_1': 'US', 'name': 'United States of America'}, {'iso_3166_1': 'LU', 'name': 'Luxembourg'}]",2017,"[28, 35, 80, 18]",American Made,51342000.0,1873.0,Universal Pictures,51342000.0,51342000.0,"Action,Comedy,Crime,Drama","['US', 'LU']",1,0,0,1,0,0,1,0,0,0,0,0,1,1,1,1,1,0,0,0,0,0,1,0,0,0,0,0,0,0,0,0,0,0,0,Action,4,9,September,Fall,0,0,0,0,,,0,0,0,0,1,4,100234838,7,High,0,1,0,0,0,0,0,0,0,american made,,,,,0,0,0,0,0,0,7,1,0,0,0
False,/pVVobDO8cezhVPvwD6EBUN0g3mt.jpg,"[14, 28, 878]",353491,en,The Dark Tower,A boy haunted by visions of a parallel world aids its disillusioned guardian in preventing the destruction of the nexus of universes known as the Dark Tower.,6.3503,/i9GUSgddIqrroubiLsvvMRYyRy0.jpg,2017-08-04,The Dark Tower,False,5.785,5388,"[{'iso_3166_1': 'US', 'name': 'United States of America'}]",2017,"[14, 28, 878]",The Dark Tower,50701325.0,1900.0,Sony Pictures Releasing,50701325.0,50701325.0,"Fantasy,Action,Science Fiction",['US'],1,0,0,1,0,0,0,1,0,0,0,0,1,1,0,0,1,0,0,0,1,0,0,0,1,0,0,0,0,0,0,0,1,0,0,Fantasy,3,8,August,Summer,1,0,0,0,,,0,0,0,0,1,5,115171585,7,High,0,1,0,0,0,0,0,0,0,dark tower,,,,,0,0,0,0,0,0,7,1,0,0,0
False,/th26RNksfM9nn7DPH06OqiV6BA2.jpg,"[28, 12, 14]",311324,en,The Great Wall,European mercenaries searching for black powder become embroiled in the defense of the Great Wall of China against a horde of monstrous creatures.,5.2537,/p70dq1YxabemdZDm5K6Q8G10wSn.jpg,2017-02-17,The Great Wall,False,6.032,5408,"[{'iso_3166_1': 'CN', 'name': 'China'}, {'iso_3166_1': 'US', 'name': 'United States of America'}]",2017,"[28, 12, 14]",The Great Wall,45540830.0,2105.0,Universal Pictures,45540830.0,45540830.0,"Action,Adventure,Fantasy","['US', 'CN']",1,0,0,1,0,0,1,0,0,0,0,0,1,1,0,0,1,0,1,0,0,0,0,0,1,0,0,0,0,0,0,1,0,0,0,Action,3,2,February,Winter,0,0,0,1,Presidents Day,2.0,0,0,0,0,1,6,226277068,7,High,1,1,0,0,0,0,0,0,0,great wall,,,,,0,0,0,0,0,0,7,1,0,0,0
False,/sN1sIv6YZTpdBr7D9mQBxGzRnLL.jpg,"[10751, 35, 12, 16]",137116,en,Smurfs: The Lost Village,"In this fully animated, all-new take on the Smurfs, a mysterious map sets Smurfette and her friends Brainy, Clumsy and Hefty on an exciting race through the Forbidden Forest leading to the discovery of the biggest secret in Smurf history.",3.7744,/swt9crREg1UcKgg3wGWfoFNlXOz.jpg,2017-04-07,Smurfs: The Lost Village,False,6.3,1521,"[{'iso_3166_1': 'CN', 'name': 'China'}, {'iso_3166_1': 'US', 'name': 'United States of America'}, {'iso_3166_1': 'BE', 'name': 'Belgium'}]",2017,"[10751, 35, 12, 16]",Smurfs: The Lost Village,45020282.0,2124.0,Sony Pictures Releasing,45020282.0,45020282.0,"Family,Comedy,Adventure,Animation","['US', 'CN', 'BE']",1,0,0,1,0,0,0,1,0,0,0,0,1,1,0,1,0,0,1,0,0,0,0,1,0,1,0,0,0,0,0,0,0,0,1,Family,4,4,April,Spring,0,0,0,0,,,0,0,0,0,1,3,226008385,7,High,1,1,0,0,0,0,0,0,1,smurfs,142614158.0,142614158.0,142614158.0,1.0,0,0,0,0,0,0,7,1,0,0,0
False,/cFcXilLbI7yjPIYB58AZiOyUnoh.jpg,"[28, 12, 80]",47971,en,xXx: Return of Xander Cage,"Xander Cage is left for dead after an incident, though he secretly returns to action for a new, tough assignment with his handler Augustus Gibbons.",9.7283,/hba8zREJpP1AYhaXgb2oJLQeO0K.jpg,2017-01-20,xXx: Return of Xander Cage,False,6.134,9139,"[{'iso_3166_1': 'CA', 'name': 'Canada'}, {'iso_3166_1': 'CN', 'name': 'China'}, {'iso_3166_1': 'US', 'name': 'United States of America'}]",2017,"[28, 12, 80]",xXx: Return of Xander Cage,44898413.0,2135.0,Paramount Pictures,44898413.0,44898413.0,"Action,Adventure,Crime","['CA', 'US', 'CN']",1,0,1,1,0,0,0,0,1,0,0,0,1,1,0,0,1,0,1,0,0,0,1,0,0,0,0,0,0,0,0,1,0,0,0,Action,3,1,January,Winter,0,0,0,1,Martin Luther King Jr. Day,5.0,0,0,0,0,1,2,138291365,0,Medium,0,1,0,0,0,0,0,0,1,xxx,0.0,,,0.0,0,0,0,0,0,0,7,1,0,0,0
False,/fYI8WX2DquAHMqwh5mOMxc6RU5j.jpg,"[35, 18, 10749]",416477,en,The Big Sick,"Pakistan-born comedian Kumail Nanjiani and grad student Emily Gardner fall in love but struggle as their cultures clash. When Emily contracts a mysterious illness, Kumail finds himself forced to face her feisty parents, his family's expectations, and his true feelings.",3.6144,/9fJTT8pBxxQsFILJHTtHhdYFr77.jpg,2017-06-23,The Big Sick,False,7.333,2557,"[{'iso_3166_1': 'US', 'name': 'United States of America'}]",2017,"[35, 18, 10749]",The Big Sick,42873127.0,2227.0,Lionsgate,42873127.0,42873127.0,"Comedy,Drama,Romance",['US'],1,0,0,1,0,0,0,0,0,0,0,1,1,1,1,1,0,0,0,1,0,0,0,0,0,0,0,0,0,0,0,0,0,1,0,Comedy,3,6,June,Summer,1,0,0,0,,,0,0,0,0,1,6,334952829,2,High,1,1,0,0,0,0,0,0,0,big sick,,,,,0,0,0,0,0,0,7,1,0,0,0
False,/gpVg9EA5tieNCxmPtx9KTbUKXrU.jpg,"[16, 35, 12, 10751, 14]",355547,en,The Star,A small but brave donkey and his animal friends become the unsung heroes of the greatest story ever told: the first Christmas.,5.0214,/tEbDvivUfsCupngKIfMJJ725eAD.jpg,2017-11-17,The Star,False,6.405,582,"[{'iso_3166_1': 'US', 'name': 'United States of America'}]",2017,"[16, 35, 12, 10751, 14]",The Star,40896334.0,2321.0,Sony Pictures Releasing,40896334.0,40896334.0,"Animation,Comedy,Adventure,Family,Fantasy",['US'],1,0,0,1,0,0,0,1,0,0,0,0,1,1,0,1,0,0,1,0,0,0,0,1,1,1,0,0,0,0,0,0,0,0,1,Animation,5,11,November,Fall,0,1,1,1,Veterans Day,6.0,0,0,0,0,1,9,315058289,0,High,1,1,0,0,0,0,0,0,0,star,,,,,0,0,0,0,0,0,7,1,0,0,0
False,/dDVqfmCzSy3TKSmiS2pJ9QB5E3P.jpg,"[878, 18, 28]",315837,en,Ghost in the Shell,"In the near future, Major is the first of her kind: a human saved from a terrible crash, then cyber-enhanced to be a perfect soldier devoted to stopping the world's most dangerous criminals.",4.6913,/zCtL3UBgCoZzd7XTVGhvl6XY75E.jpg,2017-03-31,Ghost in the Shell,False,6.102,8373,"[{'iso_3166_1': 'CN', 'name': 'China'}, {'iso_3166_1': 'HK', 'name': 'Hong Kong'}, {'iso_3166_1': 'IN', 'name': 'India'}, {'iso_3166_1': 'US', 'name': 'United States of America'}]",2017,"[878, 18, 28]",Ghost in the Shell,40563557.0,2340.0,Paramount Pictures,40563557.0,40563557.0,"Science Fiction,Drama,Action","['HK', 'US', 'CN', 'IN']",1,0,0,1,0,0,0,0,1,0,0,0,1,1,1,0,1,0,0,0,1,0,0,0,0,0,0,0,0,0,0,0,1,0,0,Science Fiction,3,3,March,Spring,0,0,0,0,,,0,0,0,0,1,4,504481165,0,High,1,1,0,0,0,0,0,0,0,ghost in,,,,,0,0,0,0,0,0,7,1,0,0,0
False,/sVkjgKq8cwKm95LCyfrLldLbQIG.jpg,"[28, 18, 14]",274857,en,King Arthur: Legend of the Sword,"When the child Arthur’s father is murdered, Vortigern, Arthur’s uncle, seizes the crown. Robbed of his birthright and with no idea who he truly is, Arthur comes up the hard way in the back alleys of the city. But once he pulls the sword Excalibur from the stone, his life is turned upside down and he is forced to acknowledge his true legacy... whether he likes it or not.",9.4193,/9kKXH6eJpzoFGhCbTN3FVwSQK3n.jpg,2017-05-12,King Arthur: Legend of the Sword,False,6.551,5915,"[{'iso_3166_1': 'US', 'name': 'United States of America'}]",2017,"[28, 18, 14]",King Arthur: Legend of the Sword,39175066.0,2412.0,Warner Bros.,39175066.0,39175066.0,"Action,Drama,Fantasy",['US'],1,0,0,1,0,1,0,0,0,0,0,0,1,1,1,0,1,0,0,0,0,0,0,0,1,0,0,0,0,0,0,0,0,0,0,Action,3,5,May,Spring,1,0,0,0,,,0,0,0,0,1,4,389813101,7,High,1,1,0,0,0,0,0,0,1,king arthur,0.0,,,0.0,0,0,0,0,0,0,7,1,0,0,0
False,/ucLGZ3zBRFDhdlRNhvXdkjXkNyd.jpg,"[27, 9648]",298250,en,Jigsaw,"Law enforcement finds itself chasing the ghost of a man dead for over a decade, embroiled in a diabolical new game that's only just begun.",2.508,/7RwHxhdUNS996JPFNB9a7CJtlwR.jpg,2017-10-27,Jigsaw,False,6.217,3859,"[{'iso_3166_1': 'US', 'name': 'United States of America'}]",2017,"[27, 9648]",Jigsaw,38052832.0,2477.0,Lionsgate,38052832.0,38052832.0,"Horror,Mystery",['US'],1,0,0,1,0,0,0,0,0,0,0,1,1,1,0,0,0,0,0,0,0,1,0,0,0,0,1,0,0,0,0,0,0,0,0,Horror,2,10,October,Fall,0,0,1,0,,,0,0,0,0,1,5,315058289,5,High,1,1,0,0,0,0,0,0,0,jigsaw,,,,,0,0,0,0,0,0,7,1,0,0,0
False,/wb78lmqAXsUVG84xrmAOJBfgZHr.jpg,"[28, 12, 53]",415842,en,American Assassin,"Following the murder of his fiancée, Mitch Rapp trains under the instruction of Cold War veteran Stan Hurley. The pair then is enlisted to investigate a wave of apparently random attacks on military and civilian targets.",3.7365,/w6vjeHx3UEaBXIyc8VFqyZYKznD.jpg,2017-09-15,American Assassin,False,6.416,3164,"[{'iso_3166_1': 'HK', 'name': 'Hong Kong'}, {'iso_3166_1': 'US', 'name': 'United States of America'}]",2017,"[28, 12, 53]",American Assassin,36249674.0,2594.0,Lionsgate,36249674.0,36249674.0,"Action,Adventure,Thriller","['HK', 'US']",1,0,0,1,0,0,0,0,0,0,0,1,1,1,0,0,1,1,1,0,0,0,0,0,0,0,0,0,0,0,0,1,0,0,0,Action,3,9,September,Fall,0,0,0,0,,,0,0,0,0,1,4,328874981,7,High,1,1,0,0,0,0,0,0,0,american assassin,,,,,0,0,0,0,0,0,7,1,0,0,0
False,/vIEuJiIZN9EclAJDmD49F2zUzuX.jpg,"[28, 878, 53]",274855,en,Geostorm,"After an unprecedented series of natural disasters threatened the planet, the world's leaders came together to create an intricate network of satellites to control the global climate and keep everyone safe. But now, something has gone wrong: the system built to protect Earth is attacking it, and it becomes a race against the clock to uncover the real threat before a worldwide geostorm wipes out everything and everyone along with it.",5.7859,/nrsx0jEaBgXq4PWo7SooSnYJTv.jpg,2017-10-20,Geostorm,False,6.114,5027,"[{'iso_3166_1': 'HK', 'name': 'Hong Kong'}, {'iso_3166_1': 'US', 'name': 'United States of America'}]",2017,"[28, 878, 53]",Geostorm,33700160.0,2749.0,Warner Bros.,33700160.0,33700160.0,"Action,Science Fiction,Thriller","['HK', 'US']",1,0,0,1,0,1,0,0,0,0,0,0,1,1,0,0,1,1,0,0,1,0,0,0,0,0,0,0,0,0,0,0,1,0,0,Action,3,10,October,Fall,0,0,1,1,Columbus Day,10.0,0,0,0,0,1,4,315058289,7,High,1,1,0,0,0,0,0,0,0,geostorm,,,,,0,0,0,0,0,0,7,1,0,0,0
False,/w0I6KQ3r9DdNZ0tIsD1CA67Hr6x.jpg,"[28, 35, 878]",262841,en,Monster Trucks,"Tripp is a high school senior with a knack for building trucks who makes an incredible discovery - a gas-guzzling creature named Creech. To protect his mischievous new friend, Tripp hides Creech under the hood of his latest creation, turning it into a real-life super-powered Monster Truck. Together, this unlikely duo with a shared taste for speed team up on a wild and unforgettable journey to reunite Creech with his family.",3.3009,/aUzNybWqURfeg9BveLr4GOVCkti.jpg,2017-01-13,Monster Trucks,False,6.086,889,"[{'iso_3166_1': 'US', 'name': 'United States of America'}]",2017,"[28, 35, 878]",Monster Trucks,33370166.0,2775.0,Paramount Pictures,33370166.0,33370166.0,"Action,Comedy,Science Fiction",['US'],1,0,0,1,0,0,0,0,1,0,0,0,1,1,0,1,1,0,0,0,1,0,0,0,0,0,0,0,0,0,0,0,1,0,0,Action,3,1,January,Winter,0,0,0,1,Martin Luther King Jr. Day,2.0,0,0,0,0,1,2,138291365,7,Medium,0,1,0,0,0,0,0,0,0,monster trucks,,,,,0,0,0,0,0,0,7,1,0,0,0
False,/b5QnSrjDRHUFg3hpjmwBwsJfzyP.jpg,"[14, 28, 53, 878, 27]",346672,en,Underworld: Blood Wars,"Vampire death dealer Selene fends off brutal attacks from both the Lycan clan and the Vampire faction that betrayed her. With her only allies, David and his father Thomas, she must stop the eternal war between Lycans and Vampires, even if it means she has to make the ultimate sacrifice.",5.2024,/v1ciDCWMG47gdT4kMyjyQbnLQQn.jpg,2017-01-06,Underworld: Blood Wars,False,5.915,3845,"[{'iso_3166_1': 'US', 'name': 'United States of America'}]",2017,"[14, 28, 53, 878, 27]",Underworld: Blood Wars,30353973.0,2993.0,Screen Gems,30353973.0,30353973.0,"Fantasy,Action,Thriller,Science Fiction,Horror",['US'],1,0,0,1,0,0,0,1,0,0,0,0,1,1,0,0,1,1,0,0,1,1,0,0,1,0,0,0,0,0,0,0,1,0,0,Fantasy,5,1,January,Winter,0,0,0,1,New Year's Day,5.0,1,0,0,0,1,1,138291365,14,Medium,0,0,0,0,0,0,0,0,1,underworld,62321039.0,62321039.0,62321039.0,1.0,0,0,0,0,0,0,7,1,0,0,0
False,/nNh7vHHISVAaziJEqAq0P9iL52w.jpg,"[27, 878, 9648]",395992,en,Life,"The six-member crew of the International Space Station is tasked with studying a sample from Mars that may be the first proof of extra-terrestrial life, which proves more intelligent than ever expected.",5.8825,/wztfli5NgYDgurVgShNflvnyA3Z.jpg,2017-03-24,Life,False,6.448,7724,"[{'iso_3166_1': 'US', 'name': 'United States of America'}]",2017,"[27, 878, 9648]",Life,30234022.0,3005.0,Sony Pictures Releasing,30234022.0,30234022.0,"Horror,Science Fiction,Mystery",['US'],1,0,0,1,0,0,0,1,0,0,0,0,1,1,0,0,0,0,0,0,1,1,0,0,0,0,1,0,0,0,0,0,0,0,0,Horror,3,3,March,Spring,0,0,0,0,,,0,0,0,0,1,4,504481165,0,High,1,1,0,0,0,0,0,0,0,life,,,,,0,0,0,0,0,0,7,1,0,0,0
False,/piRIyhNNSIbAus9oYBRdiOKgnZ2.jpg,"[35, 80]",345914,en,The House,"When Scott and Kate Johansen’s daughter gets into the college of her dreams it’s cause for celebration. That is, until Scott and Kate learn that the scholarship they were counting on didn’t come through, and they’re now on the hook for tuition they can’t begin to afford. With the help of their friend and neighbor Frank also in need of a major payday they decide to open an illegal casino in his suburban house, risking everything together on a Vegas-style bacchanal where money flows, inhibitions are checked at the door, and all bets are off.",6.0318,/hkmWkVgirei79bwds23Hr0lWSXS.jpg,2017-06-30,The House,False,5.624,952,"[{'iso_3166_1': 'US', 'name': 'United States of America'}]",2017,"[35, 80]",The House,25584504.0,3323.0,Warner Bros.,25584504.0,25584504.0,"Comedy,Crime",['US'],1,0,0,1,0,1,0,0,0,0,0,0,1,1,0,1,0,0,0,0,0,0,1,0,0,0,0,0,0,0,0,0,0,0,0,Comedy,2,6,June,Summer,1,0,0,1,Independence Day,4.0,0,0,1,0,1,6,334952829,0,High,1,1,0,0,0,0,0,0,0,house,,,,,0,0,0,0,0,0,7,1,0,0,0
False,/aH63TQfTFgAT8tYZs0CjDsqfMo2.jpg,"[18, 35]",400928,en,Gifted,"Frank, a single man raising his child prodigy niece Mary, is drawn into a custody battle with his mother.",6.7365,/9Ts7Vc4wLlpI9oox9mkVUE1tBHy.jpg,2017-04-07,Gifted,False,8.0,5812,"[{'iso_3166_1': 'GB', 'name': 'United Kingdom'}, {'iso_3166_1': 'US', 'name': 'United States of America'}]",2017,"[18, 35]",Gifted,24801212.0,3397.0,Fox Searchlight Pictures,24801212.0,24801212.0,"Drama,Comedy","['GB', 'US']",1,1,0,1,0,0,0,0,0,1,0,0,1,1,1,1,0,0,0,0,0,0,0,0,0,0,0,0,0,0,0,0,0,0,0,Drama,2,4,April,Spring,0,0,0,0,,,0,0,0,0,1,3,226008385,7,High,1,1,0,0,0,0,0,0,0,gifted,,,,,0,0,0,0,0,0,7,1,0,0,0
False,/rtr0l61RxLPkmZHbZj0WFlGx5G5.jpg,"[18, 878, 35]",301337,en,Downsizing,A kindly occupational therapist undergoes a new procedure to be shrunken to four inches tall so that he and his wife can help save the planet and afford a nice lifestyle at the same time.,2.994,/5bNzInSSAXfr0MFlHfb4IoQePVx.jpg,2017-12-22,Downsizing,False,5.392,4000,"[{'iso_3166_1': 'US', 'name': 'United States of America'}]",2017,"[18, 878, 35]",Downsizing,24449754.0,3424.0,Paramount Pictures,24449754.0,24449754.0,"Drama,Science Fiction,Comedy",['US'],1,0,0,1,0,0,0,0,1,0,0,0,1,1,1,1,0,0,0,0,1,0,0,0,0,0,0,0,0,0,0,0,0,0,0,Drama,3,12,December,Winter,0,1,1,1,Christmas,3.0,1,0,0,0,1,7,620181382,0,High,1,1,0,0,0,0,0,0,0,downsizing,,,,,0,0,0,0,0,0,7,1,0,0,0
False,/dT48bnZP1HVNUjiOEfThNzq4qlZ.jpg,"[35, 10751, 12]",417830,en,Diary of a Wimpy Kid: The Long Haul,A Heffley family road trip to attend Meemaw's 90th birthday party goes hilariously off course thanks to Greg's newest scheme to get to a video gaming convention.,2.7332,/ivRrDm5PlOndteVZgjhQenzKU5t.jpg,2017-05-19,Diary of a Wimpy Kid: The Long Haul,False,5.3,510,"[{'iso_3166_1': 'US', 'name': 'United States of America'}]",2017,"[35, 10751, 12]",Diary of a Wimpy Kid: The Long Haul,20738724.0,3771.0,Twentieth Century Fox,20738724.0,20738724.0,"Comedy,Family,Adventure",['US'],1,0,0,1,0,0,0,0,0,1,0,0,1,1,0,1,0,0,1,0,0,0,0,1,0,0,0,0,0,0,0,0,0,0,0,Comedy,3,5,May,Spring,1,0,0,1,Memorial Day,6.0,0,0,0,1,1,6,412845172,0,High,1,1,0,0,0,0,0,0,1,diary wimpy,165710822.0,49008662.0,55236940.666666664,3.0,0,0,0,0,0,0,7,1,0,0,0
False,/zaX6d5GCtb2CmOH9jrHBl58xxBY.jpg,"[18, 28]",395991,en,Only the Brave,Members of the Granite Mountain Hotshots battle deadly wildfires to save an Arizona town.,4.5859,/lC7WdUNLOJI3sllaDGNdFy2GT8g.jpg,2017-10-20,Only the Brave,False,7.45,1756,"[{'iso_3166_1': 'US', 'name': 'United States of America'}]",2017,"[18, 28]",Only the Brave,18343983.0,4029.0,Sony Pictures Releasing,18343983.0,18343983.0,"Drama,Action",['US'],1,0,0,1,0,0,0,1,0,0,0,0,1,1,1,0,1,0,0,0,0,0,0,0,0,0,0,0,0,0,0,0,0,0,0,Drama,2,10,October,Fall,0,0,1,1,Columbus Day,10.0,0,0,0,0,1,4,315058289,7,High,1,1,0,0,0,0,0,0,0,only brave,,,,,0,0,0,0,0,0,7,1,0,0,0
False,/zvOJawrnmgK0sL293mOXOdLvTXQ.jpg,"[10749, 18]",398818,en,Call Me by Your Name,"In the summer of 1983, a 17-year-old Elio spends his days in his family's villa in Italy. One day Oliver, a graduate student, arrives to assist Elio's father, a professor of Greco-Roman culture. Soon, Elio and Oliver discover a summer that will alter their lives forever.",15.2314,/mZ4gBdfkhP9tvLH1DO4m4HYtiyi.jpg,2017-10-06,Call Me by Your Name,False,8.1,12519,"[{'iso_3166_1': 'BR', 'name': 'Brazil'}, {'iso_3166_1': 'FR', 'name': 'France'}, {'iso_3166_1': 'IT', 'name': 'Italy'}, {'iso_3166_1': 'US', 'name': 'United States of America'}]",2017,"[10749, 18]",Call Me by Your Name,18095701.0,4055.0,Sony Pictures Classics,18095701.0,18095701.0,"Romance,Drama","['IT', 'FR', 'US', 'BR']",1,0,0,1,0,0,0,1,0,0,0,0,1,1,1,0,0,0,0,1,0,0,0,0,0,0,0,0,0,0,0,0,0,0,0,Romance,2,10,October,Fall,0,0,1,1,Columbus Day,4.0,0,0,0,0,1,5,100234838,0,High,0,1,0,0,0,0,0,0,0,call me,,,,,0,0,0,0,0,0,7,1,0,0,0
False,/lBDOPBbmI0mKqBAakiLZ0BdgzET.jpg,[18],336000,en,The Glass Castle,"A young girl is raised in a dysfunctional family constantly on the run from the FBI. Living in poverty, she comes of age guided by her drunkard, ingenious father who distracts her with magical stories to keep her mind off the family's dire state, and her selfish, nonconformist mother who has no intention of raising a family, along with her younger brother and sister, and her other older sister. Together, they fend for each other as they mature in an unorthodox journey that is their family life.",3.9424,/8NPP7mliHLlVMHce8SjApiRxgzm.jpg,2017-08-11,The Glass Castle,False,7.131,866,"[{'iso_3166_1': 'HK', 'name': 'Hong Kong'}, {'iso_3166_1': 'US', 'name': 'United States of America'}]",2017,[18],The Glass Castle,17273059.0,4170.0,Lionsgate,17273059.0,17273059.0,Drama,"['HK', 'US']",1,0,0,1,0,0,0,0,0,0,0,1,1,1,1,0,0,0,0,0,0,0,0,0,0,0,0,0,0,0,0,0,0,0,0,Drama,1,8,August,Summer,1,0,0,0,,,0,0,0,0,1,4,102092201,0,High,0,1,0,0,0,0,0,0,0,glass castle,,,,,0,0,0,0,0,0,7,1,0,0,0
False,/xa4CnNdPmVPeT1qFuQgiCgASKE1.jpg,"[18, 27, 53]",400710,en,Flatliners,"Five medical students, hoping to understand the mystery of what lies beyond life, embark on a dangerous experiment. When their hearts are stopped for a short period of time, they have a near-death experience…",5.5137,/e9NHATN0TJW6ZZPLLWFsKdilVl1.jpg,2017-09-29,Flatliners,False,5.646,2351,"[{'iso_3166_1': 'US', 'name': 'United States of America'}]",2017,"[18, 27, 53]",Flatliners,16883115.0,4226.0,Sony Pictures Releasing,16883115.0,16883115.0,"Drama,Horror,Thriller",['US'],1,0,0,1,0,0,0,1,0,0,0,0,1,1,1,0,0,1,0,0,0,1,0,0,0,0,0,0,0,0,0,0,0,0,0,Drama,3,9,September,Fall,0,0,0,0,,,0,0,0,0,1,5,100234838,0,High,0,1,0,0,0,0,0,0,0,flatliners,,,,,0,0,0,0,0,0,7,1,0,0,0
False,/156zFVuXIUUZ3hhUbS7CiYRvwpj.jpg,"[18, 10752]",347629,en,Thank You for Your Service,"A group of U.S. soldiers returning from Iraq struggle to integrate back into family and civilian life, while living with the memory of a war that threatens to destroy them long after they've left the battlefield.",3.2555,/z8OKWw6DAZAOyz8F421euawr3Hs.jpg,2017-10-27,Thank You for Your Service,False,6.563,402,"[{'iso_3166_1': 'US', 'name': 'United States of America'}]",2017,"[18, 10752]",Thank You for Your Service,9536300.0,5341.0,Universal Pictures,9536300.0,9536300.0,"Drama,War",['US'],1,0,0,1,0,0,1,0,0,0,0,0,1,1,1,0,0,0,0,0,0,0,0,0,0,0,0,0,0,1,0,0,0,0,0,Drama,2,10,October,Fall,0,0,1,0,,,0,0,0,0,1,5,315058289,5,High,1,1,0,0,0,0,0,0,0,thank you,,,,,0,0,0,0,0,0,7,1,0,0,0
False,/vHiTIgoIoF1rjnjeC4n3qYaZ7Ua.jpg,"[16, 12, 35, 10751, 10402]",333667,en,Rock Dog,"When a radio falls from the sky into the hands of a wide-eyed Tibetan Mastiff, he leaves home to fulfill his dream of becoming a musician, setting into motion a series of completely unexpected events.",5.7244,/7RXi2afiNJGU8EB79SD8HYoSz4O.jpg,2017-02-24,Rock Dog,False,6.245,308,"[{'iso_3166_1': 'CN', 'name': 'China'}, {'iso_3166_1': 'US', 'name': 'United States of America'}]",2017,"[16, 12, 35, 10751, 10402]",Rock Dog,9420546.0,5356.0,Lionsgate,9420546.0,9420546.0,"Animation,Adventure,Comedy,Family,Music","['US', 'CN']",1,0,0,1,0,0,0,0,0,0,0,1,1,1,0,1,0,0,1,0,0,0,0,1,0,1,0,0,1,0,0,0,0,0,1,Animation,5,2,February,Winter,0,0,0,1,Presidents Day,9.0,0,0,0,0,1,7,226277068,0,High,1,1,0,0,0,0,0,0,0,rock dog,,,,,0,0,0,0,0,0,7,1,0,0,0
False,/uXx9wjfJEzLlfqB8GW67SYBrhVT.jpg,"[27, 9648, 878]",340837,en,A Cure for Wellness,"An ambitious young executive is sent to retrieve his company's CEO from an idyllic but mysterious ""wellness center"" at a remote location in the Swiss Alps but soon suspects that the spa's miraculous treatments are not what they seem.",4.0605,/8QWJtne0pTsNoJ86KE993aQYTLW.jpg,2017-02-17,A Cure for Wellness,False,6.343,4060,"[{'iso_3166_1': 'US', 'name': 'United States of America'}]",2017,"[27, 9648, 878]",A Cure for Wellness,8106986.0,5584.0,Twentieth Century Fox,8106986.0,8106986.0,"Horror,Mystery,Science Fiction",['US'],1,0,0,1,0,0,0,0,0,1,0,0,1,1,0,0,0,0,0,0,1,1,0,0,0,0,1,0,0,0,0,0,0,0,0,Horror,3,2,February,Winter,0,0,0,1,Presidents Day,2.0,0,0,0,0,1,6,226277068,7,High,1,1,0,0,0,0,0,0,0,cure for,,,,,0,0,0,0,0,0,7,1,0,0,0
False,/rfBUlspOpxPavxrhkhvzlBlwfD8.jpg,"[80, 53, 9648, 27]",372343,en,The Snowman,Detective Harry Hole investigates the disappearance of a woman whose pink scarf is found wrapped around an ominous looking snowman.,3.4059,/mKsQ8KMOk0VBX26Ev0Lj6EmfGJu.jpg,2017-10-20,The Snowman,False,5.219,2328,"[{'iso_3166_1': 'SE', 'name': 'Sweden'}, {'iso_3166_1': 'GB', 'name': 'United Kingdom'}, {'iso_3166_1': 'US', 'name': 'United States of America'}]",2017,"[80, 53, 9648, 27]",The Snowman,6700035.0,5906.0,Universal Pictures,6700035.0,6700035.0,"Crime,Thriller,Mystery,Horror","['GB', 'SE', 'US']",1,1,0,1,0,0,1,0,0,0,0,0,1,1,0,0,0,1,0,0,0,1,1,0,0,0,1,0,0,0,0,0,0,0,0,Crime,4,10,October,Fall,0,0,1,1,Columbus Day,10.0,0,0,0,0,1,4,315058289,7,High,1,1,0,0,0,0,0,0,0,snowman,,,,,0,0,0,0,0,0,7,1,0,0,0
False,/m4QQi9OBnSGfymR6rdBhSwAuxYJ.jpg,"[35, 18, 10749]",375867,en,Paris Can Wait,"Anne is at a crossroads in her life. Long married to a successful, driven but inattentive movie producer, she unexpectedly finds herself taking a car trip from Cannes to Paris with Jacques, a business associate of her husband. What should be a seven-hour drive turns into a carefree two-day adventure replete with diversions involving picturesque sights, fine food and wine, humor, wisdom and romance - reawakening Anne's senses and giving her a new lust for life.",3.4699,/jLzfHNU1JldQpC5TNEvQMnWQxx6.jpg,2017-05-12,Paris Can Wait,False,5.8,241,"[{'iso_3166_1': 'FR', 'name': 'France'}, {'iso_3166_1': 'JP', 'name': 'Japan'}, {'iso_3166_1': 'GB', 'name': 'United Kingdom'}, {'iso_3166_1': 'US', 'name': 'United States of America'}]",2017,"[35, 18, 10749]",Paris Can Wait,5617731.0,6213.0,Sony Pictures Classics,5617731.0,5617731.0,"Comedy,Drama,Romance","['GB', 'FR', 'US', 'JP']",1,1,0,1,0,0,0,1,0,0,0,0,1,1,1,1,0,0,0,1,0,0,0,0,0,0,0,0,0,0,0,0,0,1,0,Comedy,3,5,May,Spring,1,0,0,0,,,0,0,0,0,1,4,389813101,7,High,1,1,0,0,0,0,0,0,0,paris can,,,,,0,0,0,0,0,0,7,1,0,0,0
False,/gD9JOmzP5jGbb273Abp9ZVG2lnt.jpg,"[18, 10749]",413998,en,My Cousin Rachel,"A young Englishman plots revenge against his mysterious, beautiful cousin, believing that she murdered his guardian. But his feelings become complicated as he finds himself falling under the beguiling spell of her charms.",4.7207,/lLPm7mjg8a8Y5veds4fhSWwvlFS.jpg,2017-06-09,My Cousin Rachel,False,5.7,604,"[{'iso_3166_1': 'GB', 'name': 'United Kingdom'}, {'iso_3166_1': 'US', 'name': 'United States of America'}]",2017,"[18, 10749]",My Cousin Rachel,2716368.0,7306.0,Fox Searchlight Pictures,2716368.0,2716368.0,"Drama,Romance","['GB', 'US']",1,1,0,1,0,0,0,0,0,1,0,0,1,1,1,0,0,0,0,1,0,0,0,0,0,0,0,0,0,0,0,0,0,0,0,Drama,2,6,June,Summer,1,0,0,0,,,0,0,0,0,1,7,412845172,0,High,1,1,0,0,0,0,0,0,0,my cousin,,,,,0,0,0,0,0,0,7,1,0,0,0
False,/19Ed4XgjahPm4U8JT7SnntERIlt.jpg,"[28, 12, 878]",284054,en,Black Panther,"King T'Challa returns home to the reclusive, technologically advanced African nation of Wakanda to serve as his country's new leader. However, T'Challa soon finds that he is challenged for the throne by factions within his own country as well as without. Using powers reserved to Wakandan kings, T'Challa assumes the Black Panther mantle to join with ex-girlfriend Nakia, the queen-mother, his princess-kid sister, members of the Dora Milaje (the Wakandan 'special forces') and an American secret agent, to prevent Wakanda from being dragged into a world war.",10.6812,/uxzzxijgPIY7slzFvMotPv8wjKA.jpg,2018-02-16,Black Panther,False,7.365,23014,"[{'iso_3166_1': 'US', 'name': 'United States of America'}]",2018,"[28, 12, 878]",Black Panther,700426566.0,6.0,Walt Disney Studios Motion Pictures,700426566.0,700426566.0,"Action,Adventure,Science Fiction",['US'],1,0,0,1,1,0,0,0,0,0,0,0,1,1,0,0,1,0,1,0,1,0,0,0,0,0,0,0,0,0,0,1,1,0,0,Action,3,2,February,Winter,0,0,0,1,Presidents Day,1.0,0,0,0,0,1,3,115253424,7,High,0,1,1,0,0,0,0,0,0,black panther,,,,,0,0,1,0,0,1,8,1,0,0,0
False,/mDfJG3LC3Dqb67AZ52x3Z0jU0uB.jpg,"[12, 28, 878]",299536,en,Avengers: Infinity War,"As the Avengers and their allies have continued to protect the world from threats too large for any one hero to handle, a new danger has emerged from the cosmic shadows: Thanos. A despot of intergalactic infamy, his goal is to collect all six Infinity Stones, artifacts of unimaginable power, and use them to inflict his twisted will on all of reality. Everything the Avengers have fought for has led up to this moment - the fate of Earth and existence itself has never been more uncertain.",26.1181,/7WsyChQLEftFiDOVTGkv3hFpyyt.jpg,2018-04-27,Avengers: Infinity War,False,8.235,31238,"[{'iso_3166_1': 'US', 'name': 'United States of America'}]",2018,"[12, 28, 878]",Avengers: Infinity War,678815482.0,8.0,Walt Disney Studios Motion Pictures,678815482.0,678815482.0,"Adventure,Action,Science Fiction",['US'],1,0,0,1,1,0,0,0,0,0,0,0,1,1,0,0,1,0,1,0,1,0,0,0,0,0,0,0,0,0,0,1,1,0,0,Adventure,3,4,April,Spring,0,0,0,0,,,0,0,0,0,1,2,101028233,7,Medium,0,1,1,0,0,0,0,0,1,avengers,1082363778.0,459005868.0,541181889.0,2.0,0,0,1,0,0,1,8,1,0,0,0
False,/mabuNsGJgRuCTuGqjFkWe1xdu19.jpg,"[28, 12, 16, 10751]",260513,en,Incredibles 2,"Elastigirl springs into action to save the day, while Mr. Incredible faces his greatest challenge yet – taking care of the problems of his three children.",7.4266,/9lFKBtaVIhP7E2Pk0IY1CwTKTMZ.jpg,2018-06-15,Incredibles 2,False,7.455,13387,"[{'iso_3166_1': 'US', 'name': 'United States of America'}]",2018,"[28, 12, 16, 10751]",Incredibles 2,608581744.0,16.0,Walt Disney Studios Motion Pictures,608581744.0,608581744.0,"Action,Adventure,Animation,Family",['US'],1,0,0,1,1,0,0,0,0,0,0,0,1,1,0,0,1,0,1,0,0,0,0,1,0,1,0,0,0,0,0,1,0,0,1,Action,4,6,June,Summer,1,0,0,0,,,0,0,0,0,1,4,417719760,0,High,1,1,0,0,0,0,0,0,1,incredibles 2,0.0,,,0.0,0,0,0,0,0,0,8,1,0,0,0
False,/gBmrsugfWpiXRh13Vo3j0WW55qD.jpg,"[28, 12, 878, 53]",351286,en,Jurassic World: Fallen Kingdom,"Three years after Jurassic World was destroyed, Isla Nublar now sits abandoned. When the island's dormant volcano begins roaring to life, Owen and Claire mount a campaign to rescue the remaining dinosaurs from this extinction-level event.",9.1594,/x8cLgs0uXlb9rmpuVIxopoRGnCr.jpg,2018-06-22,Jurassic World: Fallen Kingdom,False,6.536,12435,"[{'iso_3166_1': 'US', 'name': 'United States of America'}]",2018,"[28, 12, 878, 53]",Jurassic World: Fallen Kingdom,417719760.0,41.0,Universal Pictures,417719760.0,417719760.0,"Action,Adventure,Science Fiction,Thriller",['US'],1,0,0,1,0,0,1,0,0,0,0,0,1,1,0,0,1,1,1,0,1,0,0,0,0,0,0,0,0,0,0,1,1,0,0,Action,4,6,June,Summer,1,0,0,0,,,0,0,0,0,1,7,608581744,7,High,1,1,0,0,0,0,0,1,1,jurassic world,653406625.0,653406625.0,653406625.0,1.0,0,1,0,0,1,1,8,1,0,0,0
False,/9QusGjxcYvfPD1THg6oW3RLeNn7.jpg,"[28, 12, 14]",297802,en,Aquaman,"Half-human, half-Atlantean Arthur Curry is taken on the journey of his lifetime to discover if he is worth of being a king.",8.5277,/ufl63EFcc5XpByEV2Ecdw6WJZAI.jpg,2018-12-21,Aquaman,False,6.87,14623,"[{'iso_3166_1': 'US', 'name': 'United States of America'}]",2018,"[28, 12, 14]",Aquaman,335104314.0,85.0,Warner Bros.,335104314.0,335104314.0,"Action,Adventure,Fantasy",['US'],1,0,0,1,0,1,0,0,0,0,0,0,1,1,0,0,1,0,1,0,0,0,0,0,1,0,0,0,0,0,0,1,0,0,0,Action,3,12,December,Winter,0,1,1,1,Christmas,4.0,1,0,0,0,1,5,190241310,0,High,0,1,0,1,0,0,0,0,0,aquaman,,,,,0,0,1,0,0,1,8,1,0,0,0
False,/3P52oz9HPQWxcwHOwxtyrVV1LKi.jpg,"[28, 35, 12]",383498,en,Deadpool 2,Wisecracking mercenary Deadpool battles the evil and powerful Cable and other bad guys to save a boy's life.,10.1037,/to0spRl1CMDvyUbOnbb4fTk3VAd.jpg,2018-05-18,Deadpool 2,False,7.489,18789,"[{'iso_3166_1': 'US', 'name': 'United States of America'}]",2018,"[28, 35, 12]",Deadpool 2,324591735.0,94.0,Twentieth Century Fox,324591735.0,324591735.0,"Action,Comedy,Adventure",['US'],1,0,0,1,0,0,0,0,0,1,0,0,1,1,0,1,1,0,1,0,0,0,0,0,0,0,0,0,0,0,0,1,0,0,0,Action,3,5,May,Spring,1,0,0,1,Memorial Day,7.0,0,0,0,1,1,3,213767512,0,High,1,1,0,0,0,0,0,0,1,deadpool 2,0.0,,,0.0,0,0,1,0,0,1,8,1,0,0,0
False,/5lWIYxYEqWi8j3ZloxXntw3ImBo.jpg,"[10751, 35, 16]",360920,en,The Grinch,The Grinch hatches a scheme to ruin Christmas when the residents of Whoville plan their annual holiday celebration.,34.8234,/smxA8yvZ0LzDPer9BIRd4pyOpx1.jpg,2018-11-09,The Grinch,False,6.871,4314,"[{'iso_3166_1': 'US', 'name': 'United States of America'}]",2018,"[10751, 35, 16]",The Grinch,272504456.0,140.0,Universal Pictures,272504456.0,272504456.0,"Family,Comedy,Animation",['US'],1,0,0,1,0,0,1,0,0,0,0,0,1,1,0,1,0,0,0,0,0,0,0,1,0,1,0,0,0,0,0,0,0,0,1,Family,3,11,November,Fall,0,1,1,1,Veterans Day,2.0,0,0,0,0,1,7,216668042,7,High,1,1,0,0,0,0,0,0,0,grinch,,,,,0,0,0,0,0,0,8,1,0,0,0
False,/5jnoAA74Qwb5w6B9FMvnc20n6Ie.jpg,"[28, 12]",353081,en,Mission: Impossible - Fallout,"When an IMF mission ends badly, the world is faced with dire consequences. As Ethan Hunt takes it upon himself to fulfill his original briefing, the CIA begin to question his loyalty and his motives. The IMF team find themselves in a race against time, hunted by assassins while trying to prevent a global catastrophe.",8.9877,/AkJQpZp9WoNdj7pLYSj1L0RcMMN.jpg,2018-07-27,Mission: Impossible - Fallout,False,7.444,8851,"[{'iso_3166_1': 'US', 'name': 'United States of America'}]",2018,"[28, 12]",Mission: Impossible - Fallout,220159104.0,204.0,Paramount Pictures,220159104.0,220159104.0,"Action,Adventure",['US'],1,0,0,1,0,0,0,0,1,0,0,0,1,1,0,0,1,0,1,0,0,0,0,0,0,0,0,0,0,0,0,1,0,0,0,Action,2,7,July,Summer,1,0,0,0,,,0,0,0,0,1,4,145522784,7,High,0,1,0,0,0,0,0,1,1,mission,404440280.0,195042377.0,202220140.0,2.0,0,0,0,0,0,1,8,1,0,0,0
False,/dcvbs8z0GEXslC1kCT77x19XDeR.jpg,"[10402, 18]",424694,en,Bohemian Rhapsody,"Singer Freddie Mercury, guitarist Brian May, drummer Roger Taylor and bass guitarist John Deacon take the music world by storm when they form the rock 'n' roll band Queen in 1970. Hit songs become instant classics. When Mercury's increasingly wild lifestyle starts to spiral out of control, Queen soon faces its greatest challenge yet – finding a way to keep the band together amid the success and excess.",8.3408,/lHu1wtNaczFPGFDTrjCSzeLPTKN.jpg,2018-11-02,Bohemian Rhapsody,False,7.964,17434,"[{'iso_3166_1': 'GB', 'name': 'United Kingdom'}, {'iso_3166_1': 'US', 'name': 'United States of America'}]",2018,"[10402, 18]",Bohemian Rhapsody,216668042.0,218.0,Twentieth Century Fox,216668042.0,216668042.0,"Music,Drama","['GB', 'US']",1,1,0,1,0,0,0,0,0,1,0,0,1,1,1,0,0,0,0,0,0,0,0,0,0,0,0,0,1,0,0,0,0,0,0,Music,2,11,November,Fall,0,1,1,1,Veterans Day,9.0,0,0,0,0,1,6,272504456,0,High,1,1,0,0,0,0,0,0,0,bohemian rhapsody,,,,,0,0,0,0,0,0,8,1,0,0,0
False,/2tcTm5oRlRN5fKFvY4Gbrwp8h38.jpg,"[28, 12, 878]",363088,en,Ant-Man and the Wasp,"Just when his time under house arrest is about to end, Scott Lang once again puts his freedom at risk to help Hope van Dyne and Dr. Hank Pym dive into the quantum realm and try to accomplish, against time and any chance of success, a very dangerous rescue mission.",6.2779,/cFQEO687n1K6umXbInzocxcnAQz.jpg,2018-07-06,Ant-Man and the Wasp,False,6.91,13877,"[{'iso_3166_1': 'US', 'name': 'United States of America'}]",2018,"[28, 12, 878]",Ant-Man and the Wasp,216648740.0,219.0,Walt Disney Studios Motion Pictures,216648740.0,216648740.0,"Action,Adventure,Science Fiction",['US'],1,0,0,1,1,0,0,0,0,0,0,0,1,1,0,0,1,0,1,0,1,0,0,0,0,0,0,0,0,0,0,1,1,0,0,Action,3,7,July,Summer,1,0,0,1,Independence Day,2.0,0,0,1,0,1,7,417719760,2,High,1,1,1,0,0,0,0,0,0,ant,,,,,0,0,1,0,0,1,8,1,0,0,0
False,/dDYpjrwh1wNVQk0rEpc9P81wQt4.jpg,"[10402, 18, 10749]",332562,en,A Star Is Born,"Seasoned musician Jackson Maine discovers — and falls in love with — struggling artist Ally. She has just about given up on her dream to make it big as a singer — until Jack coaxes her into the spotlight. But even as Ally's career takes off, the personal side of their relationship is breaking down, as Jack fights an ongoing battle with his own internal demons.",8.0589,/wrFpXMNBRj2PBiN4Z5kix51XaIZ.jpg,2018-10-05,A Star Is Born,False,7.495,12029,"[{'iso_3166_1': 'US', 'name': 'United States of America'}]",2018,"[10402, 18, 10749]",A Star Is Born,215333122.0,223.0,Warner Bros.,215333122.0,215333122.0,"Music,Drama,Romance",['US'],1,0,0,1,0,1,0,0,0,0,0,0,1,1,1,0,0,0,0,1,0,0,0,0,0,0,0,0,1,0,0,0,0,0,0,Music,3,10,October,Fall,0,0,1,1,Columbus Day,5.0,0,0,0,0,1,3,213515506,0,High,1,1,0,0,0,0,0,0,0,star is,,,,,0,0,0,0,0,0,8,1,0,0,0
False,/y9jGaGNn1dQDhPkhMumXaLize73.jpg,"[878, 12, 28]",348350,en,Solo: A Star Wars Story,"Through a series of daring escapades deep within a dark and dangerous criminal underworld, Han Solo meets his mighty future copilot Chewbacca and encounters the notorious gambler Lando Calrissian.",5.6082,/4oD6VEccFkorEBTEDXtpLAaz0Rl.jpg,2018-05-25,Solo: A Star Wars Story,False,6.559,9032,"[{'iso_3166_1': 'US', 'name': 'United States of America'}]",2018,"[878, 12, 28]",Solo: A Star Wars Story,213767512.0,227.0,Walt Disney Studios Motion Pictures,213767512.0,213767512.0,"Science Fiction,Adventure,Action",['US'],1,0,0,1,1,0,0,0,0,0,0,0,1,1,0,0,1,0,1,0,1,0,0,0,0,0,0,0,0,0,0,1,1,0,0,Science Fiction,3,5,May,Spring,1,0,0,1,Memorial Day,0.0,0,0,0,1,1,3,324591735,7,High,1,1,0,0,1,0,0,0,1,solo,0.0,,,0.0,0,0,0,0,0,1,8,1,0,0,0
False,/hNsYUryiwxcdeTMkaBcPF3iEg0p.jpg,"[878, 28]",335983,en,Venom,"Investigative journalist Eddie Brock attempts a comeback following a scandal, but accidentally becomes the host of Venom, a violent, super powerful alien symbiote. Soon, he must rely on his newfound powers to protect the world from a shadowy organization looking for a symbiote of their own.",12.8163,/2uNW4WbgBXL25BAbXGLnLqX71Sw.jpg,2018-10-05,Venom,False,6.827,16894,"[{'iso_3166_1': 'CN', 'name': 'China'}, {'iso_3166_1': 'US', 'name': 'United States of America'}]",2018,"[878, 28]",Venom,213515506.0,229.0,Sony Pictures Releasing,213515506.0,213515506.0,"Science Fiction,Action","['US', 'CN']",1,0,0,1,0,0,0,1,0,0,0,0,1,1,0,0,1,0,0,0,1,0,0,0,0,0,0,0,0,0,0,0,1,0,0,Science Fiction,2,10,October,Fall,0,0,1,1,Columbus Day,5.0,0,0,0,0,1,3,215333122,0,High,1,1,0,0,0,0,0,0,0,venom,,,,,0,0,1,0,0,1,8,1,0,0,0
False,/qDQEQbgP3v7B9IYLAUcYexNrVYP.jpg,"[10751, 16, 35, 12]",404368,en,Ralph Breaks the Internet,"Video game bad guy Ralph and fellow misfit Vanellope von Schweetz must risk it all by traveling to the World Wide Web in search of a replacement part to save Vanellope's video game, Sugar Rush. In way over their heads, Ralph and Vanellope rely on the citizens of the internet — the netizens — to help navigate their way, including an entrepreneur named Yesss, who is the head algorithm and the heart and soul of trend-making site BuzzzTube.",6.5938,/iVCrhBcpDaHGvv7CLYbK6PuXZo1.jpg,2018-11-21,Ralph Breaks the Internet,False,7.165,7914,"[{'iso_3166_1': 'US', 'name': 'United States of America'}]",2018,"[10751, 16, 35, 12]",Ralph Breaks the Internet,201091711.0,252.0,Walt Disney Studios Motion Pictures,201091711.0,201091711.0,"Family,Animation,Comedy,Adventure",['US'],1,0,0,1,1,0,0,0,0,0,0,0,1,1,0,1,0,0,1,0,0,0,0,1,0,1,0,0,0,0,0,0,0,0,1,Family,4,11,November,Fall,0,1,1,1,Veterans Day,10.0,0,0,0,0,1,5,272504456,0,High,1,1,0,0,0,0,0,1,1,ralph breaks,0.0,,,0.0,0,0,0,0,0,1,8,1,0,0,0
False,/8mnXR9rey5uQ08rZAvzojKWbDQS.jpg,"[16, 28, 12, 878]",324857,en,Spider-Man: Into the Spider-Verse,"Struggling to find his place in the world while juggling school and family, Brooklyn teenager Miles Morales is unexpectedly bitten by a radioactive spider and develops unfathomable powers just like the one and only Spider-Man. While wrestling with the implications of his new abilities, Miles discovers a super collider created by the madman Wilson ""Kingpin"" Fisk, causing others from across the Spider-Verse to be inadvertently transported to his dimension.",16.3596,/iiZZdoQBEYBv6id8su7ImL0oCbD.jpg,2018-12-14,Spider-Man: Into the Spider-Verse,False,8.395,16681,"[{'iso_3166_1': 'US', 'name': 'United States of America'}]",2018,"[16, 28, 12, 878]",Spider-Man: Into the Spider-Verse,190241310.0,278.0,Sony Pictures Releasing,190241310.0,190241310.0,"Animation,Action,Adventure,Science Fiction",['US'],1,0,0,1,0,0,0,1,0,0,0,0,1,1,0,0,1,0,1,0,1,0,0,0,0,1,0,0,0,0,0,1,1,0,0,Animation,4,12,December,Winter,0,1,1,0,,,0,0,0,0,1,4,335104314,0,High,1,1,0,0,0,0,0,0,1,spider,334952829.0,334952829.0,334952829.0,1.0,0,0,1,0,0,1,8,1,0,0,0
False,/nIrDm42dy5PaXtUAzUfPmxM4mQm.jpg,"[27, 18, 878]",447332,en,A Quiet Place,A family is forced to live in silence while hiding from creatures that hunt by sound.,9.6221,/nAU74GmpUk7t5iklEp3bufwDq4n.jpg,2018-04-06,A Quiet Place,False,7.395,14939,"[{'iso_3166_1': 'US', 'name': 'United States of America'}]",2018,"[27, 18, 878]",A Quiet Place,188024361.0,284.0,Paramount Pictures,188024361.0,188024361.0,"Horror,Drama,Science Fiction",['US'],1,0,0,1,0,0,0,0,1,0,0,0,1,1,1,0,0,0,0,0,1,1,0,0,0,0,0,0,0,0,0,0,0,0,0,Horror,3,4,April,Spring,0,0,0,0,,,0,0,0,0,1,3,137715350,7,High,0,1,0,0,0,0,0,0,0,quiet place,,,,,0,0,0,0,0,0,8,1,0,0,0
False,/7tTCnQcKzUkabDV3BJMe7LIzlEs.jpg,"[35, 10749]",455207,en,Crazy Rich Asians,"An American-born Chinese economics professor accompanies her boyfriend to Singapore for his best friend's wedding, only to get thrust into the lives of Asia's rich and famous.",8.5686,/1XxL4LJ5WHdrcYcihEZUCgNCpAW.jpg,2018-08-15,Crazy Rich Asians,False,7.059,3860,"[{'iso_3166_1': 'US', 'name': 'United States of America'}, {'iso_3166_1': 'HK', 'name': 'Hong Kong'}]",2018,"[35, 10749]",Crazy Rich Asians,174837452.0,335.0,Warner Bros.,174837452.0,174837452.0,"Comedy,Romance","['HK', 'US']",1,0,0,1,0,1,0,0,0,0,0,0,1,1,0,1,0,0,0,1,0,0,0,0,0,0,0,0,0,0,0,0,0,1,0,Comedy,2,8,August,Summer,1,0,0,0,,,0,0,0,0,1,1,145522784,5,Medium,0,1,0,0,0,0,0,0,0,crazy rich,,,,,0,0,0,0,0,0,8,1,0,0,0
False,/oGzToOBTRdXVOrHj8r0VgK3d2sU.jpg,"[14, 10751, 35]",400650,en,Mary Poppins Returns,"Mary Poppins returns to the Banks family and helps them evade grave dangers by taking them on magical, musical adventures.",3.6235,/uTVGku4LibMGyKgQvjBtv3OYfAX.jpg,2018-12-19,Mary Poppins Returns,False,6.5,3413,"[{'iso_3166_1': 'US', 'name': 'United States of America'}]",2018,"[14, 10751, 35]",Mary Poppins Returns,171958438.0,351.0,Walt Disney Studios Motion Pictures,171958438.0,171958438.0,"Fantasy,Family,Comedy",['US'],1,0,0,1,1,0,0,0,0,0,0,0,1,1,0,1,0,0,0,0,0,0,0,1,1,0,0,0,0,0,0,0,0,0,0,Fantasy,3,12,December,Winter,0,1,1,1,Christmas,6.0,1,0,0,0,1,4,335104314,2,High,1,1,0,0,0,0,0,0,1,mary poppins,0.0,,,0.0,0,0,0,1,1,1,8,1,0,0,0
False,/m03jul0YdVEOFXEQVUv6pOVQYGL.jpg,"[16, 35, 10751, 14]",400155,en,Hotel Transylvania 3: Summer Vacation,"Dracula, Mavis, Johnny and the rest of the Drac Pack take a vacation on a luxury Monster Cruise Ship, where Dracula falls in love with the ship’s captain, Ericka, who’s secretly a descendant of Abraham Van Helsing, the notorious monster slayer.",11.6609,/lzE5BwGQea1nek7TPXUuC5AZ6rq.jpg,2018-06-30,Hotel Transylvania 3: Summer Vacation,False,6.854,4616,"[{'iso_3166_1': 'US', 'name': 'United States of America'}]",2018,"[16, 35, 10751, 14]",Hotel Transylvania 3: Summer Vacation,167510016.0,368.0,Sony Pictures Releasing,167510016.0,167510016.0,"Animation,Comedy,Family,Fantasy",['US'],1,0,0,1,0,0,0,1,0,0,0,0,1,1,0,1,0,0,0,0,0,0,0,1,1,1,0,0,0,0,0,0,0,0,1,Animation,4,6,June,Summer,1,0,0,1,Independence Day,4.0,0,0,1,0,1,5,417719760,1,High,1,1,0,0,0,0,0,1,1,hotel transylvania,318126415.0,169700110.0,159063207.5,2.0,0,0,0,0,0,1,8,1,0,0,0
False,/i3rRY0EKYhSpyOLRAQ7iB05zhAp.jpg,"[14, 12]",338952,en,Fantastic Beasts: The Crimes of Grindelwald,"Gellert Grindelwald has escaped imprisonment and has begun gathering followers to his cause—elevating wizards above all non-magical beings. The only one capable of putting a stop to him is the wizard he once called his closest friend, Albus Dumbledore. However, Dumbledore will need to seek help from the wizard who had thwarted Grindelwald once before, his former student Newt Scamander, who agrees to help, unaware of the dangers that lie ahead. Lines are drawn as love and loyalty are tested, even among the truest friends and family, in an increasingly divided wizarding world.",4.8257,/fMMrl8fD9gRCFJvsx0SuFwkEOop.jpg,2018-11-16,Fantastic Beasts: The Crimes of Grindelwald,False,6.842,11264,"[{'iso_3166_1': 'GB', 'name': 'United Kingdom'}, {'iso_3166_1': 'US', 'name': 'United States of America'}]",2018,"[14, 12]",Fantastic Beasts: The Crimes of Grindelwald,159555901.0,401.0,Warner Bros.,159555901.0,159555901.0,"Fantasy,Adventure","['GB', 'US']",1,1,0,1,0,1,0,0,0,0,0,0,1,1,0,0,0,0,1,0,0,0,0,0,1,0,0,0,0,0,0,0,0,0,0,Fantasy,2,11,November,Fall,0,1,1,1,Veterans Day,5.0,0,0,0,0,1,7,272504456,0,High,1,1,0,0,0,0,1,0,1,fantastic beasts,234037575.0,234037575.0,234037575.0,1.0,0,0,0,0,0,1,8,1,0,0,0
False,/hO1oTBGNxO5fBKVEuWnSpICJH7c.jpg,"[27, 53]",424139,en,Halloween,"Laurie Strode comes to her final confrontation with Michael Myers, the masked figure who has haunted her since she narrowly escaped his killing spree on Halloween night four decades ago.",4.6974,/f7JAX5EGk4GgsEnus6OxyzwpFp7.jpg,2018-10-19,Halloween,False,6.566,4952,"[{'iso_3166_1': 'US', 'name': 'United States of America'}]",2018,"[27, 53]",Halloween,159342015.0,402.0,Universal Pictures,159342015.0,159342015.0,"Horror,Thriller",['US'],1,0,0,1,0,0,1,0,0,0,0,0,1,1,0,0,0,1,0,0,0,1,0,0,0,0,0,0,0,0,0,0,0,0,0,Horror,2,10,October,Fall,0,0,1,1,Columbus Day,9.0,0,0,0,0,1,4,216668042,14,High,1,0,0,0,0,0,0,1,1,halloween,0.0,,,0.0,0,0,0,0,0,1,8,1,0,0,0
False,/ibKeXahq4JD63z6uWQphqoJLvNw.jpg,"[28, 878, 27]",345940,en,The Meg,"A deep sea submersible pilot revisits his past fears in the Mariana Trench, and accidentally unleashes the seventy foot ancestor of the Great White Shark believed to be extinct.",6.1798,/eyWICPcxOuTcDDDbTMOZawoOn8d.jpg,2018-08-10,The Meg,False,6.25,8012,"[{'iso_3166_1': 'CN', 'name': 'China'}, {'iso_3166_1': 'US', 'name': 'United States of America'}]",2018,"[28, 878, 27]",The Meg,145522784.0,465.0,Warner Bros.,145522784.0,145522784.0,"Action,Science Fiction,Horror","['US', 'CN']",1,0,0,1,0,1,0,0,0,0,0,0,1,1,0,0,1,0,0,0,1,1,0,0,0,0,0,0,0,0,0,0,1,0,0,Action,3,8,August,Summer,1,0,0,0,,,0,0,0,0,1,2,220159104,5,Medium,1,1,0,0,0,0,0,0,0,meg,,,,,0,0,0,0,0,0,8,1,0,0,0
False,/scQf03Fm3jeyv4FH04qvi4fp4wh.jpg,"[80, 35, 28]",402900,en,Ocean's Eight,"Debbie Ocean, a criminal mastermind, gathers a crew of female thieves to pull off the heist of the century at New York's annual Met Gala.",6.8958,/MvYpKlpFukTivnlBhizGbkAe3v.jpg,2018-06-08,Ocean's Eight,False,6.967,8615,"[{'iso_3166_1': 'US', 'name': 'United States of America'}]",2018,"[80, 35, 28]",Ocean's Eight,140295726.0,494.0,Warner Bros.,140295726.0,140295726.0,"Crime,Comedy,Action",['US'],1,0,0,1,0,1,0,0,0,0,0,0,1,1,0,1,1,0,0,0,0,0,1,0,0,0,0,0,0,0,0,0,0,0,0,Crime,3,6,June,Summer,1,0,0,0,,,0,0,0,0,1,4,608581744,7,High,1,1,0,0,0,0,0,1,1,ocean s,0.0,,,0.0,0,0,0,0,0,1,8,1,0,0,0
False,/5a7lMDn3nAj2ByO0X1fg6BhUphR.jpg,"[12, 28, 878]",333339,en,Ready Player One,"When the creator of a popular video game system dies, a virtual contest is created to compete for his fortune.",13.8586,/pU1ULUq8D3iRxl1fdX2lZIzdHuI.jpg,2018-03-29,Ready Player One,False,7.585,16435,"[{'iso_3166_1': 'US', 'name': 'United States of America'}, {'iso_3166_1': 'IN', 'name': 'India'}, {'iso_3166_1': 'SG', 'name': 'Singapore'}, {'iso_3166_1': 'CA', 'name': 'Canada'}, {'iso_3166_1': 'GB', 'name': 'United Kingdom'}, {'iso_3166_1': 'JP', 'name': 'Japan'}, {'iso_3166_1': 'AU', 'name': 'Australia'}]",2018,"[12, 28, 878]",Ready Player One,137715350.0,514.0,Warner Bros.,137715350.0,137715350.0,"Adventure,Action,Science Fiction","['CA', 'GB', 'SG', 'AU', 'JP', 'US', 'IN']",1,1,1,1,0,1,0,0,0,0,0,0,1,1,0,0,1,0,1,0,1,0,0,0,0,0,0,0,0,0,0,1,1,0,0,Adventure,3,3,March,Spring,0,0,0,0,,,0,0,0,0,1,4,188024361,6,High,0,1,0,0,0,0,0,0,0,ready player,,,,,0,0,0,0,0,0,8,1,0,0,0
False,/hMANgfPHR1tRObNp2oPiOi9mMlz.jpg,"[28, 12, 878]",424783,en,Bumblebee,"On the run in the year 1987, Bumblebee finds refuge in a junkyard in a small Californian beach town. Charlie, on the cusp of turning 18 and trying to find her place in the world, discovers Bumblebee, battle-scarred and broken.  When Charlie revives him, she quickly learns this is no ordinary yellow VW bug.",5.9604,/fw02ONlDhrYjTSZV8XO6hhU3ds3.jpg,2018-12-21,Bumblebee,False,6.72,6458,"[{'iso_3166_1': 'CN', 'name': 'China'}, {'iso_3166_1': 'US', 'name': 'United States of America'}]",2018,"[28, 12, 878]",Bumblebee,127195589.0,582.0,Paramount Pictures,127195589.0,127195589.0,"Action,Adventure,Science Fiction","['US', 'CN']",1,0,0,1,0,0,0,0,1,0,0,0,1,1,0,0,1,0,1,0,1,0,0,0,0,0,0,0,0,0,0,1,1,0,0,Action,3,12,December,Winter,0,1,1,1,Christmas,4.0,1,0,0,0,1,5,335104314,0,High,1,1,0,0,0,0,0,1,1,bumblebee,0.0,,,0.0,0,1,0,0,1,1,8,1,0,0,0
False,/8HKwxHZ23sW8wz4yb28IWnAM1M6.jpg,"[35, 10749]",458423,en,Mamma Mia! Here We Go Again,"Five years after meeting her three fathers, Sophie Sheridan prepares to open her mother’s hotel. In 1979, young Donna Sheridan meets the men who each could be Sophie’s biological father.",3.2614,/aWicerX4Y7n7tUwRAVHsVcBBpj2.jpg,2018-07-20,Mamma Mia! Here We Go Again,False,7.085,3508,"[{'iso_3166_1': 'GB', 'name': 'United Kingdom'}, {'iso_3166_1': 'US', 'name': 'United States of America'}]",2018,"[35, 10749]",Mamma Mia! Here We Go Again,120634935.0,630.0,Universal Pictures,120634935.0,120634935.0,"Comedy,Romance","['GB', 'US']",1,1,0,1,0,0,1,0,0,0,0,0,1,1,0,1,0,0,0,1,0,0,0,0,0,0,0,0,0,0,0,0,0,1,0,Comedy,2,7,July,Summer,1,0,0,0,,,0,0,0,0,1,4,220159104,0,High,1,1,0,0,0,0,0,1,1,mamma mia,0.0,,,0.0,0,0,0,0,0,1,8,1,0,0,0
False,/cMnVmutb5mVgIBeiMOncAbwNjvG.jpg,[27],439079,en,The Nun,A priest with a dark past and a novice nearing her final vows are sent by the Vatican to Romania to investigate a nun's death and face a demonic force.,8.3816,/sFC1ElvoKGdHJIWRpNB3xWJ9lJA.jpg,2018-09-07,The Nun,False,5.904,7049,"[{'iso_3166_1': 'US', 'name': 'United States of America'}]",2018,[27],The Nun,117481222.0,662.0,Warner Bros.,117481222.0,117481222.0,Horror,['US'],1,0,0,1,0,1,0,0,0,0,0,0,1,1,0,0,0,0,0,0,0,1,0,0,0,0,0,0,0,0,0,0,0,0,0,Horror,1,9,September,Fall,0,0,0,1,Labor Day,6.0,0,0,0,1,1,2,53548586,7,Medium,0,1,0,0,0,0,0,1,1,nun,0.0,,,0.0,0,0,0,0,0,1,8,1,0,0,0
False,/9il7qNbeYnPMYlutsVYDsj4hRyb.jpg,"[18, 28]",480530,en,Creed II,"Between personal obligations and training for his next big fight against an opponent with ties to his family's past, Adonis Creed is up against the challenge of his life.",5.9331,/v3QyboWRoA4O9RbcsqH8tJMe8EB.jpg,2018-11-21,Creed II,False,7.033,5650,"[{'iso_3166_1': 'US', 'name': 'United States of America'}]",2018,"[18, 28]",Creed II,115715889.0,679.0,Metro-Goldwyn-Mayer (MGM),115715889.0,115715889.0,"Drama,Action",['US'],1,0,0,1,0,0,0,0,0,0,1,0,1,1,1,0,1,0,0,0,0,0,0,0,0,0,0,0,0,0,0,0,0,0,0,Drama,2,11,November,Fall,0,1,1,1,Veterans Day,10.0,0,0,0,0,1,5,272504456,0,High,1,1,0,0,0,0,0,0,1,creed ii,0.0,,,0.0,0,0,0,0,0,0,8,1,0,0,0
False,/1wj8H9gdtkb98Tl3zu0hrHfW0qw.jpg,"[16, 12, 10751]",381719,en,Peter Rabbit,Peter Rabbit's feud with Mr. McGregor escalates to greater heights than ever before as they rival for the affections of the warm-hearted animal lover who lives next door.,3.6146,/lugOvdaNpbVGQK9TyMRDiUbLtY6.jpg,2018-02-09,Peter Rabbit,False,6.693,1866,"[{'iso_3166_1': 'AU', 'name': 'Australia'}, {'iso_3166_1': 'US', 'name': 'United States of America'}]",2018,"[16, 12, 10751]",Peter Rabbit,115253424.0,682.0,Sony Pictures Releasing,115253424.0,115253424.0,"Animation,Adventure,Family","['US', 'AU']",1,0,0,1,0,0,0,1,0,0,0,0,1,1,0,0,0,0,1,0,0,0,0,1,0,1,0,0,0,0,0,0,0,0,1,Animation,3,2,February,Winter,0,0,0,1,Presidents Day,6.0,0,0,0,0,1,4,700426566,0,High,1,1,0,0,0,0,0,0,0,peter rabbit,,,,,0,0,0,0,0,0,8,1,0,0,0
False,/h51DdjaDD2aPu1fLHsmpJaaJinS.jpg,"[80, 18]",504172,en,The Mule,"Earl Stone, a man in his eighties, is broke, alone, and facing foreclosure of his business when he is offered a job that simply requires him to drive. Easy enough, but, unbeknownst to Earl, he's just signed on as a drug courier for a Mexican cartel. He does so well that his cargo increases exponentially, and Earl hit the radar of hard-charging DEA agent Colin Bates.",4.3617,/oeZh7yEz3PMnZLgBPhrafFHRbVz.jpg,2018-12-14,The Mule,False,6.865,5230,"[{'iso_3166_1': 'CA', 'name': 'Canada'}, {'iso_3166_1': 'US', 'name': 'United States of America'}]",2018,"[80, 18]",The Mule,103804407.0,789.0,Warner Bros.,103804407.0,103804407.0,"Crime,Drama","['CA', 'US']",1,0,1,1,0,1,0,0,0,0,0,0,1,1,1,0,0,0,0,0,0,0,1,0,0,0,0,0,0,0,0,0,0,0,0,Crime,2,12,December,Winter,0,1,1,0,,,0,0,0,0,1,4,335104314,0,High,1,1,0,0,0,0,0,0,0,mule,,,,,0,0,0,0,0,0,8,1,0,0,0
False,/55eNvuXNumZ3oDmtcsJvzGhKyLZ.jpg,"[28, 53, 80]",345887,en,The Equalizer 2,"Robert McCall, who serves an unflinching justice for the exploited and oppressed, embarks on a relentless, globe-trotting quest for vengeance when his former partner is murdered.",6.701,/cQvc9N6JiMVKqol3wcYrGshsIdZ.jpg,2018-07-20,The Equalizer 2,False,6.779,5751,"[{'iso_3166_1': 'US', 'name': 'United States of America'}]",2018,"[28, 53, 80]",The Equalizer 2,102084362.0,816.0,Sony Pictures Releasing,102084362.0,102084362.0,"Action,Thriller,Crime",['US'],1,0,0,1,0,0,0,1,0,0,0,0,1,1,0,0,1,1,0,0,0,0,1,0,0,0,0,0,0,0,0,0,0,0,0,Action,3,7,July,Summer,1,0,0,0,,,0,0,0,0,1,4,220159104,0,High,1,1,0,0,0,0,0,1,1,equalizer 2,0.0,,,0.0,0,0,0,0,0,1,8,1,0,0,0
False,/vm8mhrjk5nQ562UQ0KbUzi0yOHr.jpg,"[28, 12, 878]",427641,en,Rampage,"Primatologist Davis Okoye shares an unshakable bond with George, the extraordinarily intelligent, silverback gorilla who has been in his care since birth.  But a rogue genetic experiment gone awry mutates this gentle ape into a raging creature of enormous size.  To make matters worse, it’s soon discovered there are other similarly altered animals.  As these newly created alpha predators tear across North America, destroying everything in their path, Okoye teams with a discredited genetic engineer to secure an antidote, fighting his way through an ever-changing battlefield, not only to halt a global catastrophe but to save the fearsome creature that was once his friend.",7.0256,/MGADip4thVSErP34FAAfzFBTZ5.jpg,2018-04-13,Rampage,False,6.455,7336,"[{'iso_3166_1': 'US', 'name': 'United States of America'}]",2018,"[28, 12, 878]",Rampage,101028233.0,836.0,Warner Bros.,101028233.0,101028233.0,"Action,Adventure,Science Fiction",['US'],1,0,0,1,0,1,0,0,0,0,0,0,1,1,0,0,1,0,1,0,1,0,0,0,0,0,0,0,0,0,0,1,1,0,0,Action,3,4,April,Spring,0,0,0,0,,,0,0,0,0,1,2,678815482,7,Medium,1,1,0,0,0,0,0,0,0,rampage,,,,,0,0,0,0,0,0,8,1,0,0,0
False,/9ywA15OAiwjSTvg3cBs9B7kOCBF.jpg,"[18, 10749]",337167,en,Fifty Shades Freed,"Believing they have left behind shadowy figures from their past, newlyweds Christian and Ana fully embrace an inextricable connection and shared life of luxury. But just as she steps into her role as Mrs. Grey and he relaxes into an unfamiliar stability, new threats could jeopardize their happy ending before it even begins.",10.5171,/jjPJ4s3DWZZvI4vw8Xfi4Vqa1Q8.jpg,2018-02-09,Fifty Shades Freed,False,6.68,8250,"[{'iso_3166_1': 'US', 'name': 'United States of America'}]",2018,"[18, 10749]",Fifty Shades Freed,100407760.0,853.0,Universal Pictures,100407760.0,100407760.0,"Drama,Romance",['US'],1,0,0,1,0,0,1,0,0,0,0,0,1,1,1,0,0,0,0,1,0,0,0,0,0,0,0,0,0,0,0,0,0,0,0,Drama,2,2,February,Winter,0,0,0,1,Presidents Day,6.0,0,0,0,0,1,4,700426566,0,High,1,1,0,0,0,0,0,0,0,fifty shades,,,,,0,0,0,0,0,0,8,1,0,0,0
False,/5En0fmDagt3Pk8d7P3uTwfeQceg.jpg,"[18, 35, 36]",490132,en,Green Book,"Tony Lip, a bouncer in 1962, is hired to drive pianist Don Shirley on a tour through the Deep South in the days when African Americans, forced to find alternate accommodations and services due to segregation laws below the Mason-Dixon Line, relied on a guide called The Negro Motorist Green Book.",10.665,/7BsvSuDQuoqhWmU2fL7W2GOcZHU.jpg,2018-11-16,Green Book,False,8.225,12440,"[{'iso_3166_1': 'US', 'name': 'United States of America'}]",2018,"[18, 35, 36]",Green Book,85080171.0,1030.0,Universal Pictures,85080171.0,85080171.0,"Drama,Comedy,History",['US'],1,0,0,1,0,0,1,0,0,0,0,0,1,1,1,1,0,0,0,0,0,0,0,0,0,0,0,1,0,0,0,0,0,0,0,Drama,3,11,November,Fall,0,1,1,1,Veterans Day,5.0,0,0,0,0,1,7,272504456,0,High,1,1,0,0,0,0,0,0,0,green book,,,,,0,0,0,0,0,0,8,1,0,0,0
False,/zIVHIKljz7pFB8Es9U2n8xaUvDm.jpg,"[10751, 35, 12, 16]",446894,en,Smallfoot,A bright young yeti finds something he thought didn't exist—a human. News of this “smallfoot” throws the simple yeti community into an uproar over what else might be out there in the big world beyond their snowy village.,3.4729,/zfaiO7QgpcvR8XDOMokWLRfKeTE.jpg,2018-09-28,Smallfoot,False,6.817,1590,"[{'iso_3166_1': 'US', 'name': 'United States of America'}]",2018,"[10751, 35, 12, 16]",Smallfoot,83315531.0,1061.0,Warner Bros.,83315531.0,83315531.0,"Family,Comedy,Adventure,Animation",['US'],1,0,0,1,0,1,0,0,0,0,0,0,1,1,0,1,0,0,1,0,0,0,0,1,0,1,0,0,0,0,0,0,0,0,1,Family,4,9,September,Fall,0,0,0,0,,,0,0,0,0,1,4,215333122,7,High,1,1,0,0,0,0,0,0,0,smallfoot,,,,,0,0,0,0,0,0,8,1,0,0,0
False,/r4clWIxKeWoqrHspQP0XunuUmB7.jpg,"[28, 27, 53]",442249,en,The First Purge,"To push the crime rate below one percent for the rest of the year, the New Founding Fathers of America test a sociological theory that vents aggression for one night in one isolated community. But when the violence of oppressors meets the rage of the others, the contagion will explode from the trial-city borders and spread across the nation.",6.1321,/litjsBoiydO6JlO70uOX4N3WnNL.jpg,2018-07-04,The First Purge,False,6.002,4136,"[{'iso_3166_1': 'US', 'name': 'United States of America'}]",2018,"[28, 27, 53]",The First Purge,69488745.0,1332.0,Universal Pictures,69488745.0,69488745.0,"Action,Horror,Thriller",['US'],1,0,0,1,0,0,1,0,0,0,0,0,1,1,0,0,1,1,0,0,0,1,0,0,0,0,0,0,0,0,0,0,0,0,0,Action,3,7,July,Summer,1,0,0,1,Independence Day,0.0,0,0,1,0,1,5,417719760,2,High,1,1,0,0,0,0,0,0,0,first purge,,,,,0,0,0,0,0,0,8,1,0,0,0
False,/aKPCZwkSZy2ASLo0QKeYmcoplfA.jpg,"[9648, 35, 80]",445571,en,Game Night,"Max and Annie's weekly game night gets kicked up a notch when Max's brother Brooks arranges a murder mystery party -- complete with fake thugs and federal agents. So when Brooks gets kidnapped, it's all supposed to be part of the game. As the competitors set out to solve the case, they start to learn that neither the game nor Brooks are what they seem to be. The friends soon find themselves in over their heads as each twist leads to another unexpected turn over the course of one chaotic night.",4.0828,/85R8LMyn9f2Lev2YPBF8Nughrkv.jpg,2018-02-23,Game Night,False,6.8,6101,"[{'iso_3166_1': 'US', 'name': 'United States of America'}]",2018,"[9648, 35, 80]",Game Night,69268230.0,1335.0,Warner Bros.,69268230.0,69268230.0,"Mystery,Comedy,Crime",['US'],1,0,0,1,0,1,0,0,0,0,0,0,1,1,0,1,0,0,0,0,0,0,1,0,0,0,1,0,0,0,0,0,0,0,0,Mystery,3,2,February,Winter,0,0,0,1,Presidents Day,8.0,0,0,0,0,1,3,700426566,7,High,1,1,0,0,0,0,0,0,0,game night,,,,,0,0,0,0,0,0,8,1,0,0,0
False,/ut4V8JMXlj7L5qX8jSXbKMY6WT3.jpg,"[10749, 35, 18]",502682,en,Book Club,Four lifelong friends decide that their lives could change by becoming nasty and reading Fifty Shades of Grey in their monthly book club to get inspiration on how to handle sexual pleasure at an elderly age.,16.9991,/6ORGBbOA45pfKQXvntPf46NoFGO.jpg,2018-05-18,Book Club,False,6.229,818,"[{'iso_3166_1': 'US', 'name': 'United States of America'}]",2018,"[10749, 35, 18]",Book Club,68566296.0,1346.0,Paramount Pictures,68566296.0,68566296.0,"Romance,Comedy,Drama",['US'],1,0,0,1,0,0,0,0,1,0,0,0,1,1,1,1,0,0,0,1,0,0,0,0,0,0,0,0,0,0,0,0,0,1,0,Romance,3,5,May,Spring,1,0,0,1,Memorial Day,7.0,0,0,0,1,1,3,324591735,0,High,1,1,0,0,0,0,0,0,0,book club,,,,,0,0,0,0,0,0,8,1,0,0,0
False,/oMKFQmoVgB69fyXfSMu0lGlHJP2.jpg,"[28, 53, 12]",447200,en,Skyscraper,"Framed and on the run, a former FBI agent must save his family from a blazing fire in the world's tallest building.",5.4874,/52ml62vClzrlqvXZq2FEW6UF6c1.jpg,2018-07-13,Skyscraper,False,6.314,5217,"[{'iso_3166_1': 'JP', 'name': 'Japan'}, {'iso_3166_1': 'US', 'name': 'United States of America'}]",2018,"[28, 53, 12]",Skyscraper,68420120.0,1351.0,Universal Pictures,68420120.0,68420120.0,"Action,Thriller,Adventure","['US', 'JP']",1,0,0,1,0,0,1,0,0,0,0,0,1,1,0,0,1,1,1,0,0,0,0,0,0,0,0,0,0,0,0,1,0,0,0,Action,3,7,July,Summer,1,0,0,1,Independence Day,9.0,0,0,1,0,1,7,220159104,7,High,1,1,0,0,0,0,0,0,0,skyscraper,,,,,0,0,0,0,0,0,8,1,0,0,0
False,/PwI3EfasE9fVuXsmMu9ffJh0Re.jpg,"[27, 53]",406563,en,Insidious: The Last Key,"Parapsychologist Elise Rainier and her team travel to Five Keys, NM, to investigate a man’s claim of a haunting. Terror soon strikes when Rainier realizes that the house he lives in was her family’s old home.",3.7149,/nb9fc9INMg8kQ8L7sE7XTNsZnUX.jpg,2018-01-05,Insidious: The Last Key,False,6.252,3060,"[{'iso_3166_1': 'US', 'name': 'United States of America'}]",2018,"[27, 53]",Insidious: The Last Key,67745330.0,1359.0,Universal Pictures,67745330.0,67745330.0,"Horror,Thriller",['US'],1,0,0,1,0,0,1,0,0,0,0,0,1,1,0,0,0,1,0,0,0,1,0,0,0,0,0,0,0,0,0,0,0,0,0,Horror,2,1,January,Winter,0,0,0,1,New Year's Day,4.0,1,0,0,0,1,2,104897530,14,Medium,0,0,0,0,0,0,0,0,1,insidious,189814155.0,52218558.0,63271385.0,3.0,0,0,0,0,0,0,8,1,0,0,0
False,/hgESQ2sK21j22Yode4w99jfwj44.jpg,"[35, 18]",491418,en,Instant Family,"When Pete and Ellie decide to start a family, they stumble into the world of foster care adoption. They hope to take in one small child but when they meet three siblings, including a rebellious 15 year old girl, they find themselves speeding from zero to three kids overnight.",4.7407,/xYV1mODz99w7AjKDSQ7h2mzZhVe.jpg,2018-11-16,Instant Family,False,7.505,3140,"[{'iso_3166_1': 'US', 'name': 'United States of America'}]",2018,"[35, 18]",Instant Family,67363237.0,1369.0,Paramount Pictures,67363237.0,67363237.0,"Comedy,Drama",['US'],1,0,0,1,0,0,0,0,1,0,0,0,1,1,1,1,0,0,0,0,0,0,0,0,0,0,0,0,0,0,0,0,0,0,0,Comedy,2,11,November,Fall,0,1,1,1,Veterans Day,5.0,0,0,0,0,1,7,272504456,0,High,1,1,0,0,0,0,0,0,0,instant family,,,,,0,0,0,0,0,0,8,1,0,0,0
False,/oMaj75G2WFw66xI1TREg1hrToSg.jpg,"[28, 14, 878, 12]",268896,en,Pacific Rim: Uprising,"It has been ten years since The Battle of the Breach and the oceans are still, but restless. Vindicated by the victory at the Breach, the Jaeger program has evolved into the most powerful global defense force in human history. The PPDC now calls upon the best and brightest to rise up and become the next generation of heroes when the Kaiju threat returns.",4.9967,/nFWhttU8PM50t25NPdy7PE7rv3G.jpg,2018-03-23,Pacific Rim: Uprising,False,6.134,5189,"[{'iso_3166_1': 'US', 'name': 'United States of America'}]",2018,"[28, 14, 878, 12]",Pacific Rim: Uprising,59874525.0,1584.0,Universal Pictures,59874525.0,59874525.0,"Action,Fantasy,Science Fiction,Adventure",['US'],1,0,0,1,0,0,1,0,0,0,0,0,1,1,0,0,1,0,1,0,1,0,0,0,1,0,0,0,0,0,0,1,1,0,0,Action,4,3,March,Spring,0,0,0,0,,,0,0,0,0,1,4,188024361,6,High,0,1,0,0,0,0,0,1,1,pacific rim,101802906.0,101802906.0,101802906.0,1.0,0,0,0,1,1,1,8,1,0,0,0
False,/ohijjhvNqAPKTURQr6VIF7xuAjY.jpg,"[28, 12, 14]",338970,en,Tomb Raider,"Lara Croft, the fiercely independent daughter of a missing adventurer, must push herself beyond her limits when she finds herself on the island where her father disappeared.",8.435,/s4Qn5LF6OwK4rIifmthIDtbqDSs.jpg,2018-03-16,Tomb Raider,False,6.367,8169,"[{'iso_3166_1': 'JP', 'name': 'Japan'}, {'iso_3166_1': 'GB', 'name': 'United Kingdom'}, {'iso_3166_1': 'US', 'name': 'United States of America'}]",2018,"[28, 12, 14]",Tomb Raider,58250803.0,1628.0,Warner Bros.,58250803.0,58250803.0,"Action,Adventure,Fantasy","['GB', 'US', 'JP']",1,1,0,1,0,1,0,0,0,0,0,0,1,1,0,0,1,0,1,0,0,0,0,0,1,0,0,0,0,0,0,1,0,0,0,Action,3,3,March,Spring,0,0,0,0,,,0,0,0,0,1,3,137715350,0,High,0,1,0,0,0,0,0,0,0,tomb raider,,,,,0,0,0,0,0,0,8,1,0,0,0
False,/ufUAOM5aVizNf8d5YLoutqrrlhq.jpg,"[878, 28, 12, 53]",336843,en,Maze Runner: The Death Cure,"Thomas leads his group of escaped Gladers on their final and most dangerous mission yet. To save their friends, they must break into the legendary Last City, a WCKD-controlled labyrinth that may turn out to be the deadliest maze of all. Anyone who makes it out alive will get answers to the questions the Gladers have been asking since they first arrived in the maze.",6.4105,/drbERzlA4cuRWhsTXfFOY4mRR4f.jpg,2018-01-26,Maze Runner: The Death Cure,False,7.092,8186,"[{'iso_3166_1': 'US', 'name': 'United States of America'}]",2018,"[878, 28, 12, 53]",Maze Runner: The Death Cure,58032443.0,1636.0,Twentieth Century Fox,58032443.0,58032443.0,"Science Fiction,Action,Adventure,Thriller",['US'],1,0,0,1,0,0,0,0,0,1,0,0,1,1,0,0,1,1,1,0,1,0,0,0,0,0,0,0,0,0,0,1,1,0,0,Science Fiction,4,1,January,Winter,0,0,0,0,,,0,0,0,0,1,2,115253424,14,Medium,0,0,0,0,0,0,0,1,1,maze runner,184125054.0,81697192.0,92062527.0,2.0,0,0,0,0,0,1,8,1,0,0,0
False,/l2ji4YiNSPBV69WjGBgU0gCvRqy.jpg,"[14, 12, 10751]",426543,en,The Nutcracker and the Four Realms,"When Clara’s mother leaves her a mysterious gift, she embarks on a journey to four secret realms—where she discovers her greatest strength could change the world.",5.956,/9vPDY8e7YxLwgVum7YZIUJbr4qc.jpg,2018-11-02,The Nutcracker and the Four Realms,False,6.087,2209,"[{'iso_3166_1': 'US', 'name': 'United States of America'}]",2018,"[14, 12, 10751]",The Nutcracker and the Four Realms,54858851.0,1739.0,Walt Disney Studios Motion Pictures,54858851.0,54858851.0,"Fantasy,Adventure,Family",['US'],1,0,0,1,1,0,0,0,0,0,0,0,1,1,0,0,0,0,1,0,0,0,0,1,1,0,0,0,0,0,0,0,0,0,0,Fantasy,3,11,November,Fall,0,1,1,1,Veterans Day,9.0,0,0,0,0,1,6,272504456,0,High,1,1,0,0,0,0,0,0,0,nutcracker four,,,,,0,0,0,0,0,0,8,1,0,0,0
False,/n8UzZ7gd3lmsBeYAH539pfnwGwu.jpg,"[35, 28]",455980,en,Tag,"For one month every year, five highly competitive friends hit the ground running in a no-holds-barred game of tag they’ve been playing since the first grade. This year, the game coincides with the wedding of their only undefeated player, which should finally make him an easy target. But he knows they’re coming...and he’s ready.",3.5207,/eXXpuW2xaq5Aen9N5prFlARVIvr.jpg,2018-06-15,Tag,False,6.712,3330,"[{'iso_3166_1': 'US', 'name': 'United States of America'}]",2018,"[35, 28]",Tag,54730625.0,1748.0,Warner Bros.,54730625.0,54730625.0,"Comedy,Action",['US'],1,0,0,1,0,1,0,0,0,0,0,0,1,1,0,1,1,0,0,0,0,0,0,0,0,0,0,0,0,0,0,0,0,0,0,Comedy,2,6,June,Summer,1,0,0,0,,,0,0,0,0,1,4,608581744,0,High,1,1,0,0,0,0,0,0,0,tag,,,,,0,0,0,0,0,0,8,1,0,0,0
False,/nb1s8r6MhDcPyMjx3sjw9rFsEP5.jpg,"[53, 35, 9648]",484247,en,A Simple Favor,"Stephanie, a dedicated mother and popular vlogger, befriends Emily, a mysterious upper-class woman whose son Nicky attends the same school as Miles, Stephanie's son. When Emily asks her to pick Nicky up from school and then disappears, Stephanie undertakes an investigation that will dive deep into Emily's cloudy past.",2.8419,/3DfQCZE02FTfkhFLIwWN5dyzn7y.jpg,2018-09-14,A Simple Favor,False,6.64,4478,"[{'iso_3166_1': 'CA', 'name': 'Canada'}, {'iso_3166_1': 'US', 'name': 'United States of America'}]",2018,"[53, 35, 9648]",A Simple Favor,53548586.0,1787.0,Lionsgate,53548586.0,53548586.0,"Thriller,Comedy,Mystery","['CA', 'US']",1,0,1,1,0,0,0,0,0,0,0,1,1,1,0,1,0,1,0,0,0,0,0,0,0,0,1,0,0,0,0,0,0,0,0,Thriller,3,9,September,Fall,0,0,0,0,,,0,0,0,0,1,3,117481222,0,High,0,1,0,0,0,0,0,0,0,simple favor,,,,,0,0,0,0,0,0,8,1,0,0,0
False,/zGHdS1eLaU5wdYCJ6vY9QfQGCTo.jpg,"[878, 28, 53]",346910,en,The Predator,"When a young boy accidentally triggers the universe's most lethal hunters' return to Earth, only a ragtag crew of ex-soldiers and a disgruntled scientist can prevent the end of the human race.",11.3739,/a3eWGF6YPF7No5Rbtjc8QpDvz7l.jpg,2018-09-14,The Predator,False,5.633,4974,"[{'iso_3166_1': 'US', 'name': 'United States of America'}]",2018,"[878, 28, 53]",The Predator,51024708.0,1887.0,Twentieth Century Fox,51024708.0,51024708.0,"Science Fiction,Action,Thriller",['US'],1,0,0,1,0,0,0,0,0,1,0,0,1,1,0,0,1,1,0,0,1,0,0,0,0,0,0,0,0,0,0,0,1,0,0,Science Fiction,3,9,September,Fall,0,0,0,0,,,0,0,0,0,1,3,117481222,0,High,0,1,0,0,0,0,0,0,0,predator,,,,,0,0,0,0,0,0,8,1,0,0,0
False,/tnwMCH4yLBY4qpe6Nr4n66u4U3f.jpg,"[28, 80, 53]",400535,en,Sicario: Day of the Soldado,Agent Matt Graver teams up with operative Alejandro Gillick to prevent Mexican drug cartels from smuggling terrorists across the United States border.,9.2353,/qcLYofEhNh51Sk1jUWjmKHLzkqw.jpg,2018-06-29,Sicario: Day of the Soldado,False,6.941,3875,"[{'iso_3166_1': 'MX', 'name': 'Mexico'}, {'iso_3166_1': 'US', 'name': 'United States of America'}]",2018,"[28, 80, 53]",Sicario: Day of the Soldado,50072235.0,1927.0,Sony Pictures Releasing,50072235.0,50072235.0,"Action,Crime,Thriller","['MX', 'US']",1,0,0,1,0,0,0,1,0,0,0,0,1,1,0,0,1,1,0,0,0,0,1,0,0,0,0,0,0,0,0,0,0,0,0,Action,3,6,June,Summer,1,0,0,1,Independence Day,5.0,0,0,1,0,1,7,608581744,1,High,1,1,0,0,0,0,0,0,1,sicario,46889293.0,46889293.0,46889293.0,1.0,0,0,0,0,0,0,8,1,0,0,0
False,/sGzuQYSTwJvLBc2PnuSVLHhuFeh.jpg,"[53, 9648]",401981,en,Red Sparrow,"Prima ballerina Dominika Egorova faces a bleak and uncertain future after she suffers an injury that ends her career. She soon turns to Sparrow School, a secret intelligence service that trains exceptional young people to use their minds and bodies as weapons. Dominika emerges as the most dangerous Sparrow after completing the sadistic training process. As she comes to terms with her new abilities, she meets a CIA agent who tries to convince her that he is the only person she can trust.",4.0417,/cdefNr6aS00IwVbSlxdFJnfmzKh.jpg,2018-03-02,Red Sparrow,False,6.534,6230,"[{'iso_3166_1': 'US', 'name': 'United States of America'}]",2018,"[53, 9648]",Red Sparrow,46874505.0,2050.0,Twentieth Century Fox,46874505.0,46874505.0,"Thriller,Mystery",['US'],1,0,0,1,0,0,0,0,0,1,0,0,1,1,0,0,0,1,0,0,0,0,0,0,0,0,1,0,0,0,0,0,0,0,0,Thriller,2,3,March,Spring,0,0,0,0,,,0,0,0,0,1,4,700426566,7,High,1,1,0,0,0,0,0,0,0,red sparrow,,,,,0,0,0,0,0,0,8,1,0,0,0
False,/h5BvesqaxL7V3vl1CmaR8waGyiM.jpg,"[35, 14, 27, 10751]",442062,en,Goosebumps 2: Haunted Halloween,"Be careful what you wish for. With their after school junk business, best friends Sonny and Sam hope to find treasure in other people’s trash. But when cleaning out the old Stine house, they open a locked book that frees a supernatural nightmare – Slappy! Now, with the help of Sonny’s sister Sarah, they’re in a race against time to get the sinister dummy and all the creatures he’s brought to life back into the pages before he unleashes total pandemonium!",3.7115,/t2wy38iiMpB8WsgJi3lYeDnGh2H.jpg,2018-10-12,Goosebumps 2: Haunted Halloween,False,6.107,1597,"[{'iso_3166_1': 'US', 'name': 'United States of America'}]",2018,"[35, 14, 27, 10751]",Goosebumps 2: Haunted Halloween,46700633.0,2061.0,Sony Pictures Releasing,46700633.0,46700633.0,"Comedy,Fantasy,Horror,Family",['US'],1,0,0,1,0,0,0,1,0,0,0,0,1,1,0,1,0,0,0,0,0,1,0,1,1,0,0,0,0,0,0,0,0,0,0,Comedy,4,10,October,Fall,0,0,1,1,Columbus Day,2.0,0,0,0,0,1,4,215333122,7,High,1,1,0,0,0,0,0,0,1,goosebumps 2,0.0,,,0.0,0,0,0,0,0,0,8,1,0,0,0
False,/x5EUEv1N9g4BCX9GQXKvv3nqMVo.jpg,"[10752, 18, 28, 36]",429351,en,12 Strong,A team of special forces head into Afghanistan in the aftermath of the September 11th attacks in an attempt to dismantle the Taliban.,4.7021,/37Qwani2g0jVPU7N4OkkTZ7aERz.jpg,2018-01-19,12 Strong,False,6.342,3111,"[{'iso_3166_1': 'US', 'name': 'United States of America'}]",2018,"[10752, 18, 28, 36]",12 Strong,45819713.0,2093.0,Warner Bros.,45819713.0,45819713.0,"War,Drama,Action,History",['US'],1,0,0,1,0,1,0,0,0,0,0,0,1,1,1,0,1,0,0,0,0,0,0,0,0,0,0,1,0,1,0,0,0,0,0,War,4,1,January,Winter,0,0,0,1,Martin Luther King Jr. Day,4.0,0,0,0,0,1,2,67745330,7,Medium,0,1,0,0,0,0,0,0,0,12 strong,,,,,0,0,0,0,0,0,8,1,0,0,0
False,/jrudoaXcoLyHRPdolyOGemXgPEs.jpg,"[36, 18]",369972,en,First Man,"A look at the life of the astronaut, Neil Armstrong, and the legendary space mission that led him to become the first man to walk on the Moon on July 20, 1969.",4.7718,/i91mfvFcPPlaegcbOyjGgiWfZzh.jpg,2018-10-12,First Man,False,7.042,5502,"[{'iso_3166_1': 'US', 'name': 'United States of America'}]",2018,"[36, 18]",First Man,44936545.0,2132.0,Universal Pictures,44936545.0,44936545.0,"History,Drama",['US'],1,0,0,1,0,0,1,0,0,0,0,0,1,1,1,0,0,0,0,0,0,0,0,0,0,0,0,1,0,0,0,0,0,0,0,History,2,10,October,Fall,0,0,1,1,Columbus Day,2.0,0,0,0,0,1,4,215333122,7,High,1,1,0,0,0,0,0,0,0,first man,,,,,0,0,0,0,0,0,8,1,0,0,0
False,/jVUR1W6cq8VuT4A6N4fd2yDNhji.jpg,"[16, 10751, 14, 35, 12, 9648]",370567,en,Sherlock Gnomes,Garden gnomes Gnomeo & Juliet recruit renown detective Sherlock Gnomes to investigate the mysterious disappearance of other garden ornaments.,4.0993,/wqnzpJR3PwS4doVkAkt9seSEpoX.jpg,2018-03-23,Sherlock Gnomes,False,5.747,756,"[{'iso_3166_1': 'GB', 'name': 'United Kingdom'}, {'iso_3166_1': 'US', 'name': 'United States of America'}]",2018,"[16, 10751, 14, 35, 12, 9648]",Sherlock Gnomes,43242871.0,2207.0,Paramount Pictures,43242871.0,43242871.0,"Animation,Family,Fantasy,Comedy,Adventure,Mystery","['GB', 'US']",1,1,0,1,0,0,0,0,1,0,0,0,1,1,0,1,0,0,1,0,0,0,0,1,1,1,1,0,0,0,0,0,0,0,1,Animation,6,3,March,Spring,0,0,0,0,,,0,0,0,0,1,5,188024361,0,High,0,1,0,0,0,0,0,0,0,sherlock gnomes,,,,,0,0,0,0,0,0,8,1,0,0,0
False,/eQ5xu2pQ5Kergubto5PbbUzey28.jpg,"[53, 27]",460019,en,Truth or Dare,"A harmless game of ""Truth or Dare"" among friends turns deadly when someone—or something—begins to punish those who tell a lie—or refuse the dare.",3.4669,/ei2waWQAG8NP244WShIFgGu9IOu.jpg,2018-04-13,Truth or Dare,False,5.936,4156,"[{'iso_3166_1': 'US', 'name': 'United States of America'}]",2018,"[53, 27]",Truth or Dare,41411015.0,2292.0,Universal Pictures,41411015.0,41411015.0,"Thriller,Horror",['US'],1,0,0,1,0,0,1,0,0,0,0,0,1,1,0,0,0,1,0,0,0,1,0,0,0,0,0,0,0,0,0,0,0,0,0,Thriller,2,4,April,Spring,0,0,0,0,,,0,0,0,0,1,3,678815482,0,High,1,1,0,0,0,0,0,0,0,truth or,,,,,0,0,0,0,0,0,8,1,0,0,0
False,/kRVUMsXFzhuXjr20JcCGc6TapxA.jpg,"[12, 35, 10751]",346648,en,Paddington 2,"Paddington, now happily settled with the Browns, picks up a series of odd jobs to buy the perfect present for his Aunt Lucy, but it is stolen.",4.6728,/1OJ9vkD5xPt3skC6KguyXAgagRZ.jpg,2018-01-12,Paddington 2,False,7.478,2647,"[{'iso_3166_1': 'FR', 'name': 'France'}, {'iso_3166_1': 'GB', 'name': 'United Kingdom'}]",2018,"[12, 35, 10751]",Paddington 2,40907738.0,2319.0,Warner Bros.,40907738.0,40907738.0,"Adventure,Comedy,Family","['GB', 'FR']",0,1,0,1,0,1,0,0,0,0,0,0,1,1,0,1,0,0,1,0,0,0,0,1,0,0,0,0,0,0,0,0,0,0,0,Adventure,3,1,January,Winter,0,0,0,1,Martin Luther King Jr. Day,3.0,0,0,0,0,1,2,67745330,7,Medium,0,1,0,0,0,0,0,0,1,paddington 2,0.0,,,0.0,0,0,0,0,0,0,8,1,0,0,0
False,/nJSPkq5dtASykhiYIZhpCX9Zgeq.jpg,"[35, 18, 10749]",449176,en,"Love, Simon","Everyone deserves a great love story, but for 17-year-old Simon Spier, it's a little more complicated. He hasn't told his family or friends that he's gay, and he doesn't know the identity of the anonymous classmate that he's fallen for online.",2.7809,/snIsqVPmlu4LPjvToHpDotxa7Eh.jpg,2018-03-16,"Love, Simon",False,7.983,6176,"[{'iso_3166_1': 'US', 'name': 'United States of America'}]",2018,"[35, 18, 10749]","Love, Simon",40826341.0,2327.0,Twentieth Century Fox,40826341.0,40826341.0,"Comedy,Drama,Romance",['US'],1,0,0,1,0,0,0,0,0,1,0,0,1,1,1,1,0,0,0,1,0,0,0,0,0,0,0,0,0,0,0,0,0,1,0,Comedy,3,3,March,Spring,0,0,0,0,,,0,0,0,0,1,4,137715350,0,High,0,1,0,0,0,0,0,0,0,love simon,,,,,0,0,0,0,0,0,8,1,0,0,0
False,/srnI5CdeydB9E8WNOqblj0jRfSn.jpg,"[28, 53, 9648]",399035,en,The Commuter,"A businessman, on his daily commute home, gets unwittingly caught up in a criminal conspiracy that threatens not only his life but the lives of those around him.",3.8861,/rDeGK6FIUfVcXmuBdEORPAGPMNg.jpg,2018-01-12,The Commuter,False,6.366,4534,"[{'iso_3166_1': 'US', 'name': 'United States of America'}, {'iso_3166_1': 'FR', 'name': 'France'}, {'iso_3166_1': 'ES', 'name': 'Spain'}]",2018,"[28, 53, 9648]",The Commuter,36343858.0,2584.0,Lionsgate,36343858.0,36343858.0,"Action,Thriller,Mystery","['FR', 'US', 'ES']",1,0,0,1,0,0,0,0,0,0,0,1,1,1,0,0,1,1,0,0,0,0,0,0,0,0,1,0,0,0,0,0,0,0,0,Action,3,1,January,Winter,0,0,0,1,Martin Luther King Jr. Day,3.0,0,0,0,0,1,2,67745330,7,Medium,0,1,0,0,0,0,0,0,0,commuter,,,,,0,0,0,0,0,0,8,1,0,0,0
False,/3mkFhtUjBMWF4FHi6c1XrYWjV5z.jpg,"[36, 35, 18]",375262,en,The Favourite,"England, early 18th century. The close relationship between Queen Anne and Sarah Churchill is threatened by the arrival of Sarah's cousin, Abigail Hill, resulting in a bitter rivalry between the two cousins to be the Queen's favourite.",4.3417,/cwBq0onfmeilU5xgqNNjJAMPfpw.jpg,2018-11-23,The Favourite,False,7.498,5755,"[{'iso_3166_1': 'IE', 'name': 'Ireland'}, {'iso_3166_1': 'GB', 'name': 'United Kingdom'}, {'iso_3166_1': 'US', 'name': 'United States of America'}]",2018,"[36, 35, 18]",The Favourite,34366783.0,2711.0,Fox Searchlight Pictures,34366783.0,34366783.0,"History,Comedy,Drama","['GB', 'US', 'IE']",1,1,0,1,0,0,0,0,0,1,0,0,1,1,1,1,0,0,0,0,0,0,0,0,0,0,0,1,0,0,0,0,0,0,0,History,3,11,November,Fall,0,1,1,1,Thanksgiving,2.0,0,1,0,0,1,6,272504456,2,High,1,1,0,0,0,0,0,0,0,favourite,,,,,0,0,0,0,0,0,8,1,0,0,0
False,/uQqQvmptJLPTcWDrZXn22p7j7s3.jpg,"[28, 80, 53, 18]",395990,en,Death Wish,A mild-mannered father is transformed into a killing machine after his family is torn apart by a violent act.,4.6022,/g0eEEZAqMf98ULQnoiORuazjOpn.jpg,2018-03-02,Death Wish,False,6.213,2700,"[{'iso_3166_1': 'US', 'name': 'United States of America'}]",2018,"[28, 80, 53, 18]",Death Wish,34017028.0,2731.0,Metro-Goldwyn-Mayer (MGM),34017028.0,34017028.0,"Action,Crime,Thriller,Drama",['US'],1,0,0,1,0,0,0,0,0,0,1,0,1,1,1,0,1,1,0,0,0,0,1,0,0,0,0,0,0,0,0,0,0,0,0,Action,4,3,March,Spring,0,0,0,0,,,0,0,0,0,1,4,700426566,7,High,1,1,0,0,0,0,0,0,0,death wish,,,,,0,0,0,0,0,0,8,1,0,0,0
False,/9CqzJn0nLaDNM6QWfGkuox2Oi93.jpg,"[35, 28, 12]",454992,en,The Spy Who Dumped Me,A couple of thirtysomething best friends unwittingly become entangled in an international conspiracy when one’s ex-boyfriend shows up at their apartment with a team of deadly assassins on his trail.,2.8898,/szEKivKPOdRyogROoQIldwbMl.jpg,2018-08-03,The Spy Who Dumped Me,False,6.381,2313,"[{'iso_3166_1': 'US', 'name': 'United States of America'}]",2018,"[35, 28, 12]",The Spy Who Dumped Me,33562069.0,2759.0,Lionsgate,33562069.0,33562069.0,"Comedy,Action,Adventure",['US'],1,0,0,1,0,0,0,0,0,0,0,1,1,1,0,1,1,0,1,0,0,0,0,0,0,0,0,0,0,0,0,1,0,0,0,Comedy,3,8,August,Summer,1,0,0,0,,,0,0,0,0,1,5,220159104,7,High,1,1,0,0,0,0,0,0,0,spy who,,,,,0,0,0,0,0,0,8,1,0,0,0
False,/9trZvBr44UGedUOiGo3jgSUw13e.jpg,"[878, 27]",300668,en,Annihilation,"A biologist signs up for a dangerous, secret expedition into a mysterious zone where the laws of nature don't apply.",5.6425,/4YRplSk6BhH6PRuE9gfyw9byUJ6.jpg,2018-02-23,Annihilation,False,6.435,9116,"[{'iso_3166_1': 'GB', 'name': 'United Kingdom'}, {'iso_3166_1': 'US', 'name': 'United States of America'}]",2018,"[878, 27]",Annihilation,32732301.0,2812.0,Paramount Pictures,32732301.0,32732301.0,"Science Fiction,Horror","['GB', 'US']",1,1,0,1,0,0,0,0,1,0,0,0,1,1,0,0,0,0,0,0,1,1,0,0,0,0,0,0,0,0,0,0,0,0,0,Science Fiction,2,2,February,Winter,0,0,0,1,Presidents Day,8.0,0,0,0,0,1,4,700426566,0,High,1,1,0,0,0,0,0,0,0,annihilation,,,,,0,0,0,0,0,0,8,1,0,0,0
False,/oNPoo0xR9CMNYoHX8PIyVJNbQiq.jpg,"[12, 35, 16]",399174,en,Isle of Dogs,"In the future, an outbreak of canine flu leads the mayor of a Japanese city to banish all dogs to an island used as a garbage dump. The outcasts must soon embark on an epic journey when a 12-year-old boy arrives on the island to find his beloved pet.",6.0561,/m2q7oCHyH38y5bUiPWs6BI3T8Di.jpg,2018-03-23,Isle of Dogs,False,7.844,5210,"[{'iso_3166_1': 'US', 'name': 'United States of America'}, {'iso_3166_1': 'DE', 'name': 'Germany'}]",2018,"[12, 35, 16]",Isle of Dogs,32015231.0,2876.0,Fox Searchlight Pictures,32015231.0,32015231.0,"Adventure,Comedy,Animation","['US', 'DE']",1,0,0,1,0,0,0,0,0,1,0,0,1,1,0,1,0,0,1,0,0,0,0,0,0,1,0,0,0,0,0,0,0,0,0,Adventure,3,3,March,Spring,0,0,0,0,,,0,0,0,0,1,5,188024361,0,High,0,1,0,0,0,0,0,0,0,isle dogs,,,,,0,0,0,0,0,0,8,1,0,0,0
False,/9KKT8qPAII0VJMpviThOTMLN0Wt.jpg,"[12, 28, 53, 14]",375588,en,Robin Hood,A war-hardened Crusader and his Moorish commander mount an audacious revolt against the corrupt English crown.,5.646,/AiRfixFcfTkNbn2A73qVJPlpkUo.jpg,2018-11-21,Robin Hood,False,5.911,3078,"[{'iso_3166_1': 'US', 'name': 'United States of America'}]",2018,"[12, 28, 53, 14]",Robin Hood,30824628.0,2965.0,Lionsgate,30824628.0,30824628.0,"Adventure,Action,Thriller,Fantasy",['US'],1,0,0,1,0,0,0,0,0,0,0,1,1,1,0,0,1,1,1,0,0,0,0,0,1,0,0,0,0,0,0,1,0,0,0,Adventure,4,11,November,Fall,0,1,1,1,Veterans Day,10.0,0,0,0,0,1,6,272504456,0,High,1,1,0,0,0,0,0,0,0,robin hood,,,,,0,0,0,0,0,0,8,1,0,0,0
False,/sMJqDtLCdv9nlgU8BCj4VFfyzAv.jpg,"[35, 80, 9648]",50022,en,Super Troopers 2,"When an international border dispute arises between the U.S. and Canada, the Super Troopers- Mac, Thorny, Foster, Rabbit and Farva, are called in to set up a new Highway Patrol station in the disputed area.",4.1455,/57SZgdugVClIy22rfnANeBJ5KsN.jpg,2018-04-20,Super Troopers 2,False,5.875,495,"[{'iso_3166_1': 'US', 'name': 'United States of America'}]",2018,"[35, 80, 9648]",Super Troopers 2,30617396.0,2977.0,Twentieth Century Fox,30617396.0,30617396.0,"Comedy,Crime,Mystery",['US'],1,0,0,1,0,0,0,0,0,1,0,0,1,1,0,1,0,0,0,0,0,0,1,0,0,0,1,0,0,0,0,0,0,0,0,Comedy,3,4,April,Spring,0,0,0,0,,,0,0,0,0,1,4,678815482,7,High,1,1,0,0,0,0,0,0,1,super troopers,0.0,,,0.0,0,0,0,0,0,0,8,1,0,0,0
False,/3iDTnTj5C1sHOteR3Txmp1WvqO4.jpg,"[16, 28, 35, 878]",474395,en,Teen Titans Go! To the Movies,"All the major DC superheroes are starring in their own films, all but the Teen Titans, so Robin is determined to remedy this situation by getting over his role as a sidekick and becoming a movie star. Thus, with a few madcap ideas and an inspirational song in their hearts, the Teen Titans head to Hollywood to fulfill their dreams.",10.2001,/mFHihhE9hlvJEk2f1AqdLRaYHd6.jpg,2018-07-27,Teen Titans Go! To the Movies,False,7.176,1153,"[{'iso_3166_1': 'US', 'name': 'United States of America'}]",2018,"[16, 28, 35, 878]",Teen Titans Go! To the Movies,29790236.0,3041.0,Warner Bros.,29790236.0,29790236.0,"Animation,Action,Comedy,Science Fiction",['US'],1,0,0,1,0,1,0,0,0,0,0,0,1,1,0,1,1,0,0,0,1,0,0,0,0,1,0,0,0,0,0,0,1,0,0,Animation,4,7,July,Summer,1,0,0,0,,,0,0,0,0,1,5,220159104,0,High,1,1,0,0,0,0,0,0,0,teen titans,,,,,0,0,0,0,0,0,8,1,0,0,0
False,/jOqOduY1tLhXgVZo7ypCtDVr0mM.jpg,"[18, 9648, 53]",489999,en,Searching,"After David Kim's 16-year-old daughter goes missing, a local investigation is opened and a detective is assigned to the case. But 37 hours later and without a single lead, David decides to search the one place no one has looked yet, where all secrets are kept today: his daughter's laptop.",4.0351,/yuAPCsCGJGSxA7YOW4elF5JNrzK.jpg,2018-08-24,Searching,False,7.57,4085,"[{'iso_3166_1': 'US', 'name': 'United States of America'}]",2018,"[18, 9648, 53]",Searching,26020957.0,3278.0,Screen Gems,26020957.0,26020957.0,"Drama,Mystery,Thriller",['US'],1,0,0,1,0,0,0,1,0,0,0,0,1,1,1,0,0,1,0,0,0,0,0,0,0,0,1,0,0,0,0,0,0,0,0,Drama,3,8,August,Summer,1,0,0,1,Labor Day,8.0,0,0,0,1,1,3,174837452,9,High,0,0,0,0,0,0,0,0,0,searching,,,,,0,0,0,0,0,0,8,1,0,0,0
False,/10wHo9VmDvBW9wtSZ26bgjm9GKY.jpg,"[27, 10752, 878]",438799,en,Overlord,"France, June 1944. On the eve of D-Day, some American paratroopers fall behind enemy lines after their aircraft crashes while on a mission to destroy a radio tower in a small village near the beaches of Normandy. After reaching their target, the surviving paratroopers realise that, in addition to fighting the Nazi troops that patrol the village, they also must fight against something else.",3.1116,/l76Rgp32z2UxjULApxGXAPpYdAP.jpg,2018-11-09,Overlord,False,6.732,3022,"[{'iso_3166_1': 'US', 'name': 'United States of America'}]",2018,"[27, 10752, 878]",Overlord,21704844.0,3645.0,Paramount Pictures,21704844.0,21704844.0,"Horror,War,Science Fiction",['US'],1,0,0,1,0,0,0,0,1,0,0,0,1,1,0,0,0,0,0,0,1,1,0,0,0,0,0,0,0,1,0,0,0,0,0,Horror,3,11,November,Fall,0,1,1,1,Veterans Day,2.0,0,0,0,0,1,8,272504456,0,High,1,1,0,0,0,0,0,0,0,overlord,,,,,0,0,0,0,0,0,8,1,0,0,0
False,/fJKJXKiRSzDihp50c7j39zb3ILi.jpg,"[28, 80]",500475,en,SuperFly,"Career criminal Youngblood Priest wants out of the Atlanta drug scene, but as he ramps up sales, one little slip up threatens to bring the whole operation down before he can make his exit.",2.8214,/gGk9H5PVpWzbsYkmnBeKevQkwwf.jpg,2018-06-13,SuperFly,False,6.705,395,"[{'iso_3166_1': 'US', 'name': 'United States of America'}]",2018,"[28, 80]",SuperFly,20545116.0,3786.0,Sony Pictures Releasing,20545116.0,20545116.0,"Action,Crime",['US'],1,0,0,1,0,0,0,1,0,0,0,0,1,1,0,0,1,0,0,0,0,0,1,0,0,0,0,0,0,0,0,0,0,0,0,Action,2,6,June,Summer,1,0,0,0,,,0,0,0,0,1,4,608581744,2,High,1,1,0,0,0,0,0,0,0,superfly,,,,,0,0,0,0,0,0,8,1,0,0,0
False,/5utFTcwAXcgGTLZrNMl96t6pFfc.jpg,"[53, 9648, 80, 18]",446021,en,Bad Times at the El Royale,"Lake Tahoe, 1969. Seven strangers, each one with a secret to bury, meet at El Royale, a decadent motel with a dark past. In the course of a fateful night, everyone will have one last shot at redemption.",5.2322,/qExufIc4Rw0e4xdVZlhMdmEDGES.jpg,2018-10-12,Bad Times at the El Royale,False,6.846,3755,"[{'iso_3166_1': 'US', 'name': 'United States of America'}]",2018,"[53, 9648, 80, 18]",Bad Times at the El Royale,17839115.0,4074.0,Twentieth Century Fox,17839115.0,17839115.0,"Thriller,Mystery,Crime,Drama",['US'],1,0,0,1,0,0,0,0,0,1,0,0,1,1,1,0,0,1,0,0,0,0,1,0,0,0,1,0,0,0,0,0,0,0,0,Thriller,4,10,October,Fall,0,0,1,1,Columbus Day,2.0,0,0,0,0,1,4,215333122,7,High,1,1,0,0,0,0,0,0,0,bad times,,,,,0,0,0,0,0,0,8,1,0,0,0
False,/rm2oMykm5nX6SzXFr7TGHkO6r8Z.jpg,"[12, 878]",428078,en,Mortal Engines,"Many thousands of years in the future, Earth’s cities roam the globe on huge wheels, devouring each other in a struggle for ever diminishing resources. On one of these massive traction cities, the old London, Tom Natsworthy has an unexpected encounter with a mysterious young woman from the wastelands who will change the course of his life forever.",4.5691,/gLhYg9NIvIPKVRTtvzCWnp1qJWG.jpg,2018-12-14,Mortal Engines,False,6.208,4948,"[{'iso_3166_1': 'NZ', 'name': 'New Zealand'}, {'iso_3166_1': 'US', 'name': 'United States of America'}]",2018,"[12, 878]",Mortal Engines,15951040.0,4339.0,Universal Pictures,15951040.0,15951040.0,"Adventure,Science Fiction","['NZ', 'US']",1,0,0,1,0,0,1,0,0,0,0,0,1,1,0,0,0,0,1,0,1,0,0,0,0,0,0,0,0,0,0,0,0,0,0,Adventure,2,12,December,Winter,0,1,1,0,,,0,0,0,0,1,5,335104314,0,High,1,1,0,0,0,0,0,0,0,mortal engines,,,,,0,0,0,0,0,0,8,1,0,0,0
False,/gCIB3DdK00DyfwosVGf7pnFFdK3.jpg,"[28, 12, 53]",399402,en,Hunter Killer,"Captain Glass of the USS Arkansas discovers that a coup d'état is taking place in Russia, so he and his crew join an elite group working on the ground to prevent a war.",6.2429,/ng7ukqGaSHOuJZ4GwLJP6AH9ixc.jpg,2018-10-26,Hunter Killer,False,6.9,2300,"[{'iso_3166_1': 'FR', 'name': 'France'}, {'iso_3166_1': 'US', 'name': 'United States of America'}]",2018,"[28, 12, 53]",Hunter Killer,15767460.0,4357.0,Lionsgate,15767460.0,15767460.0,"Action,Adventure,Thriller","['FR', 'US']",1,0,0,1,0,0,0,0,0,0,0,1,1,1,0,0,1,1,1,0,0,0,0,0,0,0,0,0,0,0,0,1,0,0,0,Action,3,10,October,Fall,0,0,1,0,,,0,0,0,0,1,4,272504456,7,High,1,1,0,0,0,0,0,0,0,hunter killer,,,,,0,0,0,0,0,0,8,1,0,0,0
False,/ejmwCnlgWXkpDLsrhsnB8Mn6dcu.jpg,"[28, 80, 53]",446807,en,The Girl in the Spider's Web,"After being enlisted to recover a dangerous computer program, hacker Lisbeth Salander and journalist Mikael Blomkvist find themselves caught in a web of spies, cybercriminals and corrupt government officials.",3.8493,/w4ibr8R702DCjwYniry1D1XwQXj.jpg,2018-11-09,The Girl in the Spider's Web,False,6.156,1455,"[{'iso_3166_1': 'DE', 'name': 'Germany'}, {'iso_3166_1': 'GB', 'name': 'United Kingdom'}, {'iso_3166_1': 'US', 'name': 'United States of America'}]",2018,"[28, 80, 53]",The Girl in the Spider's Web,14841338.0,4498.0,Sony Pictures Releasing,14841338.0,14841338.0,"Action,Crime,Thriller","['GB', 'US', 'DE']",1,1,0,1,0,0,0,1,0,0,0,0,1,1,0,0,1,1,0,0,0,0,1,0,0,0,0,0,0,0,0,0,0,0,0,Action,3,11,November,Fall,0,1,1,1,Veterans Day,2.0,0,0,0,0,1,8,272504456,0,High,1,1,0,0,0,0,0,0,0,girl in,,,,,0,0,0,0,0,0,8,1,0,0,0
False,/5BxrMNGl3YDiWgHCVJu8iLQoJDM.jpg,"[28, 12, 18]",445651,en,The Darkest Minds,"After a disease kills 98% of America's children, the surviving 2% develop superpowers and are placed in internment camps. A 16-year-old girl escapes her camp and joins a group of other teens on the run from the government.",5.3296,/8NdQneXBYVbBKt81bFhXiyThe0h.jpg,2018-08-03,The Darkest Minds,False,7.0,2895,"[{'iso_3166_1': 'US', 'name': 'United States of America'}]",2018,"[28, 12, 18]",The Darkest Minds,12695691.0,4815.0,Twentieth Century Fox,12695691.0,12695691.0,"Action,Adventure,Drama",['US'],1,0,0,1,0,0,0,0,0,1,0,0,1,1,1,0,1,0,1,0,0,0,0,0,0,0,0,0,0,0,0,1,0,0,0,Action,3,8,August,Summer,1,0,0,0,,,0,0,0,0,1,5,220159104,7,High,1,1,0,0,0,0,0,0,0,darkest minds,,,,,0,0,0,0,0,0,8,1,0,0,0
False,/orfMBe5LbJG7pySD1dxHbLOHJ9r.jpg,"[27, 53]",429476,en,Hell Fest,"On Halloween night at a horror theme park, a costumed killer begins slaying innocent patrons who believe that it's all part of the festivities.",5.745,/qgLlnlrUtTKXkdrgMBwUfkyAkya.jpg,2018-09-28,Hell Fest,False,5.7,860,"[{'iso_3166_1': 'US', 'name': 'United States of America'}]",2018,"[27, 53]",Hell Fest,11107431.0,5059.0,Lionsgate,11107431.0,11107431.0,"Horror,Thriller",['US'],1,0,0,1,0,0,0,0,0,0,0,1,1,1,0,0,0,1,0,0,0,1,0,0,0,0,0,0,0,0,0,0,0,0,0,Horror,2,9,September,Fall,0,0,0,0,,,0,0,0,0,1,5,215333122,0,High,1,1,0,0,0,0,0,0,0,hell fest,,,,,0,0,0,0,0,0,8,1,0,0,0
False,/q9hnJ9SzwcF30seRtXEzLd5l1gw.jpg,"[18, 35]",351044,en,Welcome to Marwen,"When a devastating attack shatters Mark Hogancamp and wipes away all memories, no one expected recovery. Putting together pieces from his old and new life, Mark meticulously creates a wondrous town named Marwen where he can heal and be heroic. As he builds an astonishing art installation — a testament to the most powerful women he knows — through his fantasy world, he draws strength to triumph in the real one.",5.5416,/dOULsxYQFsOR0cEBBB20xnjJkPD.jpg,2018-12-21,Welcome to Marwen,False,6.503,1186,"[{'iso_3166_1': 'CA', 'name': 'Canada'}, {'iso_3166_1': 'JP', 'name': 'Japan'}, {'iso_3166_1': 'US', 'name': 'United States of America'}]",2018,"[18, 35]",Welcome to Marwen,10763520.0,5108.0,Universal Pictures,10763520.0,10763520.0,"Drama,Comedy","['CA', 'US', 'JP']",1,0,1,1,0,0,1,0,0,0,0,0,1,1,1,1,0,0,0,0,0,0,0,0,0,0,0,0,0,0,0,0,0,0,0,Drama,2,12,December,Winter,0,1,1,1,Christmas,4.0,1,0,0,0,1,6,335104314,0,High,1,1,0,0,0,0,0,0,0,welcome to,,,,,0,0,0,0,0,0,8,1,0,0,0
False,/wbk9VvJ8lkUF0ElpfRm3dFIzMJf.jpg,"[53, 28]",473149,en,Traffik,"A couple off for a romantic weekend in the mountains are accosted by a biker gang. Alone in the mountains, Brea and John must defend themselves against the gang, who will stop at nothing to protect their secrets.",4.02,/jwsmeU8mYEP6GpxJ2sbCzc2MQmi.jpg,2018-04-20,Traffik,False,6.108,469,"[{'iso_3166_1': 'US', 'name': 'United States of America'}]",2018,"[53, 28]",Traffik,9186156.0,5394.0,Lionsgate,9186156.0,9186156.0,"Thriller,Action",['US'],1,0,0,1,0,0,0,0,0,0,0,1,1,1,0,0,1,1,0,0,0,0,0,0,0,0,0,0,0,0,0,0,0,0,0,Thriller,2,4,April,Spring,0,0,0,0,,,0,0,0,0,1,4,678815482,7,High,1,1,0,0,0,0,0,0,0,traffik,,,,,0,0,0,0,0,0,8,1,0,0,0
False,/7oZR0oaFOPrzGkg3ZntEKwMCLTe.jpg,"[878, 28, 12, 53]",425505,en,Kin,"A young boy finds a powerful otherworldly weapon, which he uses to save his older adoptive brother from a crew of thugs. Before long, the two of them are also pursued by federal agents and mysterious mercenaries aiming to reclaim their asset.",3.8902,/oPE5GXHaTlu5eRcd4USuOX3A1mf.jpg,2018-08-31,Kin,False,6.109,866,"[{'iso_3166_1': 'US', 'name': 'United States of America'}]",2018,"[878, 28, 12, 53]",Kin,5718096.0,6175.0,Lionsgate,5718096.0,5718096.0,"Science Fiction,Action,Adventure,Thriller",['US'],1,0,0,1,0,0,0,0,0,0,0,1,1,1,0,0,1,1,1,0,1,0,0,0,0,0,0,0,0,0,0,1,1,0,0,Science Fiction,4,8,August,Summer,1,0,0,1,Labor Day,1.0,0,0,0,1,1,3,117481222,7,High,0,1,0,0,0,0,0,0,0,kin,,,,,0,0,0,0,0,0,8,1,0,0,0
False,/qw6nuv56NW1JqzMoONlM84Iciwz.jpg,"[28, 12, 35]",463272,en,Johnny English Strikes Again,"Disaster strikes when a criminal mastermind reveals the identities of all active undercover agents in Britain. The secret service can now rely on only one man - Johnny English. Currently teaching at a minor prep school, Johnny springs back into action to find the mysterious hacker. For this mission to succeed, he’ll need all of his skills - what few he has - as the man with yesterday’s analogue methods faces off against tomorrow’s digital technology.",4.1193,/tCBxnZwLiY1BOKw3tH6AxHZdqPh.jpg,2018-10-26,Johnny English Strikes Again,False,6.264,2650,"[{'iso_3166_1': 'GB', 'name': 'United Kingdom'}, {'iso_3166_1': 'US', 'name': 'United States of America'}]",2018,"[28, 12, 35]",Johnny English Strikes Again,4412170.0,6574.0,Universal Pictures,4412170.0,4412170.0,"Action,Adventure,Comedy","['GB', 'US']",1,1,0,1,0,0,1,0,0,0,0,0,1,1,0,1,1,0,1,0,0,0,0,0,0,0,0,0,0,0,0,1,0,0,0,Action,3,10,October,Fall,0,0,1,0,,,0,0,0,0,1,4,272504456,7,High,1,1,0,0,0,0,0,0,0,johnny english,,,,,0,0,0,0,0,0,8,1,0,0,0
False,/9wXPKruA6bWYk2co5ix6fH59Qr8.jpg,"[12, 878, 28]",299534,en,Avengers: Endgame,"After the devastating events of Avengers: Infinity War, the universe is in ruins due to the efforts of the Mad Titan, Thanos. With the help of remaining allies, the Avengers must assemble once more in order to undo Thanos' actions and restore order to the universe once and for all, no matter what consequences may be in store.",17.8818,/bR8ISy1O9XQxqiy0fQFw2BX72RQ.jpg,2019-04-26,Avengers: Endgame,False,8.237,27020,"[{'iso_3166_1': 'US', 'name': 'United States of America'}]",2019,"[12, 878, 28]",Avengers: Endgame,858373000.0,2.0,Walt Disney Studios Motion Pictures,858373000.0,858373000.0,"Adventure,Science Fiction,Action",['US'],1,0,0,1,1,0,0,0,0,0,0,0,1,1,0,0,1,0,1,0,1,0,0,0,0,0,0,0,0,0,0,1,1,0,0,Adventure,3,4,April,Spring,0,0,0,0,,,0,0,0,0,1,2,144174568,7,Medium,0,1,1,0,0,0,0,0,1,avengers,1761179260.0,678815482.0,587059753.3333334,3.0,0,0,1,0,0,1,9,0,1,0,0
False,/1TUg5pO1VZ4B0Q1amk3OlXvlpXV.jpg,"[12, 18, 10751, 16]",420818,en,The Lion King,"Simba idolizes his father, King Mufasa, and takes to heart his own royal destiny. But not everyone in the kingdom celebrates the new cub's arrival. Scar, Mufasa's brother—and former heir to the throne—has plans of his own. The battle for Pride Rock is ravaged with betrayal, tragedy and drama, ultimately resulting in Simba's exile. With help from a curious pair of newfound friends, Simba will have to figure out how to grow up and take back what is rightfully his.",10.1247,/dzBtMocZuJbjLOXvrl4zGYigDzh.jpg,2019-07-19,The Lion King,False,7.101,10580,"[{'iso_3166_1': 'US', 'name': 'United States of America'}]",2019,"[12, 18, 10751, 16]",The Lion King,543638043.0,18.0,Walt Disney Studios Motion Pictures,543638043.0,543638043.0,"Adventure,Drama,Family,Animation",['US'],1,0,0,1,1,0,0,0,0,0,0,0,1,1,1,0,0,0,1,0,0,0,0,1,0,1,0,0,0,0,0,0,0,0,1,Adventure,4,7,July,Summer,1,0,0,0,,,0,0,0,0,1,2,173956935,7,Medium,0,1,0,0,0,0,0,0,0,lion king,,,,,1,0,0,0,1,1,9,0,1,0,0
False,/auJKGst3vXpJozHZh4nMFs0xWIU.jpg,"[12, 28, 878]",181812,en,Star Wars: The Rise of Skywalker,"The surviving Resistance faces the First Order once again as the journey of Rey, Finn and Poe Dameron continues. With the power and knowledge of generations behind them, the final battle begins.",9.4409,/db32LaOibwEliAmSL2jjDF6oDdj.jpg,2019-12-20,Star Wars: The Rise of Skywalker,False,6.279,10499,"[{'iso_3166_1': 'US', 'name': 'United States of America'}]",2019,"[12, 28, 878]",Star Wars: The Rise of Skywalker,515202542.0,21.0,Walt Disney Studios Motion Pictures,515202542.0,515202542.0,"Adventure,Action,Science Fiction",['US'],1,0,0,1,1,0,0,0,0,0,0,0,1,1,0,0,1,0,1,0,1,0,0,0,0,0,0,0,0,0,0,1,1,0,0,Adventure,3,12,December,Winter,0,1,1,1,Christmas,5.0,1,0,0,0,1,5,320314960,5,High,1,1,0,0,1,0,0,0,1,star wars,1556843607.0,620181382.0,778421803.5,2.0,0,0,0,0,0,1,9,0,1,0,0
False,/AoSZyb37ljMAxw0RdeQEBHKtgcc.jpg,"[10751, 16, 12, 35, 14]",330457,en,Frozen II,"Elsa, Anna, Kristoff and Olaf head far into the forest to learn the truth about an ancient mystery of their kingdom.",11.0553,/mINJaa34MtknCYl5AjtNJzWj8cD.jpg,2019-11-22,Frozen II,False,7.239,10092,"[{'iso_3166_1': 'US', 'name': 'United States of America'}]",2019,"[10751, 16, 12, 35, 14]",Frozen II,477373578.0,25.0,Walt Disney Studios Motion Pictures,477373578.0,477373578.0,"Family,Animation,Adventure,Comedy,Fantasy",['US'],1,0,0,1,1,0,0,0,0,0,0,0,1,1,0,1,0,0,1,0,0,0,0,1,1,1,0,0,0,0,0,0,0,0,1,Family,5,11,November,Fall,0,1,1,1,Thanksgiving,3.0,0,1,0,0,1,3,165363234,5,High,0,1,0,0,0,0,0,1,1,frozen ii,0.0,,,0.0,0,0,0,0,0,1,9,0,1,0,0
False,/m67smI1IIMmYzCl9axvKNULVKLr.jpg,"[10751, 35, 16, 12]",301528,en,Toy Story 4,"Woody has always been confident about his place in the world and that his priority is taking care of his kid, whether that's Andy or Bonnie. But when Bonnie adds a reluctant new toy called ""Forky"" to her room, a road trip adventure alongside old and new friends will show Woody how big the world can be for a toy.",8.9993,/w9kR8qbmQ01HwnvK4alvnQ2ca0L.jpg,2019-06-21,Toy Story 4,False,7.469,10257,"[{'iso_3166_1': 'US', 'name': 'United States of America'}]",2019,"[10751, 35, 16, 12]",Toy Story 4,434038008.0,34.0,Walt Disney Studios Motion Pictures,434038008.0,434038008.0,"Family,Comedy,Animation,Adventure",['US'],1,0,0,1,1,0,0,0,0,0,0,0,1,1,0,1,0,0,1,0,0,0,0,1,0,1,0,0,0,0,0,0,0,0,1,Family,4,6,June,Summer,1,0,0,0,,,0,0,0,0,1,5,391283774,5,High,1,1,0,0,0,0,0,0,1,toy story,415004880.0,415004880.0,415004880.0,1.0,0,0,0,0,0,0,9,0,1,0,0
False,/qAzYK4YPSWDc7aa4R43LcwRIAyb.jpg,"[28, 12, 878]",299537,en,Captain Marvel,"The story follows Carol Danvers as she becomes one of the universe’s most powerful heroes when Earth is caught in the middle of a galactic war between two alien races. Set in the 1990s, Captain Marvel is an all-new adventure from a previously unseen period in the history of the Marvel Cinematic Universe.",8.4759,/AtsgWhDnHTq68L0lLsUrCnM7TjG.jpg,2019-03-08,Captain Marvel,False,6.791,16402,"[{'iso_3166_1': 'US', 'name': 'United States of America'}]",2019,"[28, 12, 878]",Captain Marvel,426829839.0,35.0,Walt Disney Studios Motion Pictures,426829839.0,426829839.0,"Action,Adventure,Science Fiction",['US'],1,0,0,1,1,0,0,0,0,0,0,0,1,1,0,0,1,0,1,0,1,0,0,0,0,0,0,0,0,0,0,1,1,0,0,Action,3,3,March,Spring,0,0,0,0,,,0,0,0,0,1,2,175084580,14,Medium,0,0,1,0,0,0,0,0,0,captain marvel,,,,,0,0,1,0,0,1,9,0,1,0,0
False,/vamhMTvh9m9zFHDoR0v1nRtf6T4.jpg,"[28, 12, 878]",429617,en,Spider-Man: Far From Home,"Peter Parker and his friends go on a summer trip to Europe. However, they will hardly be able to rest - Peter will have to agree to help Nick Fury uncover the mystery of creatures that cause natural disasters and destruction throughout the continent.",15.7298,/4q2NNj4S5dG2RLF9CpXsej7yXl.jpg,2019-07-02,Spider-Man: Far From Home,False,7.399,16520,"[{'iso_3166_1': 'US', 'name': 'United States of America'}]",2019,"[28, 12, 878]",Spider-Man: Far From Home,391283774.0,54.0,Sony Pictures Releasing,391283774.0,391283774.0,"Action,Adventure,Science Fiction",['US'],1,0,0,1,0,0,0,1,0,0,0,0,1,1,0,0,1,0,1,0,1,0,0,0,0,0,0,0,0,0,0,1,1,0,0,Action,3,7,July,Summer,1,0,0,1,Independence Day,2.0,0,0,1,0,1,3,434038008,4,High,1,1,1,0,0,0,0,0,1,spider,525194139.0,190241310.0,262597069.5,2.0,0,0,1,0,0,1,9,0,1,0,0
False,/yJyZRrXaYUjhOrJGga8awbw4Rud.jpg,"[12, 14, 10749, 10751]",420817,en,Aladdin,A kindhearted street urchin named Aladdin embarks on a magical adventure after finding a lamp that releases a wisecracking genie while a power-hungry Grand Vizier vies for the same lamp that has the power to make their deepest wishes come true.,8.0227,/ykUEbfpkf8d0w49pHh0AD2KrT52.jpg,2019-05-24,Aladdin,False,7.091,10427,"[{'iso_3166_1': 'US', 'name': 'United States of America'}]",2019,"[12, 14, 10749, 10751]",Aladdin,355559216.0,72.0,Walt Disney Studios Motion Pictures,355559216.0,355559216.0,"Adventure,Fantasy,Romance,Family",['US'],1,0,0,1,1,0,0,0,0,0,0,0,1,1,0,0,0,0,1,1,0,0,0,1,1,0,0,0,0,0,0,0,0,0,0,Adventure,4,5,May,Spring,1,0,0,1,Memorial Day,1.0,0,0,0,1,1,4,171015687,7,High,0,1,0,0,0,0,0,0,0,aladdin,,,,,1,0,0,0,1,1,9,0,1,0,0
False,/hO7KbdvGOtDdeg0W4Y5nKEHeDDh.jpg,"[80, 53, 18]",475557,en,Joker,"During the 1980s, a failed stand-up comedian is driven insane and turns to a life of crime and chaos in Gotham City while becoming an infamous psychopathic crime figure.",16.1687,/udDclJoHjfjb8Ekgsd4FDteOkCU.jpg,2019-10-04,Joker,False,8.129,27077,"[{'iso_3166_1': 'CA', 'name': 'Canada'}, {'iso_3166_1': 'US', 'name': 'United States of America'}]",2019,"[80, 53, 18]",Joker,335477657.0,84.0,Warner Bros.,335477657.0,335477657.0,"Crime,Thriller,Drama","['CA', 'US']",1,0,1,1,0,1,0,0,0,0,0,0,1,1,1,0,0,1,0,0,0,0,1,0,0,0,0,0,0,0,0,0,0,0,0,Crime,3,10,October,Fall,0,0,1,1,Columbus Day,6.0,0,0,0,0,1,5,113929605,7,High,0,1,0,1,0,0,0,0,0,joker,,,,,0,0,1,0,0,1,9,0,1,0,0
False,/qgch2rFskIxDMgwrD5lWTaB4nBl.jpg,"[12, 35, 14]",512200,en,Jumanji: The Next Level,"As the gang return to Jumanji to rescue one of their own, they discover that nothing is as they expect. The players will have to brave parts unknown and unexplored in order to escape the world’s most dangerous game.",7.382,/4kh9dxAiClS2GMUpkRyzGwpNWWX.jpg,2019-12-13,Jumanji: The Next Level,False,6.882,9115,"[{'iso_3166_1': 'US', 'name': 'United States of America'}]",2019,"[12, 35, 14]",Jumanji: The Next Level,320314960.0,97.0,Sony Pictures Releasing,320314960.0,320314960.0,"Adventure,Comedy,Fantasy",['US'],1,0,0,1,0,0,0,1,0,0,0,0,1,1,0,1,0,0,1,0,0,0,0,0,1,0,0,0,0,0,0,0,0,0,0,Adventure,3,12,December,Winter,0,1,1,0,,,0,0,0,0,1,5,515202542,0,High,1,1,0,0,0,0,0,0,1,jumanji,404540171.0,404540171.0,404540171.0,1.0,0,1,0,0,1,1,9,0,1,0,0
False,/8moTOzunF7p40oR5XhlDvJckOSW.jpg,"[27, 53]",474350,en,It Chapter Two,"27 years after overcoming the malevolent supernatural entity Pennywise, the former members of the Losers' Club, who have grown up and moved away from Derry, are brought back together by a devastating phone call.",52.1159,/zfE0R94v1E8cuKAerbskfD3VfUt.jpg,2019-09-06,It Chapter Two,False,6.838,9328,"[{'iso_3166_1': 'US', 'name': 'United States of America'}]",2019,"[27, 53]",It Chapter Two,211622525.0,231.0,Warner Bros.,211622525.0,211622525.0,"Horror,Thriller",['US'],1,0,0,1,0,1,0,0,0,0,0,0,1,1,0,0,0,1,0,0,0,1,0,0,0,0,0,0,0,0,0,0,0,0,0,Horror,2,9,September,Fall,0,0,0,1,Labor Day,5.0,0,0,0,1,1,2,104963598,7,Medium,0,1,0,0,0,0,0,0,1,it chapter,0.0,,,0.0,0,0,0,0,0,0,9,0,1,0,0
False,/sC0b8iPUHfZdD8kseLiHw3N8gkp.jpg,"[27, 9648]",458723,en,Us,"Husband and wife Gabe and Adelaide Wilson take their kids to their beach house expecting to unplug and unwind with friends. But as night descends, their serenity turns to tension and chaos when some shocking visitors arrive uninvited.",4.4782,/ux2dU1jQ2ACIMShzB3yP93Udpzc.jpg,2019-03-22,Us,False,6.953,7833,"[{'iso_3166_1': 'US', 'name': 'United States of America'}]",2019,"[27, 9648]",Us,175084580.0,333.0,Universal Pictures,175084580.0,175084580.0,"Horror,Mystery",['US'],1,0,0,1,0,0,1,0,0,0,0,0,1,1,0,0,0,0,0,0,0,1,0,0,0,0,1,0,0,0,0,0,0,0,0,Horror,2,3,March,Spring,0,0,0,0,,,0,0,0,0,1,4,426829839,7,High,1,1,0,0,0,0,0,0,0,us,,,,,0,0,0,0,0,0,9,0,1,0,0
False,/qAhedRxRYWZAgZ8O8pHIl6QHdD7.jpg,"[28, 12, 35]",384018,en,Fast & Furious Presents: Hobbs & Shaw,"Ever since US Diplomatic Security Service Agent Hobbs and lawless outcast Shaw first faced off, they just have traded smack talk and body blows. But when cyber-genetically enhanced anarchist Brixton's ruthless actions threaten the future of humanity, they join forces to defeat him.",9.6189,/qRyy2UmjC5ur9bDi3kpNNRCc5nc.jpg,2019-08-02,Fast & Furious Presents: Hobbs & Shaw,False,6.842,7566,"[{'iso_3166_1': 'US', 'name': 'United States of America'}]",2019,"[28, 12, 35]",Fast and Furious Presents: Hobbs and Shaw,173956935.0,340.0,Universal Pictures,173956935.0,173956935.0,"Action,Adventure,Comedy",['US'],1,0,0,1,0,0,1,0,0,0,0,0,1,1,0,1,1,0,1,0,0,0,0,0,0,0,0,0,0,0,0,1,0,0,0,Action,3,8,August,Summer,1,0,0,0,,,0,0,0,0,1,4,543638043,7,High,1,1,0,0,0,1,0,0,1,fast furious,0.0,,,0.0,0,0,0,0,0,1,9,0,1,0,0
False,/vVpEOvdxVBP2aV166j5Xlvb5Cdc.jpg,"[28, 53, 80]",458156,en,John Wick: Chapter 3 - Parabellum,"Super-assassin John Wick returns with a $14 million price tag on his head and an army of bounty-hunting killers on his trail. After killing a member of the shadowy international assassin’s guild, the High Table, John Wick is excommunicado, but the world’s most ruthless hit men and women await his every turn.",8.4888,/ziEuG1essDuWuC5lpWUaw1uXY2O.jpg,2019-05-17,John Wick: Chapter 3 - Parabellum,False,7.445,11363,"[{'iso_3166_1': 'US', 'name': 'United States of America'}]",2019,"[28, 53, 80]",John Wick: Chapter 3 - Parabellum,171015687.0,355.0,Lionsgate,171015687.0,171015687.0,"Action,Thriller,Crime",['US'],1,0,0,1,0,0,0,0,0,0,0,1,1,1,0,0,1,1,0,0,0,0,1,0,0,0,0,0,0,0,0,0,0,0,0,Action,3,5,May,Spring,1,0,0,1,Memorial Day,8.0,0,0,0,1,1,3,355559216,7,High,1,1,0,0,0,0,0,1,1,john wick,135067019.0,92029184.0,67533509.5,2.0,0,0,0,0,0,1,9,0,1,0,0
False,/4HWAQu28e2yaWrtupFPGFkdNU7V.jpg,"[35, 80, 9648]",546554,en,Knives Out,"When renowned crime novelist Harlan Thrombey is found dead at his estate just after his 85th birthday, the inquisitive and debonair Detective Benoit Blanc is mysteriously enlisted to investigate. From Harlan's dysfunctional family to his devoted staff, Blanc sifts through a web of red herrings and self-serving lies to uncover the truth behind Harlan's untimely death.",29.3907,/pThyQovXQrw2m0s9x82twj48Jq4.jpg,2019-11-27,Knives Out,False,7.845,13386,"[{'iso_3166_1': 'US', 'name': 'United States of America'}]",2019,"[35, 80, 9648]",Knives Out,165363234.0,375.0,Lionsgate,165363234.0,165363234.0,"Comedy,Crime,Mystery",['US'],1,0,0,1,0,0,0,0,0,0,0,1,1,1,0,1,0,0,0,0,0,0,1,0,0,0,1,0,0,0,0,0,0,0,0,Comedy,3,11,November,Fall,0,1,1,1,Thanksgiving,2.0,0,1,0,0,1,2,477373578,5,Medium,1,1,0,0,0,0,0,0,0,knives out,,,,,0,0,0,0,0,0,9,0,1,0,0
False,/h3KN24PrOheHVYs9ypuOIdFBEpX.jpg,"[16, 10751, 12]",166428,en,How to Train Your Dragon: The Hidden World,"As Hiccup fulfills his dream of creating a peaceful dragon utopia, Toothless’ discovery of an untamed, elusive mate draws the Night Fury away. When danger mounts at home and Hiccup’s reign as village chief is tested, both dragon and rider must make impossible decisions to save their kind.",13.3392,/xvx4Yhf0DVH8G4LzNISpMfFBDy2.jpg,2019-02-22,How to Train Your Dragon: The Hidden World,False,7.749,6885,"[{'iso_3166_1': 'US', 'name': 'United States of America'}]",2019,"[16, 10751, 12]",How to Train Your Dragon: The Hidden World,160945505.0,394.0,Universal Pictures,160945505.0,160945505.0,"Animation,Family,Adventure",['US'],1,0,0,1,0,0,1,0,0,0,0,0,1,1,0,0,0,0,1,0,0,0,0,1,0,1,0,0,0,0,0,0,0,0,1,Animation,3,2,February,Winter,0,0,0,1,Presidents Day,7.0,0,0,0,0,1,4,426829839,8,High,1,0,0,0,0,0,0,0,1,how to,441427668.0,46843513.0,147142556.0,3.0,1,0,0,0,1,1,9,0,1,0,0
False,/zDIievPXqjfjLogXFqnnopU0OkK.jpg,"[10751, 35, 12, 16]",412117,en,The Secret Life of Pets 2,"Max the terrier must cope with some major life changes when his owner gets married and has a baby. When the family takes a trip to the countryside, nervous Max has numerous run-ins with canine-intolerant cows, hostile foxes and a scary turkey. Luckily for Max, he soon catches a break when he meets Rooster, a gruff farm dog who tries to cure the lovable pooch of his neuroses.",6.4348,/s9xg4V5EDKiphgIksVJ9gewBM11.jpg,2019-06-07,The Secret Life of Pets 2,False,6.95,3242,"[{'iso_3166_1': 'US', 'name': 'United States of America'}]",2019,"[10751, 35, 12, 16]",The Secret Life of Pets 2,158980250.0,404.0,Universal Pictures,158980250.0,158980250.0,"Family,Comedy,Adventure,Animation",['US'],1,0,0,1,0,0,1,0,0,0,0,0,1,1,0,1,0,0,1,0,0,0,0,1,0,1,0,0,0,0,0,0,0,0,1,Family,4,6,June,Summer,1,0,0,0,,,0,0,0,0,1,4,434038008,7,High,1,1,0,0,0,0,0,0,1,secret life,426860698.0,368623860.0,213430349.0,2.0,0,1,0,0,1,1,9,0,1,0,0
False,/yXybBEC45p84D0Ky7GmQQYrclVr.jpg,"[28, 12, 14]",447404,en,Pokémon Detective Pikachu,"In a world where people collect pocket-size monsters (Pokémon) to do battle, a boy comes across an intelligent monster who seeks to be a detective.",5.1375,/uhWvnFgg3BNlcUz0Re1HfQqIcCD.jpg,2019-05-10,Pokémon Detective Pikachu,False,6.912,7173,"[{'iso_3166_1': 'JP', 'name': 'Japan'}, {'iso_3166_1': 'US', 'name': 'United States of America'}]",2019,"[28, 12, 14]",Pokémon Detective Pikachu,144174568.0,474.0,Warner Bros.,144174568.0,144174568.0,"Action,Adventure,Fantasy","['US', 'JP']",1,0,0,1,0,1,0,0,0,0,0,0,1,1,0,0,1,0,1,0,0,0,0,0,1,0,0,0,0,0,0,1,0,0,0,Action,3,5,May,Spring,1,0,0,0,,,0,0,0,0,1,3,858373000,7,High,1,1,0,0,0,0,0,0,0,pok mon,,,,,0,1,0,0,1,1,9,0,1,0,0
False,/aQLygZOIKai6aaiBAeeKpIWO5nc.jpg,"[35, 18, 53]",466272,en,Once Upon a Time... in Hollywood,"Los Angeles, 1969. TV star Rick Dalton, a struggling actor specializing in westerns, and stuntman Cliff Booth, his best friend, try to survive in a constantly changing movie industry. Dalton is the neighbor of the young and promising actress and model Sharon Tate, who has just married the prestigious Polish director Roman Polanski…",11.5375,/8j58iEBw9pOXFD2L0nt0ZXeHviB.jpg,2019-07-26,Once Upon a Time... in Hollywood,False,7.426,14357,"[{'iso_3166_1': 'CN', 'name': 'China'}, {'iso_3166_1': 'GB', 'name': 'United Kingdom'}, {'iso_3166_1': 'US', 'name': 'United States of America'}]",2019,"[35, 18, 53]",Once Upon a Time... in Hollywood,142502728.0,482.0,Sony Pictures Releasing,142502728.0,142502728.0,"Comedy,Drama,Thriller","['GB', 'US', 'CN']",1,1,0,1,0,0,0,1,0,0,0,0,1,1,1,1,0,1,0,0,0,0,0,0,0,0,0,0,0,0,0,0,0,0,0,Comedy,3,7,July,Summer,1,0,0,0,,,0,0,0,0,1,3,543638043,7,High,1,1,0,0,0,0,0,0,0,once upon,,,,,0,0,0,0,0,0,9,0,1,0,0
False,/o7JVhqMmrex1TPbmuxl8YXVlcfl.jpg,"[28, 35, 14]",287947,en,Shazam!,A boy is given the ability to become an adult superhero in times of need with a single magic word.,5.8188,/xnopI5Xtky18MPhK40cZAGAOVeV.jpg,2019-04-05,Shazam!,False,6.986,9981,"[{'iso_3166_1': 'US', 'name': 'United States of America'}]",2019,"[28, 35, 14]",Shazam!,140480049.0,492.0,Warner Bros.,140480049.0,140480049.0,"Action,Comedy,Fantasy",['US'],1,0,0,1,0,1,0,0,0,0,0,0,1,1,0,1,1,0,0,0,0,0,0,0,1,0,0,0,0,0,0,0,0,0,0,Action,3,4,April,Spring,0,0,0,0,,,0,0,0,0,1,4,175084580,0,High,0,1,0,1,0,0,0,0,0,shazam,,,,,0,0,1,0,0,1,9,0,1,0,0
False,/2vq5GTJOahE03mNYZGxIynlHcWr.jpg,"[18, 28, 36]",359724,en,Ford v Ferrari,"American car designer Carroll Shelby and the British-born driver Ken Miles work together to battle corporate interference, the laws of physics, and their own personal demons to build a revolutionary race car for Ford Motor Company and take on the dominating race cars of Enzo Ferrari at the 24 Hours of Le Mans in France in 1966.",8.3931,/dR1Ju50iudrOh3YgfwkAU1g2HZe.jpg,2019-11-15,Ford v Ferrari,False,8.006,8640,"[{'iso_3166_1': 'US', 'name': 'United States of America'}]",2019,"[18, 28, 36]",Ford v Ferrari,117624357.0,658.0,Twentieth Century Fox,117624357.0,117624357.0,"Drama,Action,History",['US'],1,0,0,1,0,0,0,0,0,1,0,0,1,1,1,0,1,0,0,0,0,0,0,0,0,0,0,1,0,0,0,0,0,0,0,Drama,3,11,November,Fall,0,1,1,1,Veterans Day,4.0,0,0,0,0,1,4,477373578,7,High,1,1,0,0,0,0,0,0,1,ford v,0.0,,,0.0,0,0,0,0,0,0,9,0,1,0,0
False,/5tFt6iuGnKapHl5tw0X0cKcnuVo.jpg,"[10751, 14, 12]",329996,en,Dumbo,"A young elephant, whose oversized ears enable him to fly, helps save a struggling circus, but when the circus plans a new venture, Dumbo and his friends discover dark secrets beneath its shiny veneer.",4.5219,/qgibOIN9RDHiPdimw7Gc7YcY960.jpg,2019-03-29,Dumbo,False,6.589,4466,"[{'iso_3166_1': 'US', 'name': 'United States of America'}]",2019,"[10751, 14, 12]",Dumbo,114766307.0,687.0,Walt Disney Studios Motion Pictures,114766307.0,114766307.0,"Family,Fantasy,Adventure",['US'],1,0,0,1,1,0,0,0,0,0,0,0,1,1,0,0,0,0,1,0,0,0,0,1,1,0,0,0,0,0,0,0,0,0,0,Family,3,3,March,Spring,0,0,0,0,,,0,0,0,0,1,3,175084580,7,High,0,1,0,0,0,0,0,0,0,dumbo,,,,,1,0,0,0,1,1,9,0,1,0,0
False,/skvI4rYFrKXS73BJxWGH54Omlvv.jpg,"[10751, 14, 12]",420809,en,Maleficent: Mistress of Evil,"Maleficent and her goddaughter Aurora begin to question the complex family ties that bind them as they are pulled in different directions by impending nuptials, unexpected allies, and dark new forces at play.",5.8913,/vloNTScJ3w7jwNwtNGoG8DbTThv.jpg,2019-10-18,Maleficent: Mistress of Evil,False,7.301,6356,"[{'iso_3166_1': 'US', 'name': 'United States of America'}]",2019,"[10751, 14, 12]",Maleficent: Mistress of Evil,113929605.0,692.0,Walt Disney Studios Motion Pictures,113929605.0,113929605.0,"Family,Fantasy,Adventure",['US'],1,0,0,1,1,0,0,0,0,0,0,0,1,1,0,0,0,0,1,0,0,0,0,1,1,0,0,0,0,0,0,0,0,0,0,Family,3,10,October,Fall,0,0,1,1,Columbus Day,8.0,0,0,0,0,1,5,335477657,0,High,1,1,0,0,0,0,0,1,1,maleficent,241410378.0,241410378.0,241410378.0,1.0,1,0,0,0,1,1,9,0,1,0,0
False,/rzsMWXQ7GaN60wIpg3yf01iBmXy.jpg,"[53, 18, 878]",450465,en,Glass,"In a series of escalating encounters, former security guard David Dunn uses his supernatural abilities to track Kevin Wendell Crumb, a disturbed man who has twenty-four personalities. Meanwhile, the shadowy presence of Elijah Price emerges as an orchestrator who holds secrets critical to both men.",6.0824,/svIDTNUoajS8dLEo7EosxvyAsgJ.jpg,2019-01-18,Glass,False,6.662,8871,"[{'iso_3166_1': 'US', 'name': 'United States of America'}]",2019,"[53, 18, 878]",Glass,111048468.0,718.0,Universal Pictures,111048468.0,111048468.0,"Thriller,Drama,Science Fiction",['US'],1,0,0,1,0,0,1,0,0,0,0,0,1,1,1,0,0,1,0,0,1,0,0,0,0,0,0,0,0,0,0,0,0,0,0,Thriller,3,1,January,Winter,0,0,0,1,Martin Luther King Jr. Day,3.0,0,0,0,0,1,2,108252517,7,Medium,0,1,0,0,0,0,0,1,1,glass,0.0,,,0.0,0,0,0,0,0,1,9,0,1,0,0
False,/ndQbXYTC5dY6zhMdT9eg0D56NWD.jpg,"[878, 28]",373571,en,Godzilla: King of the Monsters,"Follows the heroic efforts of the crypto-zoological agency Monarch as its members face off against a battery of god-sized monsters, including the mighty Godzilla, who collides with Mothra, Rodan, and his ultimate nemesis, the three-headed King Ghidorah. When these ancient super-species, thought to be mere myths, rise again, they all vie for supremacy, leaving humanity's very existence hanging in the balance.",7.3976,/mzOHg7Q5q9yUmY0b9Esu8Qe6Nnm.jpg,2019-05-31,Godzilla: King of the Monsters,False,6.695,6500,"[{'iso_3166_1': 'CN', 'name': 'China'}, {'iso_3166_1': 'JP', 'name': 'Japan'}, {'iso_3166_1': 'US', 'name': 'United States of America'}]",2019,"[878, 28]",Godzilla: King of the Monsters,110500138.0,723.0,Warner Bros.,110500138.0,110500138.0,"Science Fiction,Action","['US', 'CN', 'JP']",1,0,0,1,0,1,0,0,0,0,0,0,1,1,0,0,1,0,0,0,1,0,0,0,0,0,0,0,0,0,0,0,1,0,0,Science Fiction,2,5,May,Spring,1,0,0,1,Memorial Day,6.0,0,0,0,1,1,4,355559216,7,High,1,1,0,0,0,0,0,0,1,godzilla,200676069.0,200676069.0,200676069.0,1.0,0,0,0,0,0,0,9,0,1,0,0
False,/sOJqNAx4RFrCRn8HS99LEc8aenI.jpg,"[18, 10749, 36]",331482,en,Little Women,Four sisters come of age in America in the aftermath of the Civil War.,7.4788,/yn5ihODtZ7ofn8pDYfxCmxh8AXI.jpg,2019-12-25,Little Women,False,7.9,6627,"[{'iso_3166_1': 'US', 'name': 'United States of America'}]",2019,"[18, 10749, 36]",Little Women,108101214.0,747.0,Sony Pictures Releasing,108101214.0,108101214.0,"Drama,Romance,History",['US'],1,0,0,1,0,0,0,1,0,0,0,0,1,1,1,0,0,0,0,1,0,0,0,0,0,0,0,1,0,0,0,0,0,0,0,Drama,3,12,December,Winter,0,1,1,1,Christmas,0.0,1,0,0,0,1,5,515202542,0,High,1,1,0,0,0,0,0,0,0,little women,,,,,0,0,0,0,0,0,9,0,1,0,0
False,/nLvDo1F9xQD4VdFNgtipti7lKYD.jpg,"[28, 12, 16, 35, 10751]",280217,en,The Lego Movie 2: The Second Part,"It's been five years since everything was awesome and the citizens are facing a huge new threat: LEGO DUPLO® invaders from outer space, wrecking everything faster than they can rebuild.",2.9491,/QTESAsBVZwjtGJNDP7utiGV37z.jpg,2019-02-08,The Lego Movie 2: The Second Part,False,6.662,2349,"[{'iso_3166_1': 'CA', 'name': 'Canada'}, {'iso_3166_1': 'DK', 'name': 'Denmark'}, {'iso_3166_1': 'US', 'name': 'United States of America'}]",2019,"[28, 12, 16, 35, 10751]",The Lego Movie 2: The Second Part,105956290.0,768.0,Warner Bros.,105956290.0,105956290.0,"Action,Adventure,Animation,Comedy,Family","['CA', 'US', 'DK']",1,0,1,1,0,1,0,0,0,0,0,0,1,1,0,1,1,0,1,0,0,0,0,1,0,1,0,0,0,0,0,1,0,0,1,Action,5,2,February,Winter,0,0,0,1,Presidents Day,7.0,0,0,0,0,1,3,160945505,0,High,0,1,0,0,0,0,0,0,1,lego movie,257966122.0,257966122.0,257966122.0,1.0,0,0,0,0,0,0,9,0,1,0,0
False,/uCAy0n0WHTGU4d3LMJtE0fQxCej.jpg,"[10751, 16, 35, 14]",481084,en,The Addams Family,"The Addams family's lives begin to unravel when they face-off against a treacherous, greedy crafty reality-TV host while also preparing for their extended family to arrive for a major celebration.",4.6046,/q1epO0eO8DWu8Vo8tPfvVlzW48T.jpg,2019-10-11,The Addams Family,False,6.607,2434,"[{'iso_3166_1': 'CA', 'name': 'Canada'}, {'iso_3166_1': 'US', 'name': 'United States of America'}]",2019,"[10751, 16, 35, 14]",The Addams Family,100723831.0,842.0,United Artists Releasing,100723831.0,100723831.0,"Family,Animation,Comedy,Fantasy","['CA', 'US']",1,0,1,1,0,0,0,0,0,0,1,0,1,1,0,1,0,0,0,0,0,0,0,1,1,1,0,0,0,0,0,0,0,0,1,Family,4,10,October,Fall,0,0,1,1,Columbus Day,1.0,0,0,0,0,1,5,335477657,0,High,1,1,0,0,0,0,0,0,0,addams family,,,,,0,0,0,0,0,0,9,0,1,0,0
False,/jXDselREPq8TOVGM4dzBBUM7xVk.jpg,"[28, 878, 12]",399579,en,Alita: Battle Angel,"When Alita awakens with no memory of who she is in a future world she does not recognize, she is taken in by Ido, a compassionate doctor who realizes that somewhere in this abandoned cyborg shell is the heart and soul of a young woman with an extraordinary past.",9.3944,/xRWht48C2V8XNfzvPehyClOvDni.jpg,2019-02-14,Alita: Battle Angel,False,7.244,9713,"[{'iso_3166_1': 'US', 'name': 'United States of America'}]",2019,"[28, 878, 12]",Alita: Battle Angel,85838210.0,1017.0,Twentieth Century Fox,85838210.0,85838210.0,"Action,Science Fiction,Adventure",['US'],1,0,0,1,0,0,0,0,0,1,0,0,1,1,0,0,1,0,1,0,1,0,0,0,0,0,0,0,0,0,0,1,1,0,0,Action,3,2,February,Winter,0,0,0,1,Presidents Day,1.0,0,0,0,0,1,3,160945505,6,High,0,1,0,0,0,0,0,0,1,alita,0.0,,,0.0,0,0,0,0,0,0,9,0,1,0,0
False,/6Xsz9KHQmCcIcj3CoWQq5eLtVoT.jpg,[35],521777,en,Good Boys,A group of young boys on the cusp of becoming teenagers embark on an epic quest to fix their broken drone before their parents get home.,2.6278,/tximyCXMEnWIIyOy9STkOduUprG.jpg,2019-08-16,Good Boys,False,6.846,1948,"[{'iso_3166_1': 'US', 'name': 'United States of America'}]",2019,[35],Good Boys,83140306.0,1063.0,Universal Pictures,83140306.0,83140306.0,Comedy,['US'],1,0,0,1,0,0,1,0,0,0,0,0,1,1,0,1,0,0,0,0,0,0,0,0,0,0,0,0,0,0,0,0,0,0,0,Comedy,1,8,August,Summer,1,0,0,0,,,0,0,0,0,1,3,173956935,7,High,0,1,0,0,0,0,0,0,0,good boys,,,,,0,0,0,0,0,0,9,0,1,0,0
False,/uK9uFbAwQ1s2JHKkJ5l0obPTcXI.jpg,"[35, 878, 28, 12]",479455,en,Men in Black: International,"The Men in Black have always protected the Earth from the scum of the universe. In this new adventure, they tackle their biggest, most global threat to date: a mole in the Men in Black organization.",7.7033,/dPrUPFcgLfNbmDL8V69vcrTyEfb.jpg,2019-06-14,Men in Black: International,False,5.899,5190,"[{'iso_3166_1': 'CN', 'name': 'China'}, {'iso_3166_1': 'US', 'name': 'United States of America'}]",2019,"[35, 878, 28, 12]",Men in Black: International,80001807.0,1125.0,Sony Pictures Releasing,80001807.0,80001807.0,"Comedy,Science Fiction,Action,Adventure","['US', 'CN']",1,0,0,1,0,0,0,1,0,0,0,0,1,1,0,1,1,0,1,0,1,0,0,0,0,0,0,0,0,0,0,1,1,0,0,Comedy,4,6,June,Summer,1,0,0,0,,,0,0,0,0,1,5,434038008,7,High,1,1,0,0,0,0,0,0,1,men in,0.0,,,0.0,0,0,0,0,0,0,9,0,1,0,0
False,/jB98SrdXAYSbiprjIwc7WfVCuCV.jpg,[27],521029,en,Annabelle Comes Home,"Determined to keep Annabelle from wreaking more havoc, demonologists Ed and Lorraine Warren bring the possessed doll to the locked artifacts room in their home, placing her “safely” behind sacred glass and enlisting a priest’s holy blessing. But an unholy night of horror awaits as Annabelle awakens the evil spirits in the room, who all set their sights on a new target—the Warrens' ten-year-old daughter, Judy, and her friends.",5.9477,/qWsHMrbg9DsBY3bCMk9jyYCRVRs.jpg,2019-06-26,Annabelle Comes Home,False,6.407,3754,"[{'iso_3166_1': 'US', 'name': 'United States of America'}]",2019,[27],Annabelle Comes Home,74152591.0,1224.0,Warner Bros.,74152591.0,74152591.0,Horror,['US'],1,0,0,1,0,1,0,0,0,0,0,0,1,1,0,0,0,0,0,0,0,1,0,0,0,0,0,0,0,0,0,0,0,0,0,Horror,1,6,June,Summer,1,0,0,1,Independence Day,8.0,0,0,1,0,1,4,434038008,2,High,1,1,0,0,0,0,0,1,1,annabelle comes,0.0,,,0.0,0,0,0,0,0,1,9,0,1,0,0
False,/5om2iHhm2dgv0s2YgPDSEMIkRNx.jpg,"[35, 14, 10402, 10749]",515195,en,Yesterday,A struggling musician realizes he's the only person on Earth who can remember The Beatles after waking up in an alternate reality where the group was forgotten.,3.187,/9fYka5CQt9nrb6LOtKicysUf9NA.jpg,2019-06-28,Yesterday,False,6.687,4126,"[{'iso_3166_1': 'GB', 'name': 'United Kingdom'}, {'iso_3166_1': 'US', 'name': 'United States of America'}]",2019,"[35, 14, 10402, 10749]",Yesterday,73286650.0,1236.0,Universal Pictures,73286650.0,73286650.0,"Comedy,Fantasy,Music,Romance","['GB', 'US']",1,1,0,1,0,0,1,0,0,0,0,0,1,1,0,1,0,0,0,1,0,0,0,0,1,0,0,0,1,0,0,0,0,1,0,Comedy,4,6,June,Summer,1,0,0,1,Independence Day,6.0,0,0,1,0,1,4,434038008,2,High,1,1,0,0,0,0,0,0,0,yesterday,,,,,0,0,0,0,0,0,9,0,1,0,0
False,/e7tMI0zVKJB2TS74TaBifIZIkCp.jpg,"[27, 35]",338967,en,Zombieland: Double Tap,"Columbus, Tallahassee, Wichita, and Little Rock move to the American heartland as they face off against evolved zombies, fellow survivors, and the growing pains of the snarky makeshift family.",6.1816,/dtRbVsUb5O12WWO54SRpiMtHKC0.jpg,2019-10-18,Zombieland: Double Tap,False,6.911,6056,"[{'iso_3166_1': 'US', 'name': 'United States of America'}]",2019,"[27, 35]",Zombieland: Double Tap,73123082.0,1242.0,Sony Pictures Releasing,73123082.0,73123082.0,"Horror,Comedy",['US'],1,0,0,1,0,0,0,1,0,0,0,0,1,1,0,1,0,0,0,0,0,1,0,0,0,0,0,0,0,0,0,0,0,0,0,Horror,2,10,October,Fall,0,0,1,1,Columbus Day,8.0,0,0,0,0,1,5,335477657,0,High,1,1,0,0,0,0,0,0,1,zombieland,0.0,,,0.0,0,0,0,0,0,0,9,0,1,0,0
False,/sGqqnvOqJg2HDHrjtCPIlCwF4Mu.jpg,"[28, 53]",423204,en,Angel Has Fallen,"After a treacherous attack, Secret Service agent Mike Banning is charged with attempting to assassinate President Trumbull. Chased by his own colleagues and the FBI, Banning begins a race against the clock to clear his name.",5.294,/fapXd3v9qTcNBTm39ZC4KUVQDNf.jpg,2019-08-23,Angel Has Fallen,False,6.6,3745,"[{'iso_3166_1': 'US', 'name': 'United States of America'}]",2019,"[28, 53]",Angel Has Fallen,69030436.0,1338.0,Lionsgate,69030436.0,69030436.0,"Action,Thriller",['US'],1,0,0,1,0,0,0,0,0,0,0,1,1,1,0,0,1,1,0,0,0,0,0,0,0,0,0,0,0,0,0,0,0,0,0,Action,2,8,August,Summer,1,0,0,1,Labor Day,9.0,0,0,0,1,1,3,211622525,7,High,1,1,0,0,0,0,0,0,0,angel has,,,,,0,0,0,0,0,0,9,0,1,0,0
False,/uG1v9Hk1XKICd6IJChRR20mBh8i.jpg,"[16, 28, 12, 35, 10751]",431693,en,Spies in Disguise,"Super spy Lance Sterling and scientist Walter Beckett are almost exact opposites. Lance is smooth, suave and debonair. Walter is… not. But what Walter lacks in social skills he makes up for in smarts and invention, creating the awesome gadgets Lance uses on his epic missions. But when events take an unexpected turn, Walter and Lance suddenly have to rely on each other in a whole new way.",3.1522,/e7rWcrnuNej3JeVjqmRu0jVeRa4.jpg,2019-12-25,Spies in Disguise,False,7.568,2902,"[{'iso_3166_1': 'US', 'name': 'United States of America'}]",2019,"[16, 28, 12, 35, 10751]",Spies in Disguise,66757013.0,1395.0,Twentieth Century Fox,66757013.0,66757013.0,"Animation,Action,Adventure,Comedy,Family",['US'],1,0,0,1,0,0,0,0,0,1,0,0,1,1,0,1,1,0,1,0,0,0,0,1,0,1,0,0,0,0,0,1,0,0,1,Animation,5,12,December,Winter,0,1,1,1,Christmas,0.0,1,0,0,0,1,5,515202542,0,High,1,1,0,0,0,0,0,0,0,spies in,,,,,0,0,0,0,0,0,9,0,1,0,0
False,/a6cDxdwaQIFjSkXf7uskg78ZyTq.jpg,"[878, 28, 12, 53]",290859,en,Terminator: Dark Fate,"Decades after Sarah Connor prevented Judgment Day, a lethal new Terminator is sent to eliminate the future leader of the resistance. In a fight to save mankind, battle-hardened Sarah Connor teams up with an unexpected ally and an enhanced super soldier to stop the deadliest Terminator yet.",6.3811,/vqzNJRH4YyquRiWxCCOH0aXggHI.jpg,2019-11-01,Terminator: Dark Fate,False,6.415,5466,"[{'iso_3166_1': 'US', 'name': 'United States of America'}, {'iso_3166_1': 'CN', 'name': 'China'}]",2019,"[878, 28, 12, 53]",Terminator: Dark Fate,62253077.0,1515.0,Paramount Pictures,62253077.0,62253077.0,"Science Fiction,Action,Adventure,Thriller","['US', 'CN']",1,0,0,1,0,0,0,0,1,0,0,0,1,1,0,0,1,1,1,0,1,0,0,0,0,0,0,0,0,0,0,1,1,0,0,Science Fiction,4,11,November,Fall,0,1,1,1,Veterans Day,10.0,0,0,0,0,1,4,117624357,7,High,0,1,0,0,0,0,0,0,1,terminator,0.0,,,0.0,0,0,0,0,0,0,9,0,1,0,0
False,/jXk3ZMq7n4ugOqKYq0CtMn3gia8.jpg,"[10751, 16, 12, 35]",431580,en,Abominable,"A group of misfits encounter a young Yeti named Everest, and they set off to reunite the magical creature with his family on the mountain of his namesake.",6.5791,/llhj3xtNes2Ri4d9HqtleKo1CfL.jpg,2019-09-27,Abominable,False,7.454,2130,"[{'iso_3166_1': 'CN', 'name': 'China'}, {'iso_3166_1': 'US', 'name': 'United States of America'}]",2019,"[10751, 16, 12, 35]",Abominable,61270390.0,1536.0,Universal Pictures,61270390.0,61270390.0,"Family,Animation,Adventure,Comedy","['US', 'CN']",1,0,0,1,0,0,1,0,0,0,0,0,1,1,0,1,0,0,1,0,0,0,0,1,0,1,0,0,0,0,0,0,0,0,1,Family,4,9,September,Fall,0,0,0,0,,,0,0,0,0,1,4,335477657,7,High,1,1,0,0,0,0,0,0,0,abominable,,,,,0,0,0,0,0,0,9,0,1,0,0
False,/ltt9yiCGmCQZunmxtkhtPxzmDzx.jpg,"[10751, 35, 12]",499701,en,Dora and the Lost City of Gold,"Dora, a girl who has spent most of her life exploring the jungle with her parents, now must navigate her most dangerous adventure yet: high school. Always the explorer, Dora quickly finds herself leading Boots (her best friend, a monkey), Diego, and a rag tag group of teens on an adventure to save her parents and solve the impossible mystery behind a lost Inca civilization.",3.3981,/xvYCZ740XvngXK0FNeSNVTJJJ5v.jpg,2019-08-09,Dora and the Lost City of Gold,False,6.634,1787,"[{'iso_3166_1': 'US', 'name': 'United States of America'}]",2019,"[10751, 35, 12]",Dora and the Lost City of Gold,60477943.0,1558.0,Paramount Pictures,60477943.0,60477943.0,"Family,Comedy,Adventure",['US'],1,0,0,1,0,0,0,0,1,0,0,0,1,1,0,1,0,0,1,0,0,0,0,1,0,0,0,0,0,0,0,0,0,0,0,Family,3,8,August,Summer,1,0,0,0,,,0,0,0,0,1,4,173956935,7,High,0,1,0,0,0,0,0,0,0,dora lost,,,,,0,0,0,0,0,0,9,0,1,0,0
False,/mWLljCmpqlcYQh7uh51BBMwCZwN.jpg,"[27, 53, 9648]",522681,en,Escape Room,"Six strangers find themselves in circumstances beyond their control, and must use their wits to survive.",6.0125,/8Ls1tZ6qjGzfGHjBB7ihOnf7f0b.jpg,2019-01-04,Escape Room,False,6.544,4922,"[{'iso_3166_1': 'US', 'name': 'United States of America'}]",2019,"[27, 53, 9648]",Escape Room,57005601.0,1678.0,Sony Pictures Releasing,57005601.0,57005601.0,"Horror,Thriller,Mystery",['US'],1,0,0,1,0,0,0,1,0,0,0,0,1,1,0,0,0,1,0,0,0,1,0,0,0,0,1,0,0,0,0,0,0,0,0,Horror,3,1,January,Winter,0,0,0,1,New Year's Day,3.0,1,0,0,0,1,4,335104314,7,High,1,1,0,0,0,0,0,0,0,escape room,,,,,0,0,0,0,0,0,9,0,1,0,0
False,/5xegGPhCSVMKbyh6zeT6Th0BWLB.jpg,"[28, 10752, 36]",522162,en,Midway,"The story of the Battle of Midway, and the leaders and soldiers who used their instincts, fortitude and bravery to overcome massive odds.",4.1744,/hj8pyoNnynGeJTAbl7jcLZO8Uhx.jpg,2019-11-08,Midway,False,7.113,2616,"[{'iso_3166_1': 'CA', 'name': 'Canada'}, {'iso_3166_1': 'HK', 'name': 'Hong Kong'}, {'iso_3166_1': 'US', 'name': 'United States of America'}]",2019,"[28, 10752, 36]",Midway,56846802.0,1681.0,Lionsgate,56846802.0,56846802.0,"Action,War,History","['HK', 'CA', 'US']",1,0,1,1,0,0,0,0,0,0,0,1,1,1,0,0,1,0,0,0,0,0,0,0,0,0,0,1,0,1,0,0,0,0,0,Action,3,11,November,Fall,0,1,1,1,Veterans Day,3.0,0,0,0,0,1,3,477373578,7,High,1,1,0,0,0,0,0,0,0,midway,,,,,0,0,0,0,0,0,9,0,1,0,0
False,/8MCCpfOe7hkG28cNmkXVrOWRIlK.jpg,[27],480414,en,The Curse of La Llorona,"In 1970s Los Angeles, the legendary ghost La Llorona is stalking the night -- and the children. Ignoring the eerie warning of a troubled mother, a social worker and her own kids are drawn into a frightening supernatural realm. Their only hope of surviving La Llorona's deadly wrath is a disillusioned priest who practices mysticism to keep evil at bay.",4.1266,/hETrPpoKs6BwoilK64YJ7Z5GcRT.jpg,2019-04-19,The Curse of La Llorona,False,5.653,2595,"[{'iso_3166_1': 'US', 'name': 'United States of America'}]",2019,[27],The Curse of La Llorona,54733739.0,1746.0,Warner Bros.,54733739.0,54733739.0,Horror,['US'],1,0,0,1,0,1,0,0,0,0,0,0,1,1,0,0,0,0,0,0,0,1,0,0,0,0,0,0,0,0,0,0,0,0,0,Horror,1,4,April,Spring,0,0,0,0,,,0,0,0,0,1,3,858373000,7,High,1,1,0,0,0,0,0,0,0,curse la,,,,,0,0,0,0,0,0,9,0,1,0,0
False,/t2sT9VGe6kwbKtNYUSaYcFX5JQn.jpg,[27],157433,en,Pet Sematary,"Dr. Louis Creed and his wife, Rachel, move from Boston to Ludlow, in rural Maine, with their two young children. Hidden in the woods near the new family home, Ellie, their eldest daughter, discovers a mysterious cemetery where the pets of community members are buried.",3.022,/7SPhr7Qj39vbnfF9O2qHRYaKHAL.jpg,2019-04-05,Pet Sematary,False,5.742,3341,"[{'iso_3166_1': 'US', 'name': 'United States of America'}]",2019,[27],Pet Sematary,54724696.0,1749.0,Paramount Pictures,54724696.0,54724696.0,Horror,['US'],1,0,0,1,0,0,0,0,1,0,0,0,1,1,0,0,0,0,0,0,0,1,0,0,0,0,0,0,0,0,0,0,0,0,0,Horror,1,4,April,Spring,0,0,0,0,,,0,0,0,0,1,4,175084580,0,High,0,1,0,0,0,0,0,0,0,pet sematary,,,,,0,0,0,0,0,0,9,0,1,0,0
False,/pmVBOsh8TBvvtFKIo6QS5dE6tTs.jpg,"[35, 10749]",487297,en,What Men Want,"Magically able to hear what men are thinking, a sports agent uses her newfound ability to turn the tables on her overbearing male colleagues.",2.7294,/30IiwvIRqPGjUV0bxJkZfnSiCL.jpg,2019-02-08,What Men Want,False,6.215,1558,"[{'iso_3166_1': 'US', 'name': 'United States of America'}]",2019,"[35, 10749]",What Men Want,54611903.0,1754.0,Paramount Pictures,54611903.0,54611903.0,"Comedy,Romance",['US'],1,0,0,1,0,0,0,0,1,0,0,0,1,1,0,1,0,0,0,1,0,0,0,0,0,0,0,0,0,0,0,0,0,1,0,Comedy,2,2,February,Winter,0,0,0,1,Presidents Day,7.0,0,0,0,0,1,3,160945505,0,High,0,1,0,0,0,0,0,0,0,what men,,,,,0,0,0,0,0,0,9,0,1,0,0
False,/4epIlsVpzk2k1fuFS2pzurpIQTJ.jpg,"[35, 14, 10749]",449563,en,Isn't It Romantic,"For a long time, Natalie, an Australian architect living in New York City, had always believed that what she had seen in rom-coms is all fantasy. But after thwarting a mugger at a subway station only to be knocked out while fleeing, Natalie wakes up and discovers that her life has suddenly become her worst nightmare—a romantic comedy—and she is the leading lady.",2.6042,/5xNBYXuv8wqiLVDhsfqCOr75DL7.jpg,2019-02-13,Isn't It Romantic,False,6.202,3549,"[{'iso_3166_1': 'CA', 'name': 'Canada'}, {'iso_3166_1': 'US', 'name': 'United States of America'}]",2019,"[35, 14, 10749]",Isn't It Romantic,48791187.0,1973.0,Warner Bros.,48791187.0,48791187.0,"Comedy,Fantasy,Romance","['CA', 'US']",1,0,1,1,0,1,0,0,0,0,0,0,1,1,0,1,0,0,0,1,0,0,0,0,1,0,0,0,0,0,0,0,0,1,0,Comedy,3,2,February,Winter,0,0,0,1,Presidents Day,2.0,0,0,0,0,1,4,160945505,1,High,0,1,0,0,0,0,0,0,0,isn t,,,,,0,0,0,0,0,0,9,0,1,0,0
False,/hZJLBaTca4ZBsogOOmr8dR7aO5L.jpg,"[878, 28, 12, 53]",453405,en,Gemini Man,"Henry Brogan is an elite 51-year-old assassin who's ready to call it quits after completing his 72nd job. His plans get turned upside down when he becomes the target of a mysterious operative who can seemingly predict his every move. To his horror, Brogan soon learns that the man who's trying to kill him is a younger, faster, cloned version of himself.",5.8657,/uTALxjQU8e1lhmNjP9nnJ3t2pRU.jpg,2019-10-11,Gemini Man,False,6.273,5324,"[{'iso_3166_1': 'US', 'name': 'United States of America'}, {'iso_3166_1': 'CN', 'name': 'China'}, {'iso_3166_1': 'CO', 'name': 'Colombia'}]",2019,"[878, 28, 12, 53]",Gemini Man,48546770.0,1978.0,Paramount Pictures,48546770.0,48546770.0,"Science Fiction,Action,Adventure,Thriller","['CO', 'US', 'CN']",1,0,0,1,0,0,0,0,1,0,0,0,1,1,0,0,1,1,1,0,1,0,0,0,0,0,0,0,0,0,0,1,1,0,0,Science Fiction,4,10,October,Fall,0,0,1,1,Columbus Day,1.0,0,0,0,0,1,6,335477657,0,High,1,1,0,0,0,0,0,0,0,gemini man,,,,,0,0,0,0,0,0,9,0,1,0,0
False,/7yNJyHSPRFrYnG6v9FG1hcNRwaB.jpg,"[27, 53]",502416,en,Ma,"Sue Ann is a loner who keeps to herself in her quiet Ohio town. One day, she is asked by Maggie, a new teenager in town, to buy some booze for her and her friends, and Sue Ann sees the chance to make some unsuspecting, if younger, friends of her own.",2.4224,/6n7ASmQ1wY2cxTubFFGlcvPpyk7.jpg,2019-05-30,Ma,False,5.819,2372,"[{'iso_3166_1': 'US', 'name': 'United States of America'}]",2019,"[27, 53]",Ma,45896028.0,2090.0,Universal Pictures,45896028.0,45896028.0,"Horror,Thriller",['US'],1,0,0,1,0,0,1,0,0,0,0,0,1,1,0,0,0,1,0,0,0,1,0,0,0,0,0,0,0,0,0,0,0,0,0,Horror,2,5,May,Spring,1,0,0,1,Memorial Day,5.0,0,0,0,1,1,4,355559216,1,High,1,1,0,0,0,0,0,0,0,ma,,,,,0,0,0,0,0,0,9,0,1,0,0
False,/27ZkYMWynuK2qiDP6awc3MsCaOs.jpg,"[10749, 18]",527641,en,Five Feet Apart,"Seventeen-year-old Stella spends most of her time in the hospital as a cystic fibrosis patient. Her life is full of routines, boundaries and self-control — all of which get put to the test when she meets Will, an impossibly charming teen who has the same illness. There's an instant flirtation, though restrictions dictate that they must maintain a safe distance between them. As their connection intensifies, so does the temptation to throw the rules out the window and embrace that attraction.",4.1944,/kreTuJBkUjVWePRfhHZuYfhNE1T.jpg,2019-03-15,Five Feet Apart,False,8.223,5828,"[{'iso_3166_1': 'US', 'name': 'United States of America'}]",2019,"[10749, 18]",Five Feet Apart,45729221.0,2097.0,Lionsgate,45729221.0,45729221.0,"Romance,Drama",['US'],1,0,0,1,0,0,0,0,0,0,0,1,1,1,1,0,0,0,0,1,0,0,0,0,0,0,0,0,0,0,0,0,0,0,0,Romance,2,3,March,Spring,0,0,0,0,,,0,0,0,0,1,3,426829839,7,High,1,1,0,0,0,0,0,0,0,five feet,,,,,0,0,0,0,0,0,9,0,1,0,0
False,/h5Vxa8BRTeuY2MEu6lnJjv6p2Zr.jpg,"[35, 16, 12, 10751, 14]",400157,en,Wonder Park,"A young girl named June with a big imagination makes an incredible discovery -- the amusement park of her dreams has come to life. Filled with the world's wildest rides operated by fun-loving animals, the excitement never ends. But when trouble hits, June and her misfit team of furry friends begin an unforgettable journey to save the park.",2.6526,/8KomINZhIuJeB4oB7k7tkq8tmE.jpg,2019-03-15,Wonder Park,False,6.533,731,"[{'iso_3166_1': 'ES', 'name': 'Spain'}, {'iso_3166_1': 'US', 'name': 'United States of America'}]",2019,"[35, 16, 12, 10751, 14]",Wonder Park,45216793.0,2117.0,Paramount Pictures,45216793.0,45216793.0,"Comedy,Animation,Adventure,Family,Fantasy","['US', 'ES']",1,0,0,1,0,0,0,0,1,0,0,0,1,1,0,1,0,0,1,0,0,0,0,1,1,1,0,0,0,0,0,0,0,0,1,Comedy,5,3,March,Spring,0,0,0,0,,,0,0,0,0,1,3,426829839,7,High,1,1,0,0,0,0,0,0,0,wonder park,,,,,0,0,0,0,0,0,9,0,1,0,0
False,/spYx9XQFODuqEVoPpvaJI1ksAVt.jpg,"[28, 53, 18]",522938,en,Rambo: Last Blood,"After fighting his demons for decades, John Rambo now lives in peace on his family ranch in Arizona, but his rest is interrupted when Gabriela, the granddaughter of his housekeeper María, disappears after crossing the border into Mexico to meet her biological father. Rambo, who has become a true father figure for Gabriela over the years, undertakes a desperate and dangerous journey to find her.",5.8875,/kTQ3J8oTTKofAVLYnds2cHUz9KO.jpg,2019-09-20,Rambo: Last Blood,False,6.532,4092,"[{'iso_3166_1': 'CN', 'name': 'China'}, {'iso_3166_1': 'US', 'name': 'United States of America'}]",2019,"[28, 53, 18]",Rambo: Last Blood,44819352.0,2139.0,Lionsgate,44819352.0,44819352.0,"Action,Thriller,Drama","['US', 'CN']",1,0,0,1,0,0,0,0,0,0,0,1,1,1,1,0,1,1,0,0,0,0,0,0,0,0,0,0,0,0,0,0,0,0,0,Action,3,9,September,Fall,0,0,0,0,,,0,0,0,0,1,4,335477657,7,High,1,1,0,0,0,0,0,0,1,rambo,0.0,,,0.0,0,0,0,0,0,0,9,0,1,0,0
False,/MmDgXMjZhD7rSH74mPrQj3uZaI.jpg,"[80, 18, 10749]",536743,en,Queen & Slim,"While on a forgettable first date together in Ohio, a black man and a black woman are pulled over for a minor traffic infraction. The situation escalates, with sudden and tragic results.",6.059,/qfIJOmsiBcum6EGosiy5gTF6ihk.jpg,2019-11-27,Queen & Slim,False,7.13,732,"[{'iso_3166_1': 'US', 'name': 'United States of America'}, {'iso_3166_1': 'CA', 'name': 'Canada'}]",2019,"[80, 18, 10749]",Queen and Slim,43808310.0,2184.0,Universal Pictures,43808310.0,43808310.0,"Crime,Drama,Romance","['CA', 'US']",1,0,1,1,0,0,1,0,0,0,0,0,1,1,1,0,0,0,0,1,0,0,1,0,0,0,0,0,0,0,0,0,0,0,0,Crime,3,11,November,Fall,0,1,1,1,Thanksgiving,2.0,0,1,0,0,1,3,477373578,0,High,1,1,0,0,0,0,0,0,0,queen slim,,,,,0,0,0,0,0,0,9,0,1,0,0
False,/w7MsyOpP003FYhsiTgVHa3rNsrz.jpg,"[18, 12, 10751]",508763,en,A Dog's Way Home,"The adventure of Bella, a dog who embarks on an epic 400-mile journey home after she is separated from her beloved human.",6.9437,/pZn87R7gtmMCGGO8KeaAfZDhXLg.jpg,2019-01-11,A Dog's Way Home,False,7.376,1163,"[{'iso_3166_1': 'CN', 'name': 'China'}, {'iso_3166_1': 'US', 'name': 'United States of America'}]",2019,"[18, 12, 10751]",A Dog's Way Home,42004346.0,2269.0,Sony Pictures Releasing,42004346.0,42004346.0,"Drama,Adventure,Family","['US', 'CN']",1,0,0,1,0,0,0,1,0,0,0,0,1,1,1,0,0,0,1,0,0,0,0,1,0,0,0,0,0,0,0,0,0,0,0,Drama,3,1,January,Winter,0,0,0,1,New Year's Day,10.0,1,0,0,0,1,3,111048468,0,High,0,1,0,0,0,0,0,0,0,dog s,,,,,0,0,0,0,0,0,9,0,1,0,0
False,/tntH2nSeaGTOXV6CITPSvczSiXw.jpg,"[16, 12, 35, 10751]",454640,en,The Angry Birds Movie 2,"Red, Chuck, Bomb and the rest of their feathered friends are surprised when a green pig suggests that they put aside their differences and unite to fight a common threat. Aggressive birds from an island covered in ice are planning to use an elaborate weapon to destroy the fowl and swine.",4.4903,/dz3AjGWAPV4cK8lRDY0DdaVfGUK.jpg,2019-08-14,The Angry Birds Movie 2,False,7.052,1826,"[{'iso_3166_1': 'FI', 'name': 'Finland'}, {'iso_3166_1': 'US', 'name': 'United States of America'}]",2019,"[16, 12, 35, 10751]",The Angry Birds Movie 2,41667116.0,2284.0,Sony Pictures Releasing,41667116.0,41667116.0,"Animation,Adventure,Comedy,Family","['US', 'FI']",1,0,0,1,0,0,0,1,0,0,0,0,1,1,0,1,0,0,1,0,0,0,0,1,0,1,0,0,0,0,0,0,0,0,1,Animation,4,8,August,Summer,1,0,0,0,,,0,0,0,0,1,4,173956935,2,High,0,1,0,0,0,0,0,0,1,angry birds,107509366.0,107509366.0,107509366.0,1.0,0,1,0,0,1,1,9,0,1,0,0
False,/zbPVujc7qIEqpqkG70t2NpNvHOa.jpg,"[35, 14, 10749]",526050,en,Little,"Jordan Sanders, a take-no-prisoners tech mogul, wakes up one morning in the body of her 13-year-old self right before a do-or-die presentation. Her beleaguered assistant April is the only one in on the secret that her daily tormentor is now trapped in an awkward tween body, just as everything is on the line.",4.6958,/4MDB6jJl3U7xK1Gw64zIqt9pQA4.jpg,2019-04-12,Little,False,6.863,736,"[{'iso_3166_1': 'US', 'name': 'United States of America'}]",2019,"[35, 14, 10749]",Little,40860481.0,2323.0,Universal Pictures,40860481.0,40860481.0,"Comedy,Fantasy,Romance",['US'],1,0,0,1,0,0,1,0,0,0,0,0,1,1,0,1,0,0,0,1,0,0,0,0,1,0,0,0,0,0,0,0,0,1,0,Comedy,3,4,April,Spring,0,0,0,0,,,0,0,0,0,1,5,858373000,7,High,1,1,0,0,0,0,0,0,0,little,,,,,0,0,0,0,0,0,9,0,1,0,0
False,/fYuWuPZyXSc3s0iPIZ4ZWpEremy.jpg,[18],514439,en,Breakthrough,"Tragedy strikes when a woman named Joyce's son falls through the ice on a frozen lake and is trapped underwater for over 15 minutes. After being rushed to the hospital, the 14-year-old boy continues to fight for his life as Joyce, her husband and their pastor stay by his bedside and pray for a miracle.",6.0757,/lUd2FNC8cMCcHyRMNZtVC48p3xH.jpg,2019-04-18,Breakthrough,False,7.6,1130,"[{'iso_3166_1': 'US', 'name': 'United States of America'}]",2019,[18],Breakthrough,40713082.0,2331.0,Twentieth Century Fox,40713082.0,40713082.0,Drama,['US'],1,0,0,1,0,0,0,0,0,1,0,0,1,1,1,0,0,0,0,0,0,0,0,0,0,0,0,0,0,0,0,0,0,0,0,Drama,1,4,April,Spring,0,0,0,0,,,0,0,0,0,1,4,858373000,1,High,1,1,0,0,0,0,0,0,0,breakthrough,,,,,0,0,0,0,0,0,9,0,1,0,0
False,/yG0iksOxpsbZo3fwAGRxpxHQTcZ.jpg,"[27, 53]",511987,en,Crawl,"When a huge hurricane hits her hometown in Florida, Haley ignores evacuation orders to look for her father. After finding him badly wounded, both are trapped by the flood. With virtually no time to escape the storm, they discover that rising water levels are the least of their problems.",6.5742,/4WH6AZd473lRZ3hUp8TYiv2LfZW.jpg,2019-07-12,Crawl,False,6.32,3281,"[{'iso_3166_1': 'RS', 'name': 'Serbia'}, {'iso_3166_1': 'US', 'name': 'United States of America'}]",2019,"[27, 53]",Crawl,39014193.0,2424.0,Paramount Pictures,39014193.0,39014193.0,"Horror,Thriller","['US', 'RS']",1,0,0,1,0,0,0,0,1,0,0,0,1,1,0,0,0,1,0,0,0,1,0,0,0,0,0,0,0,0,0,0,0,0,0,Horror,2,7,July,Summer,1,0,0,1,Independence Day,8.0,0,0,1,0,1,4,543638043,7,High,1,1,0,0,0,0,0,0,0,crawl,,,,,0,0,0,0,0,0,9,0,1,0,0
False,/s6awXOxTKYQLSktiIJfI3969dZH.jpg,"[35, 80]",449562,en,The Hustle,"Two female scam artists, one low rent and the other high class, compete to swindle a naïve tech prodigy out of his fortune. A remake of the 1988 comedy ""Dirty Rotten Scoundrels.""",3.7397,/qZniBGQRESLIfxw6GeZLZ2G1osa.jpg,2019-05-10,The Hustle,False,6.193,2625,"[{'iso_3166_1': 'ES', 'name': 'Spain'}, {'iso_3166_1': 'US', 'name': 'United States of America'}]",2019,"[35, 80]",The Hustle,35417038.0,2641.0,United Artists Releasing,35417038.0,35417038.0,"Comedy,Crime","['US', 'ES']",1,0,0,1,0,0,0,0,0,0,1,0,1,1,0,1,0,0,0,0,0,0,1,0,0,0,0,0,0,0,0,0,0,0,0,Comedy,2,5,May,Spring,1,0,0,0,,,0,0,0,0,1,4,858373000,0,High,1,1,0,0,0,0,0,0,0,hustle,,,,,0,0,0,0,0,0,9,0,1,0,0
False,/qIjyBgsMDbpeEO3CJx7vxVn4KO8.jpg,"[35, 10749]",549053,en,Last Christmas,"Kate is a young woman who has a habit of making bad decisions, and her last date with disaster occurs after she accepts work as Santa's elf for a department store. However, after she meets Tom there, her life takes a new turn.",15.7672,/kDEjffiKgjuGo2DRzsqfjvW0CQh.jpg,2019-11-08,Last Christmas,False,7.197,2554,"[{'iso_3166_1': 'GB', 'name': 'United Kingdom'}, {'iso_3166_1': 'US', 'name': 'United States of America'}]",2019,"[35, 10749]",Last Christmas,35150750.0,2659.0,Universal Pictures,35150750.0,35150750.0,"Comedy,Romance","['GB', 'US']",1,1,0,1,0,0,1,0,0,0,0,0,1,1,0,1,0,0,0,1,0,0,0,0,0,0,0,0,0,0,0,0,0,1,0,Comedy,2,11,November,Fall,0,1,1,1,Veterans Day,3.0,0,0,0,0,1,4,477373578,0,High,1,1,0,0,0,0,0,0,0,last christmas,,,,,0,0,0,0,0,0,9,0,1,0,0
False,/lTyikzfGgRX5ZqIfVeT26APYfRL.jpg,"[35, 10752, 18]",515001,en,Jojo Rabbit,"Jojo, a lonely German boy during World War II has his world shaken when he learns that his single mother is hiding a Jewish girl in their home. Influenced by a buffoonish imaginary version of Adolf Hitler, he begins to question his beliefs and confront the conflict between propaganda and his own humanity.",4.734,/7GsM4mtM0worCtIVeiQt28HieeN.jpg,2019-10-18,Jojo Rabbit,False,7.994,10091,"[{'iso_3166_1': 'NZ', 'name': 'New Zealand'}, {'iso_3166_1': 'US', 'name': 'United States of America'}]",2019,"[35, 10752, 18]",Jojo Rabbit,33370906.0,2774.0,Fox Searchlight Pictures,33370906.0,33370906.0,"Comedy,War,Drama","['NZ', 'US']",1,0,0,1,0,0,0,0,0,1,0,0,1,1,1,1,0,0,0,0,0,0,0,0,0,0,0,0,0,1,0,0,0,0,0,Comedy,3,10,October,Fall,0,0,1,1,Columbus Day,8.0,0,0,0,0,1,6,335477657,0,High,1,1,0,0,0,0,0,0,0,jojo rabbit,,,,,0,0,0,0,0,0,9,0,1,0,0
False,/aiM3XxYE2JvW1vJ4AC6cI1RjAoT.jpg,"[80, 28]",438650,en,Cold Pursuit,"The quiet family life of Nels Coxman, a snowplow driver, is upended after his son's murder. Nels begins a vengeful hunt for Viking, the drug lord he holds responsible for the killing, eliminating Viking's associates one by one. As Nels draws closer to Viking, his actions bring even more unexpected and violent consequences, as he proves that revenge is all in the execution.",4.3869,/5RILVnOchQyL1LbcVzmabipdJfc.jpg,2019-02-08,Cold Pursuit,False,5.864,2727,"[{'iso_3166_1': 'FR', 'name': 'France'}, {'iso_3166_1': 'NO', 'name': 'Norway'}, {'iso_3166_1': 'US', 'name': 'United States of America'}]",2019,"[80, 28]",Cold Pursuit,32138862.0,2862.0,Lionsgate,32138862.0,32138862.0,"Crime,Action","['FR', 'US', 'NO']",1,0,0,1,0,0,0,0,0,0,0,1,1,1,0,0,1,0,0,0,0,0,1,0,0,0,0,0,0,0,0,0,0,0,0,Crime,2,2,February,Winter,0,0,0,1,Presidents Day,7.0,0,0,0,0,1,4,160945505,0,High,0,1,0,0,0,0,0,0,0,cold pursuit,,,,,0,0,0,0,0,0,9,0,1,0,0
False,/nj84vpuUWdbmYktBzjiWn5Ny1ZF.jpg,[18],525661,en,Bombshell,Bombshell is a revealing look inside the most powerful and controversial media empire of all time; and the explosive story of the women who brought down the infamous man who created it.,3.3967,/gbPfvwBqbiHpQkYZQvVwB6MVauV.jpg,2019-12-13,Bombshell,False,6.782,3119,"[{'iso_3166_1': 'CA', 'name': 'Canada'}, {'iso_3166_1': 'US', 'name': 'United States of America'}]",2019,[18],Bombshell,31762808.0,2897.0,Lionsgate,31762808.0,31762808.0,Drama,"['CA', 'US']",1,0,1,1,0,0,0,0,0,0,0,1,1,1,1,0,0,0,0,0,0,0,0,0,0,0,0,0,0,0,0,0,0,0,0,Drama,1,12,December,Winter,0,1,1,0,,,0,0,0,0,1,6,515202542,0,High,1,1,0,0,0,0,0,0,0,bombshell,,,,,0,0,0,0,0,0,9,0,1,0,0
False,/gKk8Bg4qpHfniAJC3phzCZpkaIg.jpg,"[27, 14]",501170,en,Doctor Sleep,"Still scarred by the trauma he endured as a child at the Overlook Hotel, Dan Torrance faces the ghosts of the past when he meets Abra, a courageous teen who desperately needs his help -- and who possesses a powerful extrasensory ability called the ""shine"".",7.1424,/p69QzIBbN06aTYqRRiCOY1emNBh.jpg,2019-11-08,Doctor Sleep,False,7.144,4718,"[{'iso_3166_1': 'US', 'name': 'United States of America'}]",2019,"[27, 14]",Doctor Sleep,31581712.0,2914.0,Warner Bros.,31581712.0,31581712.0,"Horror,Fantasy",['US'],1,0,0,1,0,1,0,0,0,0,0,0,1,1,0,0,0,0,0,0,0,1,0,0,1,0,0,0,0,0,0,0,0,0,0,Horror,2,11,November,Fall,0,1,1,1,Veterans Day,3.0,0,0,0,0,1,4,477373578,0,High,1,1,0,0,0,0,0,1,1,doctor sleep,0.0,,,0.0,0,0,0,0,0,1,9,0,1,0,0
False,/aP0sxYhFZwnDTR6TSkG1bIidb2n.jpg,"[27, 53]",533642,en,Child's Play,"Karen, a single mother, gifts her son Andy a Buddi doll for his birthday, unaware of its more sinister nature. A contemporary re-imagining of the 1988 horror classic.",3.752,/rpS7ROczWulqfaXG2klYapULXKm.jpg,2019-06-21,Child's Play,False,5.97,1997,"[{'iso_3166_1': 'CA', 'name': 'Canada'}, {'iso_3166_1': 'US', 'name': 'United States of America'}]",2019,"[27, 53]",Child's Play,29208403.0,3065.0,United Artists Releasing,29208403.0,29208403.0,"Horror,Thriller","['CA', 'US']",1,0,1,1,0,0,0,0,0,0,1,0,1,1,0,0,0,1,0,0,0,1,0,0,0,0,0,0,0,0,0,0,0,0,0,Horror,2,6,June,Summer,1,0,0,0,,,0,0,0,0,1,6,434038008,0,High,1,1,0,0,0,0,0,0,0,child s,,,,,0,0,0,0,0,0,9,0,1,0,0
False,/oJ1MIABA0WF0a7MDVQnnMvBdex8.jpg,"[27, 35]",567609,en,Ready or Not,A young bride's wedding night turns into her worst nightmare when her ridiculously rich in-laws force her to play a gruesome game of hide-and-seek.,5.8915,/oJD9KQFoObZmxAS1je56SIFVNJt.jpg,2019-08-21,Ready or Not,False,7.034,4999,"[{'iso_3166_1': 'US', 'name': 'United States of America'}]",2019,"[27, 35]",Ready or Not,28714231.0,3103.0,Fox Searchlight Pictures,28714231.0,28714231.0,"Horror,Comedy",['US'],1,0,0,1,0,0,0,0,0,1,0,0,1,1,0,1,0,0,0,0,0,1,0,0,0,0,0,0,0,0,0,0,0,0,0,Horror,2,8,August,Summer,1,0,0,0,,,0,0,0,0,1,3,83140306,2,High,0,1,0,0,0,0,0,0,0,ready or,,,,,0,0,0,0,0,0,9,0,1,0,0
False,/rXSDDbT43pcTjppu1qTxs1cOwla.jpg,"[14, 35, 18]",536869,en,Cats,A tribe of cats called the Jellicles must decide yearly which one will ascend to the Heaviside Layer and come back to a new Jellicle life.,4.1576,/aCNch5FmzT2WaUcY44925owIZXY.jpg,2019-12-20,Cats,False,4.095,1024,"[{'iso_3166_1': 'CN', 'name': 'China'}, {'iso_3166_1': 'GB', 'name': 'United Kingdom'}, {'iso_3166_1': 'US', 'name': 'United States of America'}]",2019,"[14, 35, 18]",Cats,27166770.0,3193.0,Universal Pictures,27166770.0,27166770.0,"Fantasy,Comedy,Drama","['GB', 'US', 'CN']",1,1,0,1,0,0,1,0,0,0,0,0,1,1,1,1,0,0,0,0,0,0,0,0,1,0,0,0,0,0,0,0,0,0,0,Fantasy,3,12,December,Winter,0,1,1,1,Christmas,5.0,1,0,0,0,1,6,515202542,0,High,1,1,0,0,0,0,0,0,0,cats,,,,,0,0,0,0,0,0,9,0,1,0,0
False,/96sS0woEzf0zFSWjHVblOhsBfGd.jpg,"[18, 10749]",522924,en,The Art of Racing in the Rain,"A family dog – with a near-human soul and a philosopher's mind – evaluates his life through the lessons learned by his human owner, a race-car driver.",7.5134,/mi5VN4ww0JZgRFJIaPxxTGKjUg7.jpg,2019-08-09,The Art of Racing in the Rain,False,8.184,1609,"[{'iso_3166_1': 'US', 'name': 'United States of America'}]",2019,"[18, 10749]",The Art of Racing in the Rain,26395642.0,3256.0,Twentieth Century Fox,26395642.0,26395642.0,"Drama,Romance",['US'],1,0,0,1,0,0,0,0,0,1,0,0,1,1,1,0,0,0,0,1,0,0,0,0,0,0,0,0,0,0,0,0,0,0,0,Drama,2,8,August,Summer,1,0,0,0,,,0,0,0,0,1,5,173956935,0,High,0,1,0,0,0,0,0,0,0,art racing,,,,,0,0,0,0,0,0,9,0,1,0,0
False,/i109vzdCkG7W3H9FxHmfpZjgh61.jpg,"[10751, 12, 18]",522518,en,A Dog's Journey,A dog finds the meaning of his own existence through the lives of the humans he meets.,2.6952,/wquJChp0NpoqthYdE3YjXNNxvVC.jpg,2019-05-17,A Dog's Journey,False,8.1,1586,"[{'iso_3166_1': 'CN', 'name': 'China'}, {'iso_3166_1': 'IN', 'name': 'India'}, {'iso_3166_1': 'US', 'name': 'United States of America'}]",2019,"[10751, 12, 18]",A Dog's Journey,22782371.0,3549.0,Universal Pictures,22782371.0,22782371.0,"Family,Adventure,Drama","['US', 'CN', 'IN']",1,0,0,1,0,0,1,0,0,0,0,0,1,1,1,0,0,0,1,0,0,0,0,1,0,0,0,0,0,0,0,0,0,0,0,Family,3,5,May,Spring,1,0,0,1,Memorial Day,8.0,0,0,0,1,1,4,355559216,0,High,1,1,0,0,0,0,0,0,0,dog s,,,,,0,0,0,0,0,0,9,0,1,0,0
False,/cheDSO3mYmsAFQlRM91o7MK6Wcc.jpg,[35],505600,en,Booksmart,"Two academic teenage superstars realize, on the eve of their high school graduation, that they should have worked less and played more. Determined to never fall short of their peers, the girls set out on a mission to cram four years of fun into one night.",5.0599,/2aSxRDmisJP90H3S0aocyuQIe4z.jpg,2019-05-24,Booksmart,False,7.012,2770,"[{'iso_3166_1': 'US', 'name': 'United States of America'}]",2019,[35],Booksmart,22680962.0,3562.0,United Artists Releasing,22680962.0,22680962.0,Comedy,['US'],1,0,0,1,0,0,0,0,0,0,1,0,1,1,0,1,0,0,0,0,0,0,0,0,0,0,0,0,0,0,0,0,0,0,0,Comedy,1,5,May,Spring,1,0,0,1,Memorial Day,1.0,0,0,0,1,1,5,355559216,0,High,1,1,0,0,0,0,0,0,0,booksmart,,,,,0,0,0,0,0,0,9,0,1,0,0
False,/Ad0O2lK5XHu1iBywSH039l5dGgA.jpg,"[28, 35]",513045,en,Stuber,"After crashing his car, a cop who's recovering from eye surgery recruits an Uber driver to help him catch a heroin dealer. The mismatched pair soon find themselves in for a wild day of stakeouts and shootouts as they encounter the city's seedy side.",3.8288,/gqk7ndiGn9WUT5UDTm6KHwGTv3m.jpg,2019-07-12,Stuber,False,6.623,1358,"[{'iso_3166_1': 'US', 'name': 'United States of America'}]",2019,"[28, 35]",Stuber,22370452.0,3595.0,Twentieth Century Fox,22370452.0,22370452.0,"Action,Comedy",['US'],1,0,0,1,0,0,0,0,0,1,0,0,1,1,0,1,1,0,0,0,0,0,0,0,0,0,0,0,0,0,0,0,0,0,0,Action,2,7,July,Summer,1,0,0,1,Independence Day,8.0,0,0,1,0,1,4,543638043,7,High,1,1,0,0,0,0,0,0,0,stuber,,,,,0,0,0,0,0,0,9,0,1,0,0
False,/zAfG4ZmpNfKSyr8MVn1CHjgYYXx.jpg,"[18, 36]",292011,en,Richard Jewell,"Richard Jewell thinks quick, works fast, and saves hundreds, perhaps thousands, of lives after a domestic terrorist plants several pipe bombs and they explode during a concert, only to be falsely suspected of the crime by sloppy FBI work and sensational media coverage.",2.7342,/5Lgkm8jt4roAFPZQ52fKMhVmDaZ.jpg,2019-12-13,Richard Jewell,False,7.419,2643,"[{'iso_3166_1': 'US', 'name': 'United States of America'}]",2019,"[18, 36]",Richard Jewell,22345542.0,3598.0,Warner Bros.,22345542.0,22345542.0,"Drama,History",['US'],1,0,0,1,0,1,0,0,0,0,0,0,1,1,1,0,0,0,0,0,0,0,0,0,0,0,0,1,0,0,0,0,0,0,0,Drama,2,12,December,Winter,0,1,1,0,,,0,0,0,0,1,6,515202542,0,High,1,1,0,0,0,0,0,0,0,richard jewell,,,,,0,0,0,0,0,0,9,0,1,0,0
False,/ySSs4jfpF8ZTfAJrxmg1pWhPdn8.jpg,"[28, 80, 18, 53]",578189,en,Black and Blue,"A rookie cop inadvertently captures the murder of a young drug dealer on her body cam. After realizing that the murder was committed by corrupt cops, she teams up with the one person from her community who is willing to help her as she tries to escape both the criminals out for revenge and the police who are desperate to destroy the incriminating footage.",4.2251,/1cSHEKYYP8Dpi4o1iBVd4U75FYt.jpg,2019-10-25,Black and Blue,False,6.792,930,"[{'iso_3166_1': 'US', 'name': 'United States of America'}]",2019,"[28, 80, 18, 53]",Black and Blue,22055313.0,3620.0,Screen Gems,22055313.0,22055313.0,"Action,Crime,Drama,Thriller",['US'],1,0,0,1,0,0,0,1,0,0,0,0,1,1,1,0,1,1,0,0,0,0,1,0,0,0,0,0,0,0,0,0,0,0,0,Action,4,10,October,Fall,0,0,1,0,,,0,0,0,0,1,6,113929605,7,High,0,1,0,0,0,0,0,0,0,black blue,,,,,0,0,0,0,0,0,9,0,1,0,0
False,/djiDKVB07xTy7tDFbWb9k7KLI3E.jpg,"[14, 27, 28, 12]",456740,en,Hellboy,"Hellboy comes to England, where he must defeat Nimue, Merlin's consort and the Blood Queen. But their battle will bring about the end of the world, a fate he desperately tries to turn away.",5.2161,/bk8LyaMqUtaQ9hUShuvFznQYQKR.jpg,2019-04-12,Hellboy,False,5.58,3614,"[{'iso_3166_1': 'BG', 'name': 'Bulgaria'}, {'iso_3166_1': 'US', 'name': 'United States of America'}, {'iso_3166_1': 'FR', 'name': 'France'}]",2019,"[14, 27, 28, 12]",Hellboy,21903748.0,3628.0,Lionsgate,21903748.0,21903748.0,"Fantasy,Horror,Action,Adventure","['BG', 'FR', 'US']",1,0,0,1,0,0,0,0,0,0,0,1,1,1,0,0,1,0,1,0,0,1,0,0,1,0,0,0,0,0,0,1,0,0,0,Fantasy,4,4,April,Spring,0,0,0,0,,,0,0,0,0,1,5,858373000,7,High,1,1,0,0,0,0,0,0,0,hellboy,,,,,0,0,1,0,0,1,9,0,1,0,0
False,/hwaYxb8nm7ADQRgUIsqUTsDwgyO.jpg,"[28, 80, 35, 9648]",486131,en,Shaft,"JJ, aka John Shaft Jr., may be a cyber security expert with a degree from MIT, but to uncover the truth behind his best friend’s untimely death, he needs an education only his dad can provide. Absent throughout JJ’s youth, the legendary locked-and-loaded John Shaft agrees to help his progeny navigate Harlem’s heroin-infested underbelly.",5.5699,/joNpwk3wQXpiv6d2bPemjWj3CBd.jpg,2019-06-14,Shaft,False,6.536,1804,"[{'iso_3166_1': 'US', 'name': 'United States of America'}]",2019,"[28, 80, 35, 9648]",Shaft,21360215.0,3691.0,Warner Bros.,21360215.0,21360215.0,"Action,Crime,Comedy,Mystery",['US'],1,0,0,1,0,1,0,0,0,0,0,0,1,1,0,1,1,0,0,0,0,0,1,0,0,0,1,0,0,0,0,0,0,0,0,Action,4,6,June,Summer,1,0,0,0,,,0,0,0,0,1,6,434038008,0,High,1,1,0,0,0,0,0,0,0,shaft,,,,,0,0,0,0,0,0,9,0,1,0,0
False,/a0xTB1vBxMGt6LGG4N7k1wO9lfL.jpg,"[28, 12, 35]",458897,en,Charlie's Angels,"Elena Houghlin is a scientist, engineer and inventor of Calisto -- a sustainable energy source that will revolutionize the way people use power. It will be ready as soon as she works out the last issue, if not it could be turned into a dangerous weapon. But when the cutting edge technology is pushed to an investor before she can do that, Elena turns to the Townsend Agency for help. Now, it's up to the Angels -- Jane, Sabina, and the newly recruited Elena -- to retrieve Calisto before it can be transformed into a weapon of mass destruction.",4.2001,/1DPUFG6QnGqzpvEaDEv7TaepycM.jpg,2019-11-15,Charlie's Angels,False,6.393,3086,"[{'iso_3166_1': 'US', 'name': 'United States of America'}]",2019,"[28, 12, 35]",Charlie's Angels,17803077.0,4079.0,Sony Pictures Releasing,17803077.0,17803077.0,"Action,Adventure,Comedy",['US'],1,0,0,1,0,0,0,1,0,0,0,0,1,1,0,1,1,0,1,0,0,0,0,0,0,0,0,0,0,0,0,1,0,0,0,Action,3,11,November,Fall,0,1,1,1,Veterans Day,4.0,0,0,0,0,1,5,477373578,0,High,1,1,0,0,0,0,0,0,0,charlie s,,,,,0,0,0,0,0,0,9,0,1,0,0
False,/j3w3lT3ABvJsVE3byNOMCYmnGMB.jpg,"[27, 878]",531309,en,Brightburn,"What if a child from another world crash-landed on Earth, but instead of becoming a hero to mankind, he proved to be something far more sinister?",3.0246,/sJWwkYc9ajwnPRSkqj8Aue5JbKz.jpg,2019-05-24,Brightburn,False,6.139,3344,"[{'iso_3166_1': 'US', 'name': 'United States of America'}]",2019,"[27, 878]",Brightburn,17300439.0,4165.0,Screen Gems,17300439.0,17300439.0,"Horror,Science Fiction",['US'],1,0,0,1,0,0,0,1,0,0,0,0,1,1,0,0,0,0,0,0,1,1,0,0,0,0,0,0,0,0,0,0,0,0,0,Horror,2,5,May,Spring,1,0,0,1,Memorial Day,1.0,0,0,0,1,1,5,355559216,0,High,1,1,0,0,0,0,0,0,0,brightburn,,,,,0,0,0,0,0,0,9,0,1,0,0
False,/esbAmV6KtabDibldf3PZWddlT4O.jpg,[80],511322,en,The Good Liar,"Career con man Roy sets his sights on his latest mark: recently widowed Betty, worth millions. And he means to take it all. But as the two draw closer, what should have been another simple swindle takes on the ultimate stakes.",5.8019,/6kmxXfg3aSWrzUlEPt2L0YD4jz9.jpg,2019-11-15,The Good Liar,False,6.682,1231,"[{'iso_3166_1': 'CA', 'name': 'Canada'}, {'iso_3166_1': 'US', 'name': 'United States of America'}]",2019,[80],The Good Liar,17156058.0,4186.0,Warner Bros.,17156058.0,17156058.0,Crime,"['CA', 'US']",1,0,1,1,0,1,0,0,0,0,0,0,1,1,0,0,0,0,0,0,0,0,1,0,0,0,0,0,0,0,0,0,0,0,0,Crime,1,11,November,Fall,0,1,1,1,Veterans Day,4.0,0,0,0,0,1,5,477373578,0,High,1,1,0,0,0,0,0,0,0,good liar,,,,,0,0,0,0,0,0,9,0,1,0,0
False,/5OoR3aVpxXluSCe9P5mhqOa36Gb.jpg,[28],500852,en,Miss Bala,"Gloria finds a power she never knew she had when she is drawn into a dangerous world of cross-border crime. Surviving will require all of her cunning, inventiveness, and strength.",6.1285,/ae9yrSAS7nLZPbbkOm61pSuIqeo.jpg,2019-02-01,Miss Bala,False,6.34,572,"[{'iso_3166_1': 'MX', 'name': 'Mexico'}, {'iso_3166_1': 'US', 'name': 'United States of America'}]",2019,[28],Miss Bala,15006824.0,4470.0,Sony Pictures Releasing,15006824.0,15006824.0,Action,"['MX', 'US']",1,0,0,1,0,0,0,1,0,0,0,0,1,1,0,0,1,0,0,0,0,0,0,0,0,0,0,0,0,0,0,0,0,0,0,Action,1,2,February,Winter,0,0,0,0,,,0,0,0,0,1,4,111048468,7,High,0,1,0,0,0,0,0,0,0,miss bala,,,,,0,0,0,0,0,0,9,0,1,0,0
False,/q2HrQ4npegpNubovQqoIOR2JEoN.jpg,"[27, 9648]",551808,en,Black Christmas,A group of sorority pledges are stalked by a stranger during their Christmas break. That is until the young women discover that the killer is part of an underground campus conspiracy.,5.9642,/iMBlUzqwpz9ffbeLsYjyHPp8tn8.jpg,2019-12-13,Black Christmas,False,4.561,588,"[{'iso_3166_1': 'US', 'name': 'United States of America'}]",2019,"[27, 9648]",Black Christmas,10429730.0,5173.0,Universal Pictures,10429730.0,10429730.0,"Horror,Mystery",['US'],1,0,0,1,0,0,1,0,0,0,0,0,1,1,0,0,0,0,0,0,0,1,0,0,0,0,1,0,0,0,0,0,0,0,0,Horror,2,12,December,Winter,0,1,1,0,,,0,0,0,0,1,6,515202542,0,High,1,1,0,0,0,0,0,0,0,black christmas,,,,,0,0,0,0,0,0,9,0,1,0,0
False,/xMHeU84wLQ9uH9acJ0oPgdii9wO.jpg,"[18, 53]",504562,en,Motherless Brooklyn,"New York City, 1957. Lionel Essrog, a private detective living with Tourette syndrome, tries to solve the murder of his mentor and best friend, armed only with vague clues and the strength of his obsessive mind.",4.5675,/2wm20cbkH1L8nA54Gtwfgz2hTqo.jpg,2019-11-01,Motherless Brooklyn,False,6.688,1540,"[{'iso_3166_1': 'US', 'name': 'United States of America'}]",2019,"[18, 53]",Motherless Brooklyn,9277736.0,5373.0,Warner Bros.,9277736.0,9277736.0,"Drama,Thriller",['US'],1,0,0,1,0,1,0,0,0,0,0,0,1,1,1,0,0,1,0,0,0,0,0,0,0,0,0,0,0,0,0,0,0,0,0,Drama,2,11,November,Fall,0,1,1,1,Veterans Day,10.0,0,0,0,0,1,5,117624357,0,High,0,1,0,0,0,0,0,0,0,motherless brooklyn,,,,,0,0,0,0,0,0,9,0,1,0,0
False,/xavGKawUyXPWAa6JTUkFzaRXMPF.jpg,"[28, 12, 53]",484641,en,Anna,Beneath Anna Poliatova's striking beauty lies a secret that will unleash her indelible strength and skill to become one of the world's most feared government assassins.,6.7058,/2U0oAVAE0lDRhNmJPPYhDW9kQ8t.jpg,2019-06-21,Anna,False,6.705,2882,"[{'iso_3166_1': 'FR', 'name': 'France'}, {'iso_3166_1': 'GP', 'name': 'Guadaloupe'}, {'iso_3166_1': 'RU', 'name': 'Russia'}, {'iso_3166_1': 'RS', 'name': 'Serbia'}, {'iso_3166_1': 'US', 'name': 'United States of America'}]",2019,"[28, 12, 53]",Anna,7743794.0,5655.0,Lionsgate,7743794.0,7743794.0,"Action,Adventure,Thriller","['FR', 'RU', 'GP', 'US', 'RS']",1,0,0,1,0,0,0,0,0,0,0,1,1,1,0,0,1,1,1,0,0,0,0,0,0,0,0,0,0,0,0,1,0,0,0,Action,3,6,June,Summer,1,0,0,0,,,0,0,0,0,1,6,434038008,0,High,1,1,0,0,0,0,0,0,0,anna,,,,,0,0,0,0,0,0,9,0,1,0,0
False,/3CFuFIwtSSQU4Fyd5NnmHnNZq9w.jpg,"[10749, 18]",508791,en,The Sun Is Also a Star,"Two young New Yorkers begin to fall in love over the course of a single day, as a series of potentially life-altering meetings loom over their heads - hers concerning her family’s deportation to Jamaica, and his concerning an education at Dartmouth.",3.639,/dGl7ZnnL3WoiCKQAQdgkEF0EAbj.jpg,2019-05-17,The Sun Is Also a Star,False,7.0,614,"[{'iso_3166_1': 'US', 'name': 'United States of America'}]",2019,"[10749, 18]",The Sun Is Also a Star,4950029.0,6396.0,Warner Bros.,4950029.0,4950029.0,"Romance,Drama",['US'],1,0,0,1,0,1,0,0,0,0,0,0,1,1,1,0,0,0,0,1,0,0,0,0,0,0,0,0,0,0,0,0,0,0,0,Romance,2,5,May,Spring,1,0,0,1,Memorial Day,8.0,0,0,0,1,1,4,355559216,0,High,1,1,0,0,0,0,0,0,0,sun is,,,,,0,0,0,0,0,0,9,0,1,0,0
False,/o1JapnInSBCgedfWnj15ytjGC70.jpg,[18],519010,es,Dolor y gloria,"Salvador Mallo, a filmmaker in the twilight of his career, remembers his life: his mother, his lovers, the actors he worked with. The sixties in a small village in Valencia, the eighties in Madrid, the present, when he feels an immeasurable emptiness, facing his mortality, the incapability of continuing filming, the impossibility of separating creation from his own life. The need of narrating his past can be his salvation.",3.7753,/cMlueArJXXwZbeLpb4NhC3pxmBk.jpg,2019-10-04,Pain and Glory,False,7.379,1861,"[{'iso_3166_1': 'ES', 'name': 'Spain'}]",2019,[18],Pain and Glory,4567338.0,6520.0,Sony Pictures Classics,4567338.0,4567338.0,Drama,['ES'],0,0,0,0,0,0,0,1,0,0,0,0,1,0,1,0,0,0,0,0,0,0,0,0,0,0,0,0,0,0,0,0,0,0,0,Drama,1,10,October,Fall,0,0,1,1,Columbus Day,6.0,0,0,0,0,1,6,335477657,0,High,1,1,0,0,0,0,0,0,0,pain glory,,,,,0,0,0,0,0,0,9,0,1,0,0
False,/4HXiEsWUEMzJNFwjJv6oUaocqJU.jpg,"[10752, 18, 10749]",468224,en,Tolkien,"England, early 20th century. The future writer and philologist John Ronald Reuel Tolkien (1892-1973) and three of his schoolmates create a strong bond between them as they share the same passion for literature and art, a true fellowship that strengthens as they grow up, but the outbreak of World War I threatens to shatter it.",3.4042,/A7eYO3t7oZQdfJj5KlJBI7GhT9H.jpg,2019-05-10,Tolkien,False,6.94,1496,"[{'iso_3166_1': 'US', 'name': 'United States of America'}]",2019,"[10752, 18, 10749]",Tolkien,4535154.0,6535.0,Fox Searchlight Pictures,4535154.0,4535154.0,"War,Drama,Romance",['US'],1,0,0,1,0,0,0,0,0,1,0,0,1,1,1,0,0,0,0,1,0,0,0,0,0,0,0,0,0,1,0,0,0,0,0,War,3,5,May,Spring,1,0,0,0,,,0,0,0,0,1,4,858373000,0,High,1,1,0,0,0,0,0,0,0,tolkien,,,,,0,0,0,0,0,0,9,0,1,0,0
False,/eAIHqfS3kXm7kZl4j7ZBfdegyEz.jpg,"[53, 28, 80]",38700,en,Bad Boys for Life,"Marcus and Mike are forced to confront new threats, career changes, and midlife crises as they join the newly created elite team AMMO of the Miami police department to take down the ruthless Armando Armas, the vicious leader of a Miami drug cartel.",8.998,/y95lQLnuNKdPAzw9F9Ab8kJ80c3.jpg,2020-01-17,Bad Boys for Life,False,7.125,8567,"[{'iso_3166_1': 'US', 'name': 'United States of America'}]",2020,"[53, 28, 80]",Bad Boys for Life,206305244.0,243.0,Sony Pictures Releasing,206305244.0,206305244.0,"Thriller,Action,Crime",['US'],1,0,0,1,0,0,0,1,0,0,0,0,1,1,0,0,1,1,0,0,0,0,1,0,0,0,0,0,0,0,0,0,0,0,0,Thriller,3,1,January,Winter,0,0,0,1,Martin Luther King Jr. Day,2.0,0,0,0,0,1,1,77047065,0,Medium,0,1,0,0,0,0,0,1,1,bad boys,0.0,,,0.0,0,0,0,0,0,1,10,0,0,1,0
False,/stmYfCUGd8Iy6kAMBr6AmWqx8Bq.jpg,"[28, 878, 35, 10751]",454626,en,Sonic the Hedgehog,"Powered with incredible speed, Sonic The Hedgehog embraces his new home on Earth. That is, until Sonic sparks the attention of super-uncool evil genius Dr. Robotnik. Now it’s super-villain vs. super-sonic in an all-out race across the globe to stop Robotnik from using Sonic’s unique power for world domination.",9.9181,/aQvJ5WPzZgYVDrxLX4R6cLJCEaQ.jpg,2020-02-14,Sonic the Hedgehog,False,7.295,10174,"[{'iso_3166_1': 'JP', 'name': 'Japan'}, {'iso_3166_1': 'US', 'name': 'United States of America'}]",2020,"[28, 878, 35, 10751]",Sonic the Hedgehog,148974665.0,447.0,Paramount Pictures,148974665.0,148974665.0,"Action,Science Fiction,Comedy,Family","['US', 'JP']",1,0,0,1,0,0,0,0,1,0,0,0,1,1,0,1,1,0,0,0,1,0,0,1,0,0,0,0,0,0,0,0,1,0,0,Action,4,2,February,Winter,0,0,0,1,Presidents Day,1.0,0,0,0,0,1,3,84172791,7,High,0,1,0,0,0,0,0,0,0,sonic hedgehog,,,,,0,1,0,0,1,1,10,0,0,1,0
False,/uozb2VeD87YmhoUP1RrGWfzuCrr.jpg,"[28, 80]",495764,en,Birds of Prey (and the Fantabulous Emancipation of One Harley Quinn),"Harley Quinn joins forces with a singer, an assassin and a police detective to help a young girl who had a hit placed on her after she stole a rare diamond from a crime lord.",6.5983,/h4VB6m0RwcicVEZvzftYZyKXs6K.jpg,2020-02-07,Birds of Prey (and the Fantabulous Emancipation of One Harley Quinn),False,6.889,10613,"[{'iso_3166_1': 'US', 'name': 'United States of America'}]",2020,"[28, 80]",Birds of Prey (and the Fantabulous Emancipation of One Harley Quinn),84172791.0,1045.0,Warner Bros.,84172791.0,84172791.0,"Action,Crime",['US'],1,0,0,1,0,1,0,0,0,0,0,0,1,1,0,0,1,0,0,0,0,0,1,0,0,0,0,0,0,0,0,0,0,0,0,Action,2,2,February,Winter,0,0,0,1,Presidents Day,8.0,0,0,0,0,1,2,148974665,7,Medium,0,1,0,0,0,0,0,0,0,birds prey,,,,,0,0,1,0,0,1,10,0,0,1,0
False,/xcUf6yIheo78btFqihlRLftdR3M.jpg,"[10751, 35, 14, 12]",448119,en,Dolittle,"After losing his wife seven years earlier, the eccentric Dr. John Dolittle, famed doctor and veterinarian of Queen Victoria’s England, hermits himself away behind the high walls of Dolittle Manor with only his menagerie of exotic animals for company. But when the young queen falls gravely ill, a reluctant Dolittle is forced to set sail on an epic adventure to a mythical island in search of a cure, regaining his wit and courage as he crosses old adversaries and discovers wondrous creatures.",22.6907,/uoplwswBDy7gsOyrbGuKyPFoPCs.jpg,2020-01-17,Dolittle,False,6.587,3784,"[{'iso_3166_1': 'CN', 'name': 'China'}, {'iso_3166_1': 'US', 'name': 'United States of America'}]",2020,"[10751, 35, 14, 12]",Dolittle,77047065.0,1167.0,Universal Pictures,77047065.0,77047065.0,"Family,Comedy,Fantasy,Adventure","['US', 'CN']",1,0,0,1,0,0,1,0,0,0,0,0,1,1,0,1,0,0,1,0,0,0,0,1,1,0,0,0,0,0,0,0,0,0,0,Family,4,1,January,Winter,0,0,0,1,Martin Luther King Jr. Day,2.0,0,0,0,0,1,1,206305244,0,Medium,1,1,0,0,0,0,0,0,0,dolittle,,,,,0,0,0,0,0,0,10,0,0,1,0
False,/tweDJNQzBGgsWVF5MC8JhSAk07p.jpg,"[53, 878, 27]",570670,en,The Invisible Man,"When Cecilia's abusive ex takes his own life and leaves her his fortune, she suspects his death was a hoax. As a series of coincidences turn lethal, Cecilia works to prove that she is being hunted by someone nobody can see.",4.2514,/5EufsDwXdY2CVttYOk2WtYhgKpa.jpg,2020-02-28,The Invisible Man,False,7.101,6078,"[{'iso_3166_1': 'AU', 'name': 'Australia'}, {'iso_3166_1': 'US', 'name': 'United States of America'}]",2020,"[53, 878, 27]",The Invisible Man,70410000.0,1305.0,Universal Pictures,70410000.0,70410000.0,"Thriller,Science Fiction,Horror","['US', 'AU']",1,0,0,1,0,0,1,0,0,0,0,0,1,1,0,0,0,1,0,0,1,1,0,0,0,0,0,0,0,0,0,0,0,0,0,Thriller,3,2,February,Winter,0,0,0,0,,,0,0,0,0,1,3,148974665,7,High,0,1,0,0,0,0,0,0,0,invisible man,,,,,0,0,0,0,0,0,10,0,0,1,0
False,/1GZCV0dwIoAn6jpWPfVAbeMTVC2.jpg,"[12, 10751, 18]",481848,en,The Call of the Wild,"Buck is a big-hearted dog whose blissful domestic life is turned upside down when he is suddenly uprooted from his California home and transplanted to the exotic wilds of the Yukon during the Gold Rush of the 1890s. As the newest rookie on a mail delivery dog sled team—and later its leader—Buck experiences the adventure of a lifetime, ultimately finding his true place in the world and becoming his own master.",4.9081,/33VdppGbeNxICrFUtW2WpGHvfYc.jpg,2020-02-21,The Call of the Wild,False,7.53,3873,"[{'iso_3166_1': 'US', 'name': 'United States of America'}]",2020,"[12, 10751, 18]",The Call of the Wild,62342368.0,1512.0,20th Century Studios,62342368.0,62342368.0,"Adventure,Family,Drama",['US'],1,0,0,1,0,0,0,0,0,1,0,0,1,1,1,0,0,0,1,0,0,0,0,1,0,0,0,0,0,0,0,0,0,0,0,Adventure,3,2,February,Winter,0,0,0,1,Presidents Day,6.0,0,0,0,0,1,4,148974665,7,High,0,1,0,0,0,0,0,0,0,call wild,,,,,0,0,0,0,0,0,10,0,0,1,0
False,/bcT8CaBIj086WVD7K529h78eujb.jpg,"[10751, 35, 12, 16, 14]",508439,en,Onward,"In a suburban fantasy world, two teenage elf brothers embark on an extraordinary quest to discover if there is still a little magic left out there.",4.7798,/f4aul3FyD3jv3v4bul1IrkWZvzq.jpg,2020-03-06,Onward,False,7.649,6427,"[{'iso_3166_1': 'US', 'name': 'United States of America'}]",2020,"[10751, 35, 12, 16, 14]",Onward,61555145.0,1526.0,Walt Disney Studios Motion Pictures,61555145.0,61555145.0,"Family,Comedy,Adventure,Animation,Fantasy",['US'],1,0,0,1,1,0,0,0,0,0,0,0,1,1,0,1,0,0,1,0,0,0,0,1,1,1,0,0,0,0,0,0,0,0,1,Family,5,3,March,Spring,0,0,0,0,,,0,0,0,0,1,2,70410000,7,Medium,0,1,0,0,0,0,0,0,0,onward,,,,,0,0,0,0,0,0,10,0,0,1,0
False,/fmIp40ev4VGquK2bMo52PQgaV2d.jpg,"[16, 10751, 12, 14, 35]",529203,en,The Croods: A New Age,"Searching for a safer habitat, the prehistoric Crood family discovers an idyllic, walled-in paradise that meets all of its needs. Unfortunately, they must also learn to live with the Bettermans -- a family that's a couple of steps above the Croods on the evolutionary ladder. As tensions between the new neighbors start to rise, a new threat soon propels both clans on an epic adventure that forces them to embrace their differences, draw strength from one another, and survive together.",7.9646,/tbVZ3Sq88dZaCANlUcewQuHQOaE.jpg,2020-11-25,The Croods: A New Age,False,7.457,4033,"[{'iso_3166_1': 'US', 'name': 'United States of America'}]",2020,"[16, 10751, 12, 14, 35]",The Croods: A New Age,58568815.0,1618.0,Universal Pictures,58568815.0,58568815.0,"Animation,Family,Adventure,Fantasy,Comedy",['US'],1,0,0,1,0,0,1,0,0,0,0,0,1,1,0,1,0,0,1,0,0,0,0,1,1,1,0,0,0,0,0,0,0,0,1,Animation,5,11,November,Fall,0,1,1,1,Thanksgiving,0.0,0,1,0,0,0,0,0,,Low,0,0,0,0,0,0,0,0,1,croods,187168425.0,187168425.0,187168425.0,1.0,0,0,0,0,0,0,10,0,0,1,0
False,/yY76zq9XSuJ4nWyPDuwkdV7Wt0c.jpg,"[28, 53, 878]",577922,en,Tenet,"Armed with only one word - Tenet - and fighting for the survival of the entire world, the Protagonist journeys through a twilight world of international espionage on a mission that will unfold in something beyond real time.",9.4353,/aCIFMriQh8rvhxpN1IWGgvH0Tlg.jpg,2020-09-03,Tenet,False,7.177,10677,"[{'iso_3166_1': 'GB', 'name': 'United Kingdom'}, {'iso_3166_1': 'US', 'name': 'United States of America'}]",2020,"[28, 53, 878]",Tenet,58504105.0,1619.0,Warner Bros.,58504105.0,58504105.0,"Action,Thriller,Science Fiction","['GB', 'US']",1,1,0,1,0,1,0,0,0,0,0,0,1,1,0,0,1,1,0,0,1,0,0,0,0,0,0,0,0,0,0,0,1,0,0,Action,3,9,September,Fall,0,0,0,1,Labor Day,2.0,0,0,0,1,0,0,0,,Low,0,0,0,0,0,0,0,0,0,tenet,,,,,0,0,0,0,0,0,10,0,0,1,0
False,/egg7KFi18TSQc1s24RMmR9i2zO6.jpg,"[28, 12, 14]",464052,en,Wonder Woman 1984,A botched store robbery places Wonder Woman in a global battle against a powerful and mysterious ancient force that puts her powers in jeopardy.,7.8084,/8UlWHLMpgZm9bx6QYh0NFoq67TZ.jpg,2020-12-25,Wonder Woman 1984,False,6.384,8864,"[{'iso_3166_1': 'US', 'name': 'United States of America'}]",2020,"[28, 12, 14]",Wonder Woman 1984,46801036.0,2055.0,Warner Bros.,46801036.0,46801036.0,"Action,Adventure,Fantasy",['US'],1,0,0,1,0,1,0,0,0,0,0,0,1,1,0,0,1,0,1,0,0,0,0,0,1,0,0,0,0,0,0,1,0,0,0,Action,3,12,December,Winter,0,1,1,1,Christmas,0.0,1,0,0,0,0,0,0,,Low,0,0,0,1,0,0,0,0,0,wonder woman,,,,,0,0,1,0,0,1,10,0,0,1,0
False,/dzfiE2VHY362dGI62XfZ2iI87CT.jpg,"[12, 14, 27, 9648]",539537,en,Fantasy Island,"A group of contest winners arrive at an island hotel to live out their dreams, only to find themselves trapped in nightmare scenarios.",3.6682,/8ZMrZGGW65ePWIgRn1260nA1uUm.jpg,2020-02-27,Fantasy Island,False,5.8,2583,"[{'iso_3166_1': 'US', 'name': 'United States of America'}]",2020,"[12, 14, 27, 9648]",Fantasy Island,27309289.0,3186.0,Sony Pictures Releasing,27309289.0,27309289.0,"Adventure,Fantasy,Horror,Mystery",['US'],1,0,0,1,0,0,0,1,0,0,0,0,1,1,0,0,0,0,1,0,0,1,0,0,1,0,1,0,0,0,0,0,0,0,0,Adventure,4,2,February,Winter,0,0,0,0,,,0,0,0,0,1,4,148974665,1,High,0,1,0,0,0,0,0,0,0,fantasy island,,,,,0,0,0,0,0,0,10,0,0,1,0
False,/1MoeNacOltBWojkStjhT3svBTOK.jpg,"[878, 27, 28]",340102,en,The New Mutants,"Five young mutants, just discovering their abilities while held in a secret facility against their will, fight to escape their past sins and save themselves.",4.2215,/xiDGcXJTvu1lazFRYip6g1eLt9c.jpg,2020-08-28,The New Mutants,False,6.086,3605,"[{'iso_3166_1': 'US', 'name': 'United States of America'}]",2020,"[878, 27, 28]",The New Mutants,23852659.0,3468.0,20th Century Studios,23852659.0,23852659.0,"Science Fiction,Horror,Action",['US'],1,0,0,1,0,0,0,0,0,1,0,0,1,1,0,0,1,0,0,0,1,1,0,0,0,0,0,0,0,0,0,0,1,0,0,Science Fiction,3,8,August,Summer,1,0,0,1,Labor Day,4.0,0,0,0,1,1,1,58504105,6,Medium,0,1,0,0,0,0,0,0,0,new mutants,,,,,0,0,1,0,0,1,10,0,0,1,0
False,/nr5smF4avc77lhWHNcGLF7guXv1.jpg,"[27, 9648]",465086,en,The Grudge,"After a young mother murders her family in her own house, a detective attempts to investigate the mysterious case, only to discover that the house is cursed by a vengeful ghost. Now targeted by the demonic spirits, the detective must do anything to protect herself and her family from harm.",5.1729,/vN7JHlHOT9rHNDU27tfYqhABBj5.jpg,2020-01-03,The Grudge,False,5.423,1285,"[{'iso_3166_1': 'CA', 'name': 'Canada'}, {'iso_3166_1': 'US', 'name': 'United States of America'}]",2020,"[27, 9648]",The Grudge,21221803.0,3708.0,Sony Pictures Releasing,21221803.0,21221803.0,"Horror,Mystery","['CA', 'US']",1,0,1,1,0,0,0,1,0,0,0,0,1,1,0,0,0,0,0,0,0,1,0,0,0,0,1,0,0,0,0,0,0,0,0,Horror,2,1,January,Winter,0,0,0,1,New Year's Day,2.0,1,0,0,0,1,6,515202542,9,High,1,0,0,0,0,0,0,0,0,grudge,,,,,0,0,0,0,0,0,10,0,0,1,0
False,/tya34K7D4jtDrVbvExyvTx97Aen.jpg,"[27, 878, 28, 12]",443791,en,Underwater,"After an earthquake destroys their underwater station, six researchers must navigate two miles along the dangerous, unknown depths of the ocean floor to make it to safety in a race against time.",3.2942,/gzlbb3yeVISpQ3REd3Ga1scWGTU.jpg,2020-01-10,Underwater,False,6.281,3319,"[{'iso_3166_1': 'US', 'name': 'United States of America'}]",2020,"[27, 878, 28, 12]",Underwater,17291078.0,4168.0,Twentieth Century Fox,17291078.0,17291078.0,"Horror,Science Fiction,Action,Adventure",['US'],1,0,0,1,0,0,0,0,0,1,0,0,1,1,0,0,1,0,1,0,1,1,0,0,0,0,0,0,0,0,0,1,1,0,0,Horror,4,1,January,Winter,0,0,0,1,New Year's Day,9.0,1,0,0,0,1,2,206305244,7,Medium,1,1,0,0,0,0,0,0,0,underwater,,,,,0,0,0,0,0,0,10,0,0,1,0
False,/tYm0Yk9k9W0hb9Xy4coOXqoGfNT.jpg,"[27, 53]",492611,en,The Turning,"A young woman quits her teaching job to become a private tutor and governess for two wealthy young kids, but soon starts to suspect there’s more to their house than meets the eye.",7.3813,/uiMHiHp9eAjJty8rddoUnL9G5fU.jpg,2020-01-24,The Turning,False,5.708,1006,"[{'iso_3166_1': 'IN', 'name': 'India'}, {'iso_3166_1': 'US', 'name': 'United States of America'}]",2020,"[27, 53]",The Turning,15472775.0,4403.0,Universal Pictures,15472775.0,15472775.0,"Horror,Thriller","['US', 'IN']",1,0,0,1,0,0,1,0,0,0,0,0,1,1,0,0,0,1,0,0,0,1,0,0,0,0,0,0,0,0,0,0,0,0,0,Horror,2,1,January,Winter,0,0,0,1,Martin Luther King Jr. Day,9.0,0,0,0,0,1,3,206305244,7,High,1,1,0,0,0,0,0,0,0,turning,,,,,0,0,0,0,0,0,10,0,0,1,0
False,/8tNX8s3j1O0eqilOQkuroRLyOZA.jpg,"[28, 14, 12]",458576,en,Monster Hunter,"A portal transports Cpt. Artemis and an elite unit of soldiers to a strange world where powerful monsters rule with deadly ferocity. Faced with relentless danger, the team encounters a mysterious hunter who may be their only hope to find a way home.",4.1033,/1UCOF11QCw8kcqvce8LKOO6pimh.jpg,2020-12-18,Monster Hunter,False,6.5,3456,"[{'iso_3166_1': 'CN', 'name': 'China'}, {'iso_3166_1': 'DE', 'name': 'Germany'}, {'iso_3166_1': 'JP', 'name': 'Japan'}, {'iso_3166_1': 'CA', 'name': 'Canada'}]",2020,"[28, 14, 12]",Monster Hunter,15162470.0,4440.0,Screen Gems,15162470.0,15162470.0,"Action,Fantasy,Adventure","['CA', 'CN', 'DE', 'JP']",0,0,1,1,0,0,0,1,0,0,0,0,1,1,0,0,1,0,1,0,0,0,0,0,1,0,0,0,0,0,0,1,0,0,0,Action,3,12,December,Winter,0,1,1,1,Christmas,7.0,1,0,0,0,0,0,0,,Low,0,0,0,0,0,0,0,0,0,monster hunter,,,,,0,0,0,0,0,0,10,0,0,1,0
False,/57dG6BzU2RcPtLgoA3oyHUIb2rI.jpg,"[18, 37, 12]",581032,en,News of the World,"A Texan traveling across the wild West bringing the news of the world to local townspeople, agrees to help rescue a young girl who was kidnapped.",2.6985,/fYQCgVRsQTEfUrP7cW5iAFVYOlh.jpg,2020-12-25,News of the World,False,6.947,1868,"[{'iso_3166_1': 'US', 'name': 'United States of America'}]",2020,"[18, 37, 12]",News of the World,12668325.0,4816.0,Universal Pictures,12668325.0,12668325.0,"Drama,Western,Adventure",['US'],1,0,0,1,0,0,1,0,0,0,0,0,1,1,1,0,0,0,1,0,0,0,0,0,0,0,0,0,0,0,1,0,0,0,0,Drama,3,12,December,Winter,0,1,1,1,Christmas,0.0,1,0,0,0,0,0,0,,Low,0,0,0,0,0,0,0,0,0,news world,,,,,0,0,0,0,0,0,10,0,0,1,0
False,/zlqMASc3vEtdym2OvXgE7fC6onT.jpg,"[28, 878, 12]",338762,en,Bloodshot,"After he and his wife are murdered, marine Ray Garrison is resurrected by a team of scientists. Enhanced with nanotechnology, he becomes a superhuman, biotech killing machine—'Bloodshot'. As Ray first trains with fellow super-soldiers, he cannot recall anything from his former life. But when his memories flood back and he remembers the man that killed both him and his wife, he breaks out of the facility to get revenge, only to discover that there's more to the conspiracy than he thought.",3.0166,/8WUVHemHFH2ZIP6NWkwlHWsyrEL.jpg,2020-03-13,Bloodshot,False,6.695,5138,"[{'iso_3166_1': 'CN', 'name': 'China'}, {'iso_3166_1': 'US', 'name': 'United States of America'}]",2020,"[28, 878, 12]",Bloodshot,12561824.0,4833.0,Sony Pictures Releasing,12561824.0,12561824.0,"Action,Science Fiction,Adventure","['US', 'CN']",1,0,0,1,0,0,0,1,0,0,0,0,1,1,0,0,1,0,1,0,1,0,0,0,0,0,0,0,0,0,0,1,1,0,0,Action,3,3,March,Spring,0,0,0,0,,,0,0,0,0,1,2,70410000,7,Medium,0,1,0,0,0,0,0,0,0,bloodshot,,,,,0,0,0,0,0,0,10,0,0,1,0
False,/sUQgwo4oCgNVbpIq7ZtIUhF5hOe.jpg,"[10402, 18, 10749]",585244,en,I Still Believe,The true-life story of Christian music star Jeremy Camp and his journey of love and loss that looks to prove there is always hope.,3.0212,/dqA2FCzz4OMmXLitKopzf476RVB.jpg,2020-03-13,I Still Believe,False,7.576,1209,"[{'iso_3166_1': 'US', 'name': 'United States of America'}]",2020,"[10402, 18, 10749]",I Still Believe,9868521.0,5295.0,Lionsgate,9868521.0,9868521.0,"Music,Drama,Romance",['US'],1,0,0,1,0,0,0,0,0,0,0,1,1,1,1,0,0,0,0,1,0,0,0,0,0,0,0,0,1,0,0,0,0,0,0,Music,3,3,March,Spring,0,0,0,0,,,0,0,0,0,1,2,70410000,7,Medium,0,1,0,0,0,0,0,0,0,i still,,,,,0,0,0,0,0,0,10,0,0,1,0
False,/lVbPO7RjsMWoUwH1ISRbZNbg62s.jpg,"[27, 35]",551804,en,Freaky,"A mystical, ancient dagger causes a notorious serial killer to magically switch bodies with a 17-year-old girl.",3.014,/8xC6QSyxrpm0D5A6iyHNemEWBVe.jpg,2020-11-13,Freaky,False,6.555,1757,"[{'iso_3166_1': 'US', 'name': 'United States of America'}]",2020,"[27, 35]",Freaky,9030855.0,5420.0,Universal Pictures,9030855.0,9030855.0,"Horror,Comedy",['US'],1,0,0,1,0,0,1,0,0,0,0,0,1,1,0,1,0,0,0,0,0,1,0,0,0,0,0,0,0,0,0,0,0,0,0,Horror,2,11,November,Fall,0,1,1,1,Veterans Day,2.0,0,0,0,0,1,1,58568815,12,Medium,0,0,0,0,0,0,0,0,0,freaky,,,,,0,0,0,0,0,0,10,0,0,1,0
False,/tljkeU2y1dCvT51Sv4ciNf0VfmV.jpg,"[18, 53]",549514,en,Fatale,"After a wild one-night stand, successful sports agent Derrick Tyler watches his perfect life slowly disappear when he discovers the sexy and mysterious woman he risked everything for is determined police detective Valerie Quinlan who entangles him in her latest investigation. As he desperately tries to put the pieces together, he falls deeper into her trap, risking his family, his career, and even his life.",3.5874,/tGFXEyESXIuei5tZWXRkSRSFSxi.jpg,2020-12-18,Fatale,False,6.0,368,"[{'iso_3166_1': 'US', 'name': 'United States of America'}]",2020,"[18, 53]",Fatale,6306897.0,6003.0,Lionsgate,6306897.0,6306897.0,"Drama,Thriller",['US'],1,0,0,1,0,0,0,0,0,0,0,1,1,1,1,0,0,1,0,0,0,0,0,0,0,0,0,0,0,0,0,0,0,0,0,Drama,2,12,December,Winter,0,1,1,1,Christmas,7.0,1,0,0,0,0,0,0,,Low,0,0,0,0,0,0,0,0,0,fatale,,,,,0,0,0,0,0,0,10,0,0,1,0
False,/naXUDz0VGK7aaPlEpsuYW8kNVsr.jpg,"[28, 53, 27]",514847,en,The Hunt,"Twelve strangers wake up in a clearing. They don't know where they are—or how they got there. In the shadow of a dark internet conspiracy theory, ruthless elitists gather at a remote location to hunt humans for sport. But their master plan is about to be derailed when one of the hunted turns the tables on her pursuers.",7.1215,/wxPhn4ef1EAo5njxwBkAEVrlJJG.jpg,2020-03-13,The Hunt,False,6.628,3491,"[{'iso_3166_1': 'US', 'name': 'United States of America'}]",2020,"[28, 53, 27]",The Hunt,5812500.0,6141.0,Universal Pictures,5812500.0,5812500.0,"Action,Thriller,Horror",['US'],1,0,0,1,0,0,1,0,0,0,0,0,1,1,0,0,1,1,0,0,0,1,0,0,0,0,0,0,0,0,0,0,0,0,0,Action,3,3,March,Spring,0,0,0,0,,,0,0,0,0,1,2,70410000,7,Medium,0,1,0,0,0,0,0,0,0,hunt,,,,,0,0,0,0,0,0,10,0,0,1,0
False,/hwpbTeZEaKKUfiUjc2FJZpv7uAI.jpg,"[27, 9648]",516632,en,The Empty Man,"On the trail of a missing girl, an ex-cop comes across a secretive group attempting to summon a terrifying supernatural entity.",6.5293,/8apzu9JFTUMtOpYkHk6LNPOs3pY.jpg,2020-10-23,The Empty Man,False,6.175,951,"[{'iso_3166_1': 'ZA', 'name': 'South Africa'}, {'iso_3166_1': 'US', 'name': 'United States of America'}]",2020,"[27, 9648]",The Empty Man,2992948.0,7179.0,20th Century Studios,2992948.0,2992948.0,"Horror,Mystery","['US', 'ZA']",1,0,0,1,0,0,0,0,0,1,0,0,1,1,0,0,0,0,0,0,0,1,0,0,0,0,1,0,0,0,0,0,0,0,0,Horror,2,10,October,Fall,0,0,1,0,,,0,0,0,0,0,0,0,,Low,0,0,0,0,0,0,0,0,0,empty man,,,,,0,0,0,0,0,0,10,0,0,1,0
False,/lA5fOBqTOQBQ1s9lEYYPmNXoYLi.jpg,"[35, 12, 878, 28]",590223,en,Love and Monsters,"Seven years since the Monsterpocalypse began, Joel Dawson has been living underground in order to survive. But after reconnecting over radio with his high school girlfriend Aimee, Joel decides to venture out to reunite with her, despite all the dangerous monsters that stand in his way.",4.011,/718NnyxyQuBQcGWt9sdelA1Zc3h.jpg,2020-10-16,Love and Monsters,False,7.276,4300,"[{'iso_3166_1': 'US', 'name': 'United States of America'}]",2020,"[35, 12, 878, 28]",Love and Monsters,1070714.0,8791.0,Paramount Pictures,1070714.0,1070714.0,"Comedy,Adventure,Science Fiction,Action",['US'],1,0,0,1,0,0,0,0,1,0,0,0,1,1,0,1,1,0,1,0,1,0,0,0,0,0,0,0,0,0,0,1,1,0,0,Comedy,4,10,October,Fall,0,0,1,1,Columbus Day,6.0,0,0,0,0,0,0,0,,Low,0,0,0,0,0,0,0,0,0,love monsters,,,,,0,0,0,0,0,0,10,0,0,1,0
False,/nvrWMsbN8RyrRGPEYM3vlOrm8vV.jpg,"[18, 36]",622977,en,The Last Vermeer,"A soldier and member of the Dutch resistance investigates stolen art in the wake of the Second World War, including a Vermeer sold to the Nazis by a flamboyant forger.",2.1209,/7CKxIyEIdHgkQzDixn68Hvwua90.jpg,2020-11-20,The Last Vermeer,False,6.507,134,"[{'iso_3166_1': 'US', 'name': 'United States of America'}]",2020,"[18, 36]",The Last Vermeer,685380.0,9574.0,TriStar Pictures,685380.0,685380.0,"Drama,History",['US'],1,0,0,1,0,0,0,1,0,0,0,0,1,1,1,0,0,0,0,0,0,0,0,0,0,0,0,1,0,0,0,0,0,0,0,Drama,2,11,November,Fall,0,1,1,1,Veterans Day,9.0,0,0,0,0,1,1,58568815,5,Medium,0,1,0,0,0,0,0,0,0,last vermeer,,,,,0,0,0,0,0,0,10,0,0,1,0
False,/tyQo080tijexyUHBvWPwQt26bZa.jpg,"[28, 12, 878]",634649,en,Spider-Man: No Way Home,"Peter Parker is unmasked and no longer able to separate his normal life from the high-stakes of being a super-hero. When he asks for help from Doctor Strange the stakes become even more dangerous, forcing him to discover what it truly means to be Spider-Man.",27.7305,/1g0dhYtq4irTY1GPXvft6k4YLjm.jpg,2021-12-17,Spider-Man: No Way Home,False,7.936,21368,"[{'iso_3166_1': 'US', 'name': 'United States of America'}]",2021,"[28, 12, 878]",Spider-Man: No Way Home,814866759.0,3.0,Sony Pictures Releasing,814866759.0,814866759.0,"Action,Adventure,Science Fiction",['US'],1,0,0,1,0,0,0,1,0,0,0,0,1,1,0,0,1,0,1,0,1,0,0,0,0,0,0,0,0,0,0,1,1,0,0,Action,3,12,December,Winter,0,1,1,1,Christmas,8.0,1,0,0,0,1,1,162790990,5,Medium,0,1,1,0,0,0,0,0,1,spider,916477913.0,391283774.0,305492637.6666667,3.0,0,0,1,0,0,1,11,0,1,1,0
False,/fJbWgOb9pSQXihM9m10bRvl2dJ8.jpg,"[28, 12, 14]",566525,en,Shang-Chi and the Legend of the Ten Rings,Shang-Chi must confront the past he thought he left behind when he is drawn into the web of the mysterious Ten Rings organization.,9.8432,/d08HqqeBQSwN8i8MEvpsZ8Cb438.jpg,2021-09-03,Shang-Chi and the Legend of the Ten Rings,False,7.503,10078,"[{'iso_3166_1': 'US', 'name': 'United States of America'}]",2021,"[28, 12, 14]",Shang-Chi and the Legend of the Ten Rings,224543292.0,200.0,Walt Disney Studios Motion Pictures,224543292.0,224543292.0,"Action,Adventure,Fantasy",['US'],1,0,0,1,1,0,0,0,0,0,0,0,1,1,0,0,1,0,1,0,0,0,0,0,1,0,0,0,0,0,0,1,0,0,0,Action,3,9,September,Fall,0,0,0,1,Labor Day,2.0,0,0,0,1,1,1,61186570,7,Medium,0,1,1,0,0,0,0,0,0,shang,,,,,0,0,1,0,0,1,11,0,1,1,0
False,/eENEf62tMXbhyVvdcXlnQz2wcuT.jpg,"[878, 28, 12]",580489,en,Venom: Let There Be Carnage,"After finding a host body in investigative reporter Eddie Brock, the alien symbiote must face a new enemy, Carnage, the alter ego of serial killer Cletus Kasady.",8.7205,/pzKsRuKLFmYrW5Q0q8E8G78Tcgo.jpg,2021-10-01,Venom: Let There Be Carnage,False,6.758,10908,"[{'iso_3166_1': 'US', 'name': 'United States of America'}]",2021,"[878, 28, 12]",Venom: Let There Be Carnage,213550366.0,228.0,Sony Pictures Releasing,213550366.0,213550366.0,"Science Fiction,Action,Adventure",['US'],1,0,0,1,0,0,0,1,0,0,0,0,1,1,0,0,1,0,1,0,1,0,0,0,0,0,0,0,0,0,0,1,1,0,0,Science Fiction,3,10,October,Fall,0,0,1,1,Columbus Day,9.0,0,0,0,0,1,3,160891007,0,High,0,1,0,0,0,0,0,0,1,venom,213515506.0,213515506.0,213515506.0,1.0,0,0,1,0,0,1,11,0,1,1,0
False,/dq18nCTTLpy9PmtzZI6Y2yAgdw5.jpg,"[28, 12, 878]",497698,en,Black Widow,"Natasha Romanoff, also known as Black Widow, confronts the darker parts of her ledger when a dangerous conspiracy with ties to her past arises. Pursued by a force that will stop at nothing to bring her down, Natasha must deal with her history as a spy and the broken relationships left in her wake long before she became an Avenger.",11.7744,/7JPpIjhD2V0sKyFvhB9khUMa30d.jpg,2021-07-09,Black Widow,False,7.185,10906,"[{'iso_3166_1': 'US', 'name': 'United States of America'}]",2021,"[28, 12, 878]",Black Widow,183651655.0,298.0,Walt Disney Studios Motion Pictures,183651655.0,183651655.0,"Action,Adventure,Science Fiction",['US'],1,0,0,1,1,0,0,0,0,0,0,0,1,1,0,0,1,0,1,0,1,0,0,0,0,0,0,0,0,0,0,1,1,0,0,Action,3,7,July,Summer,1,0,0,1,Independence Day,5.0,0,0,1,0,1,2,70592228,7,Medium,0,1,1,0,0,0,0,0,0,black widow,,,,,0,0,1,0,0,1,11,0,1,1,0
False,/c6H7Z4u73ir3cIoCteuhJh7UCAR.jpg,"[878, 28, 12]",524434,en,Eternals,"The Eternals are a team of ancient aliens who have been living on Earth in secret for thousands of years. When an unexpected tragedy forces them out of the shadows, they are forced to reunite against mankind’s most ancient enemy, the Deviants.",9.4823,/lFByFSLV5WDJEv3KabbdAF959F2.jpg,2021-11-05,Eternals,False,6.789,8868,"[{'iso_3166_1': 'US', 'name': 'United States of America'}]",2021,"[878, 28, 12]",Eternals,164870234.0,378.0,Walt Disney Studios Motion Pictures,164870234.0,164870234.0,"Science Fiction,Action,Adventure",['US'],1,0,0,1,1,0,0,0,0,0,0,0,1,1,0,0,1,0,1,0,1,0,0,0,0,0,0,0,0,0,0,1,1,0,0,Science Fiction,3,11,November,Fall,0,1,1,1,Veterans Day,6.0,0,0,0,0,1,1,129471867,14,Medium,0,0,1,0,0,0,0,0,0,eternals,,,,,0,0,1,0,0,1,11,0,1,1,0
False,/ztiFxuG0gC6wQ8y7JZFYbCQyN4Y.jpg,"[10751, 35, 10402, 16]",438695,en,Sing 2,"Buster and his new cast now have their sights set on debuting a new show at the Crystal Tower Theater in glamorous Redshore City. But with no connections, he and his singers must sneak into the Crystal Entertainment offices, run by the ruthless wolf mogul Jimmy Crystal, where the gang pitches the ridiculous idea of casting the lion rock legend Clay Calloway in their show. Buster must embark on a quest to find the now-isolated Clay and persuade him to return to the stage.",9.6948,/aWeKITRFbbwY8txG5uCj4rMCfSP.jpg,2021-12-22,Sing 2,False,7.835,4666,"[{'iso_3166_1': 'US', 'name': 'United States of America'}]",2021,"[10751, 35, 10402, 16]",Sing 2,162790990.0,388.0,Universal Pictures,162790990.0,162790990.0,"Family,Comedy,Music,Animation",['US'],1,0,0,1,0,0,1,0,0,0,0,0,1,1,0,1,0,0,0,0,0,0,0,1,0,1,0,0,1,0,0,0,0,0,1,Family,4,12,December,Winter,0,1,1,1,Christmas,3.0,1,0,0,0,1,1,814866759,5,Medium,1,1,0,0,0,0,0,0,1,sing 2,0.0,,,0.0,0,0,0,0,0,0,11,0,1,1,0
False,/x9td0NQha0t44K2qgcMipLOGjVi.jpg,"[28, 53, 12]",370172,en,No Time to Die,"Bond has left active service and is enjoying a tranquil life in Jamaica. His peace is short-lived when his old friend Felix Leiter from the CIA turns up asking for help. The mission to rescue a kidnapped scientist turns out to be far more treacherous than expected, leading Bond onto the trail of a mysterious villain armed with dangerous new technology.",16.2885,/iUgygt3fscRoKWCV1d0C7FbM9TP.jpg,2021-10-08,No Time to Die,False,7.354,6807,"[{'iso_3166_1': 'GB', 'name': 'United Kingdom'}, {'iso_3166_1': 'US', 'name': 'United States of America'}]",2021,"[28, 53, 12]",No Time to Die,160891007.0,396.0,Metro-Goldwyn-Mayer (MGM),160891007.0,160891007.0,"Action,Thriller,Adventure","['GB', 'US']",1,1,0,1,0,0,0,0,0,0,1,0,1,1,0,0,1,1,1,0,0,0,0,0,0,0,0,0,0,0,0,1,0,0,0,Action,3,10,October,Fall,0,0,1,1,Columbus Day,2.0,0,0,0,0,1,3,213550366,7,High,1,1,0,0,0,0,0,1,1,no time,0.0,,,0.0,0,1,0,0,1,1,11,0,1,1,0
False,/am782sUaTOGcEPEdUUjybwUZP1f.jpg,"[878, 53, 27]",520763,en,A Quiet Place Part II,"Following the events at home, the Abbott family now face the terrors of the outside world. Forced to venture into the unknown, they realize that the creatures that hunt by sound are not the only threats that lurk beyond the sand path.",6.9799,/4q2hz2m8hubgvijz8Ez0T2Os2Yv.jpg,2021-05-28,A Quiet Place Part II,False,7.448,7107,"[{'iso_3166_1': 'US', 'name': 'United States of America'}]",2021,"[878, 53, 27]",A Quiet Place Part II,160072261.0,399.0,Paramount Pictures,160072261.0,160072261.0,"Science Fiction,Thriller,Horror",['US'],1,0,0,1,0,0,0,0,1,0,0,0,1,1,0,0,0,1,0,0,1,1,0,0,0,0,0,0,0,0,0,0,0,0,0,Science Fiction,3,5,May,Spring,1,0,0,1,Memorial Day,3.0,0,0,0,1,1,2,86103234,0,Medium,0,1,0,0,0,0,0,1,1,quiet place,188024361.0,188024361.0,188024361.0,1.0,0,0,0,0,0,1,11,0,1,1,0
False,/EnDlndEvw6Ptpp8HIwmRcSSNKQ.jpg,"[14, 35, 12, 878]",425909,en,Ghostbusters: Afterlife,"When single mom Callie and her two kids Trevor and Phoebe arrive in a small Oklahoma town, they begin to discover their connection to the original Ghostbusters and the secret legacy their grandfather left behind.",9.898,/sg4xJaufDiQl7caFEskBtQXfD4x.jpg,2021-11-19,Ghostbusters: Afterlife,False,7.333,4966,"[{'iso_3166_1': 'CA', 'name': 'Canada'}, {'iso_3166_1': 'US', 'name': 'United States of America'}]",2021,"[14, 35, 12, 878]",Ghostbusters: Afterlife,129471867.0,564.0,Sony Pictures Releasing,129471867.0,129471867.0,"Fantasy,Comedy,Adventure,Science Fiction","['CA', 'US']",1,0,1,1,0,0,0,1,0,0,0,0,1,1,0,1,0,0,1,0,1,0,0,0,1,0,0,0,0,0,0,0,0,0,0,Fantasy,4,11,November,Fall,0,1,1,1,Veterans Day,8.0,0,0,0,0,1,3,164870234,5,High,0,1,0,0,0,0,0,0,1,ghostbusters,128350574.0,128350574.0,128350574.0,1.0,0,0,0,0,0,0,11,0,1,1,0
False,/7py8kUCYaOdFn1TfVS87BDBySOz.jpg,"[35, 12, 878]",550988,en,Free Guy,"A bank teller discovers he is actually a background player in an open-world video game, and decides to become the hero of his own story. Now, in a world where there are no limits, he is determined to be the guy who saves his world his way before it's too late.",8.0031,/6PFJrMvoQwBxQITLYHj09VeJ37q.jpg,2021-08-13,Free Guy,False,7.462,9447,"[{'iso_3166_1': 'US', 'name': 'United States of America'}]",2021,"[35, 12, 878]",Free Guy,121626598.0,626.0,20th Century Studios,121626598.0,121626598.0,"Comedy,Adventure,Science Fiction",['US'],1,0,0,1,0,0,0,0,0,1,0,0,1,1,0,1,0,0,1,0,1,0,0,0,0,0,0,0,0,0,0,0,0,0,0,Comedy,3,8,August,Summer,1,0,0,0,,,0,0,0,0,1,3,116987516,7,High,0,1,0,0,0,0,0,0,0,free guy,,,,,0,0,0,0,0,0,11,0,1,1,0
False,/7WJjFviFBffEJvkAms4uWwbcVUk.jpg,"[14, 12, 10751, 28, 35]",451048,en,Jungle Cruise,"Dr. Lily Houghton enlists the aid of wisecracking skipper Frank Wolff to take her down the Amazon in his dilapidated boat. Together, they search for an ancient tree that holds the power to heal – a discovery that will change the future of medicine.",5.0302,/3UPz63cGsAQlYQnkOHfAbUhl1O3.jpg,2021-07-30,Jungle Cruise,False,7.315,5994,"[{'iso_3166_1': 'US', 'name': 'United States of America'}]",2021,"[14, 12, 10751, 28, 35]",Jungle Cruise,116987516.0,666.0,Walt Disney Studios Motion Pictures,116987516.0,116987516.0,"Fantasy,Adventure,Family,Action,Comedy",['US'],1,0,0,1,1,0,0,0,0,0,0,0,1,1,0,1,1,0,1,0,0,0,0,1,1,0,0,0,0,0,0,1,0,0,0,Fantasy,5,7,July,Summer,1,0,0,0,,,0,0,0,0,1,3,121626598,7,High,0,1,0,0,0,0,0,0,0,jungle cruise,,,,,0,0,0,0,0,0,11,0,1,1,0
False,/wWqTMWkEw6HouLd1zPZbZWxtAPr.jpg,"[28, 878, 12]",399566,en,Godzilla vs. Kong,"In a time when monsters walk the Earth, humanity’s fight for its future sets Godzilla and Kong on a collision course that will see the two most powerful forces of nature on the planet collide in a spectacular battle for the ages.",7.1161,/pgqgaUx1cJb5oZQQ5v0tNARCeBp.jpg,2021-03-31,Godzilla vs. Kong,False,7.554,10406,"[{'iso_3166_1': 'US', 'name': 'United States of America'}]",2021,"[28, 878, 12]",Godzilla vs. Kong,100916094.0,839.0,Warner Bros.,100916094.0,100916094.0,"Action,Science Fiction,Adventure",['US'],1,0,0,1,0,1,0,0,0,0,0,0,1,1,0,0,1,0,1,0,1,0,0,0,0,0,0,0,0,0,0,1,1,0,0,Action,3,3,March,Spring,0,0,0,0,,,0,0,0,0,0,0,0,,Low,0,0,0,0,0,0,0,1,1,godzilla vs,0.0,,,0.0,0,0,0,0,0,1,11,0,1,1,0
False,/3G1Q5xF40HkUBJXxt2DQgQzKTp5.jpg,"[16, 35, 10751, 14]",568124,en,Encanto,"The tale of an extraordinary family, the Madrigals, who live hidden in the mountains of Colombia, in a magical house, in a vibrant town, in a wondrous, charmed place called an Encanto. The magic of the Encanto has blessed every child in the family—every child except one, Mirabel. But when she discovers that the magic surrounding the Encanto is in danger, Mirabel decides that she, the only ordinary Madrigal, might just be her exceptional family's last hope.",13.5467,/4j0PNHkMr5ax3IA8tjtxcmPU3QT.jpg,2021-11-24,Encanto,False,7.6,9963,"[{'iso_3166_1': 'US', 'name': 'United States of America'}]",2021,"[16, 35, 10751, 14]",Encanto,96093622.0,888.0,Walt Disney Studios Motion Pictures,96093622.0,96093622.0,"Animation,Comedy,Family,Fantasy",['US'],1,0,0,1,1,0,0,0,0,0,0,0,1,1,0,1,0,0,0,0,0,0,0,1,1,1,0,0,0,0,0,0,0,0,1,Animation,4,11,November,Fall,0,1,1,1,Thanksgiving,1.0,0,1,0,0,1,2,129471867,0,Medium,0,1,0,0,0,0,0,0,0,encanto,,,,,0,0,0,0,0,0,11,0,1,1,0
False,/fuuZFPc8x6gQ8mLGoBp9vrmcQMT.jpg,"[27, 53]",610253,en,Halloween Kills,"Michael manages to free himself from Laurie Strode's trap to resume his ritual bloodbath. As she fights for her life from injuries from their last encounter, she inspires her daughter Karen, her granddaughter Allyson, and all of Haddonfield to rise up against the unstoppable monster.",3.2762,/4CclCDyQXBBgz62Qtp3CoflQE5g.jpg,2021-10-15,Halloween Kills,False,6.429,2825,"[{'iso_3166_1': 'US', 'name': 'United States of America'}]",2021,"[27, 53]",Halloween Kills,92002155.0,940.0,Universal Pictures,92002155.0,92002155.0,"Horror,Thriller",['US'],1,0,0,1,0,0,1,0,0,0,0,0,1,1,0,0,0,1,0,0,0,1,0,0,0,0,0,0,0,0,0,0,0,0,0,Horror,2,10,October,Fall,0,0,1,1,Columbus Day,5.0,0,0,0,0,1,3,213550366,7,High,1,1,0,0,0,0,0,0,0,halloween kills,,,,,0,0,0,0,0,0,11,0,1,1,0
False,/6MKr3KgOLmzOP6MSuZERO41Lpkt.jpg,"[35, 80, 12]",337404,en,Cruella,"In 1970s London amidst the punk rock revolution, a young grifter named Estella is determined to make a name for herself with her designs. She befriends a pair of young thieves who appreciate her appetite for mischief, and together they are able to build a life for themselves on the London streets. One day, Estella’s flair for fashion catches the eye of the Baroness von Hellman, a fashion legend who is devastatingly chic and terrifyingly haute. But their relationship sets in motion a course of events and revelations that will cause Estella to embrace her wicked side and become the raucous, fashionable and revenge-bent Cruella.",9.1266,/hjS9mH8KvRiGHgjk6VUZH7OT0Ng.jpg,2021-05-28,Cruella,False,7.981,9820,"[{'iso_3166_1': 'US', 'name': 'United States of America'}]",2021,"[35, 80, 12]",Cruella,86103234.0,1010.0,Walt Disney Studios Motion Pictures,86103234.0,86103234.0,"Comedy,Crime,Adventure",['US'],1,0,0,1,1,0,0,0,0,0,0,0,1,1,0,1,0,0,1,0,0,0,1,0,0,0,0,0,0,0,0,0,0,0,0,Comedy,3,5,May,Spring,1,0,0,1,Memorial Day,3.0,0,0,0,1,1,2,160072261,0,Medium,0,1,0,0,0,0,0,0,0,cruella,,,,,0,0,0,0,0,0,11,0,1,1,0
False,/8s4h9friP6Ci3adRGahHARVd76E.jpg,"[10751, 35, 12, 16, 878]",379686,en,Space Jam: A New Legacy,"When LeBron and his young son Dom are trapped in a digital space by a rogue A.I., LeBron must get them home safe by leading Bugs, Lola Bunny and the whole gang of notoriously undisciplined Looney Tunes to victory over the A.I.'s digitized champions on the court. It's Tunes versus Goons in the highest-stakes challenge of his life.",5.0711,/mDACFTANR34u6lvucazoYiFJOp7.jpg,2021-07-16,Space Jam: A New Legacy,False,6.66,4153,"[{'iso_3166_1': 'US', 'name': 'United States of America'}]",2021,"[10751, 35, 12, 16, 878]",Space Jam: A New Legacy,70592228.0,1300.0,Warner Bros.,70592228.0,70592228.0,"Family,Comedy,Adventure,Animation,Science Fiction",['US'],1,0,0,1,0,1,0,0,0,0,0,0,1,1,0,1,0,0,1,0,1,0,0,1,0,1,0,0,0,0,0,0,0,0,1,Family,5,7,July,Summer,1,0,0,0,,,0,0,0,0,1,3,183651655,7,High,0,1,0,0,0,0,0,0,1,space jam,0.0,,,0.0,0,0,0,0,0,0,11,0,1,1,0
False,/6Z0FhoZM56YkuXhvklMTpc7rc5u.jpg,"[27, 9648, 53]",423108,en,The Conjuring: The Devil Made Me Do It,"Paranormal investigators Ed and Lorraine Warren encounter what would become one of the most sensational cases from their files. The fight for the soul of a young boy takes them beyond anything they'd ever seen before, to mark the first time in U.S. history that a murder suspect would claim demonic possession as a defense.",9.3785,/rQfX2xx8TUoNvyk892yKWNikJaM.jpg,2021-06-04,The Conjuring: The Devil Made Me Do It,False,7.374,6361,"[{'iso_3166_1': 'US', 'name': 'United States of America'}]",2021,"[27, 9648, 53]",The Conjuring: The Devil Made Me Do It,65631050.0,1422.0,Warner Bros.,65631050.0,65631050.0,"Horror,Mystery,Thriller",['US'],1,0,0,1,0,1,0,0,0,0,0,0,1,1,0,0,0,1,0,0,0,1,0,0,0,0,1,0,0,0,0,0,0,0,0,Horror,3,6,June,Summer,1,0,0,1,Memorial Day,10.0,0,0,0,1,1,2,160072261,7,Medium,0,1,0,0,0,0,0,0,1,conjuring,137446368.0,137446368.0,137446368.0,1.0,0,0,0,0,0,0,11,0,1,1,0
False,/g1cMEQnEptUJ7Sv8SRjWBTTHyMv.jpg,"[27, 53]",565028,en,Candyman,"A Chicago artist's sanity starts to unravel, unleashing a terrifying wave of violence when he begins to explore the macabre history of the Candyman.",3.1504,/qeV15PpR8jFJA9TF9JPXIoqEgp1.jpg,2021-08-27,Candyman,False,6.001,1695,"[{'iso_3166_1': 'CA', 'name': 'Canada'}, {'iso_3166_1': 'US', 'name': 'United States of America'}]",2021,"[27, 53]",Candyman,61186570.0,1539.0,Universal Pictures,61186570.0,61186570.0,"Horror,Thriller","['CA', 'US']",1,0,1,1,0,0,1,0,0,0,0,0,1,1,0,0,0,1,0,0,0,1,0,0,0,0,0,0,0,0,0,0,0,0,0,Horror,2,8,August,Summer,1,0,0,1,Labor Day,5.0,0,0,0,1,1,2,224543292,7,Medium,1,1,0,0,0,0,0,0,0,candyman,,,,,0,0,0,0,0,0,11,0,1,1,0
False,/yBov7O4eXDcBLDpZrOHZzFr8rIl.jpg,"[16, 35, 12, 10751]",459151,en,The Boss Baby: Family Business,The Templeton brothers — Tim and his Boss Baby little bro Ted — have become adults and drifted away from each other. But a new boss baby with a cutting-edge approach and a can-do attitude is about to bring them together again … and inspire a new family business.,6.4199,/kv2Qk9MKFFQo4WQPaYta599HkJP.jpg,2021-07-02,The Boss Baby: Family Business,False,7.3,2645,"[{'iso_3166_1': 'US', 'name': 'United States of America'}]",2021,"[16, 35, 12, 10751]",The Boss Baby: Family Business,57300280.0,1663.0,Universal Pictures,57300280.0,57300280.0,"Animation,Comedy,Adventure,Family",['US'],1,0,0,1,0,0,1,0,0,0,0,0,1,1,0,1,0,0,1,0,0,0,0,1,0,1,0,0,0,0,0,0,0,0,1,Animation,4,7,July,Summer,1,0,0,1,Independence Day,2.0,0,0,1,0,1,2,183651655,7,Medium,0,1,0,0,0,0,0,0,1,boss baby,175003033.0,175003033.0,175003033.0,1.0,0,0,0,0,0,0,11,0,1,1,0
False,/wfrfxivLOBtGMC98tIr2LSOeKSe.jpg,"[16, 10751, 35, 14, 12]",639721,en,The Addams Family 2,The Addams get tangled up in more wacky adventures and find themselves involved in hilarious run-ins with all sorts of unsuspecting characters.,2.8299,/ld7YB9vBRp1GM1DT3KmFWSmtBPB.jpg,2021-10-01,The Addams Family 2,False,6.944,1371,"[{'iso_3166_1': 'CA', 'name': 'Canada'}, {'iso_3166_1': 'US', 'name': 'United States of America'}]",2021,"[16, 10751, 35, 14, 12]",The Addams Family 2,56489153.0,1693.0,United Artists Releasing,56489153.0,56489153.0,"Animation,Family,Comedy,Fantasy,Adventure","['CA', 'US']",1,0,1,1,0,0,0,0,0,0,1,0,1,1,0,1,0,0,1,0,0,0,0,1,1,1,0,0,0,0,0,0,0,0,1,Animation,5,10,October,Fall,0,0,1,1,Columbus Day,9.0,0,0,0,0,1,3,213550366,0,High,1,1,0,0,0,0,0,0,1,addams family,100723831.0,100723831.0,100723831.0,1.0,0,0,0,0,0,0,11,0,1,1,0
False,/jlGmlFOcfo8n5tURmhC7YVd4Iyy.jpg,"[28, 35, 12]",436969,en,The Suicide Squad,"Supervillains Harley Quinn, Bloodsport, Peacemaker and a collection of nutty cons at Belle Reve prison join the super-secret, super-shady Task Force X as they are dropped off at the remote, enemy-infused island of Corto Maltese.",16.7844,/q61qEyssk2ku3okWICKArlAdhBn.jpg,2021-08-06,The Suicide Squad,False,7.477,9271,"[{'iso_3166_1': 'US', 'name': 'United States of America'}]",2021,"[28, 35, 12]",The Suicide Squad,55817425.0,1713.0,Warner Bros.,55817425.0,55817425.0,"Action,Comedy,Adventure",['US'],1,0,0,1,0,1,0,0,0,0,0,0,1,1,0,1,1,0,1,0,0,0,0,0,0,0,0,0,0,0,0,1,0,0,0,Action,3,8,August,Summer,1,0,0,0,,,0,0,0,0,1,2,121626598,7,Medium,0,1,0,1,0,0,0,0,0,suicide squad,,,,,0,0,1,0,0,1,11,0,1,1,0
False,/rcUcYzGGicDvhDs58uM44tJKB9F.jpg,"[16, 10751, 14, 28, 12]",527774,en,Raya and the Last Dragon,"Long ago, in the fantasy world of Kumandra, humans and dragons lived together in harmony. But when an evil force threatened the land, the dragons sacrificed themselves to save humanity. Now, 500 years later, that same evil has returned and it’s up to a lone warrior, Raya, to track down the legendary last dragon to restore the fractured land and its divided people.",7.1435,/5nVhgCzxKbK47OLIKxCR1syulOn.jpg,2021-03-05,Raya and the Last Dragon,False,7.812,7114,"[{'iso_3166_1': 'US', 'name': 'United States of America'}]",2021,"[16, 10751, 14, 28, 12]",Raya and the Last Dragon,54723032.0,1750.0,Walt Disney Studios Motion Pictures,54723032.0,54723032.0,"Animation,Family,Fantasy,Action,Adventure",['US'],1,0,0,1,1,0,0,0,0,0,0,0,1,1,0,0,1,0,1,0,0,0,0,1,1,1,0,0,0,0,0,1,0,0,1,Animation,5,3,March,Spring,0,0,0,0,,,0,0,0,0,0,0,0,,Low,0,0,0,0,0,0,0,0,0,raya last,,,,,0,0,0,0,0,0,11,0,1,1,0
False,/jdLsmpqmP1wTdFUPtmxMnYgoifT.jpg,"[18, 80, 36]",644495,en,House of Gucci,"When Patrizia Reggiani, an outsider from humble beginnings, marries into the Gucci family, her unbridled ambition begins to unravel the family legacy and triggers a reckless spiral of betrayal, decadence, revenge, and ultimately… murder.",7.0618,/oJCQjD2byiVF1EG408F9dBn9ndU.jpg,2021-11-24,House of Gucci,False,6.574,3324,"[{'iso_3166_1': 'CA', 'name': 'Canada'}, {'iso_3166_1': 'US', 'name': 'United States of America'}]",2021,"[18, 80, 36]",House of Gucci,53809574.0,1778.0,United Artists Releasing,53809574.0,53809574.0,"Drama,Crime,History","['CA', 'US']",1,0,1,1,0,0,0,0,0,0,1,0,1,1,1,0,0,0,0,0,0,0,1,0,0,0,0,1,0,0,0,0,0,0,0,Drama,3,11,November,Fall,0,1,1,1,Thanksgiving,1.0,0,1,0,0,1,2,129471867,0,Medium,0,1,0,0,0,0,0,0,0,house gucci,,,,,0,0,0,0,0,0,11,0,1,1,0
False,/zBkHCpLmHjW2uVURs5uZkaVmgKR.jpg,"[10751, 12, 35, 14]",585245,en,Clifford the Big Red Dog,"As Emily struggles to fit in at home and at school, she discovers a small red puppy who is destined to become her best friend. When Clifford magically undergoes one heck of a growth spurt, becomes a gigantic dog and attracts the attention of a genetics company, Emily and her Uncle Casey have to fight the forces of greed as they go on the run across New York City. Along the way, Clifford affects the lives of everyone around him and teaches Emily and her uncle the true meaning of acceptance and unconditional love.",3.6893,/30ULVKdjBcQTsj2aOSThXXZNSxF.jpg,2021-11-10,Clifford the Big Red Dog,False,7.162,1787,"[{'iso_3166_1': 'CA', 'name': 'Canada'}, {'iso_3166_1': 'US', 'name': 'United States of America'}]",2021,"[10751, 12, 35, 14]",Clifford the Big Red Dog,48947356.0,1968.0,Paramount Pictures,48947356.0,48947356.0,"Family,Adventure,Comedy,Fantasy","['CA', 'US']",1,0,1,1,0,0,0,0,1,0,0,0,1,1,0,1,0,0,1,0,0,0,0,1,1,0,0,0,0,0,0,0,0,0,0,Family,4,11,November,Fall,0,1,1,1,Veterans Day,1.0,0,0,0,0,1,4,164870234,5,High,0,1,0,0,0,0,0,0,0,clifford big,,,,,0,0,0,0,0,0,11,0,1,1,0
False,/32yqxyLlWcO81UCx51Jfq9aeJdA.jpg,"[53, 9648, 27]",631843,en,Old,A group of families on a tropical holiday discover that the secluded beach where they are staying is somehow causing them to age rapidly – reducing their entire lives into a single day.,5.415,/vclShucpUmPhdAOmKgf3B3Z4POD.jpg,2021-07-23,Old,False,6.323,4736,"[{'iso_3166_1': 'CN', 'name': 'China'}, {'iso_3166_1': 'US', 'name': 'United States of America'}]",2021,"[53, 9648, 27]",Old,48276510.0,1989.0,Universal Pictures,48276510.0,48276510.0,"Thriller,Mystery,Horror","['US', 'CN']",1,0,0,1,0,0,1,0,0,0,0,0,1,1,0,0,0,1,0,0,0,1,0,0,0,0,1,0,0,0,0,0,0,0,0,Thriller,3,7,July,Summer,1,0,0,0,,,0,0,0,0,1,4,183651655,7,High,0,1,0,0,0,0,0,0,0,old,,,,,0,0,0,0,0,0,11,0,1,1,0
False,/69USXLJEXcgMzlhZi7bmaCORxHn.jpg,"[35, 10751, 16]",587807,en,Tom & Jerry,"Tom the cat and Jerry the mouse get kicked out of their home and relocate to a fancy New York hotel, where a scrappy employee named Kayla will lose her job if she can’t evict Jerry before a high-class wedding at the hotel. Her solution? Hiring Tom to get rid of the pesky mouse.",5.7395,/8XZI9QZ7Pm3fVkigWJPbrXCMzjq.jpg,2021-02-26,Tom & Jerry,False,6.737,2528,"[{'iso_3166_1': 'US', 'name': 'United States of America'}, {'iso_3166_1': 'GB', 'name': 'United Kingdom'}]",2021,"[35, 10751, 16]",Tom and Jerry,46536687.0,2066.0,Warner Bros.,46536687.0,46536687.0,"Comedy,Family,Animation","['GB', 'US']",1,1,0,1,0,1,0,0,0,0,0,0,1,1,0,1,0,0,0,0,0,0,0,1,0,1,0,0,0,0,0,0,0,0,1,Comedy,3,2,February,Winter,0,0,0,0,,,0,0,0,0,1,1,54723032,7,Medium,0,1,0,0,0,0,0,0,0,tom jerry,,,,,0,1,0,0,1,1,11,0,1,1,0
False,/ciKBP3tgzUxp7sHFNZxofBXUS8k.jpg,"[28, 27, 53]",602223,en,The Forever Purge,All the rules are broken as a sect of lawless marauders decides that the annual Purge does not stop at daybreak and instead should never end as they chase a group of immigrants who they want to punish because of their harsh historical past.,4.2428,/lB068qa6bQ0QKYKyC2xnYGvYjl7.jpg,2021-07-02,The Forever Purge,False,6.889,2613,"[{'iso_3166_1': 'US', 'name': 'United States of America'}]",2021,"[28, 27, 53]",The Forever Purge,44539245.0,2152.0,Universal Pictures,44539245.0,44539245.0,"Action,Horror,Thriller",['US'],1,0,0,1,0,0,1,0,0,0,0,0,1,1,0,0,1,1,0,0,0,1,0,0,0,0,0,0,0,0,0,0,0,0,0,Action,3,7,July,Summer,1,0,0,1,Independence Day,2.0,0,0,1,0,1,3,183651655,0,High,0,1,0,0,0,0,0,0,0,forever purge,,,,,0,0,0,1,1,1,11,0,1,1,0
False,/6ELCZlTA5lGUops70hKdB83WJxH.jpg,"[28, 14, 12]",460465,en,Mortal Kombat,"Washed-up MMA fighter Cole Young, unaware of his heritage, and hunted by Emperor Shang Tsung's best warrior, Sub-Zero, seeks out and trains with Earth's greatest champions as he prepares to stand against the enemies of Outworld in a high stakes battle for the universe.",5.7313,/ybrX94xQm8lXYpZAPRmwD9iIbWP.jpg,2021-04-23,Mortal Kombat,False,7.0,6139,"[{'iso_3166_1': 'US', 'name': 'United States of America'}]",2021,"[28, 14, 12]",Mortal Kombat,42326031.0,2255.0,Warner Bros.,42326031.0,42326031.0,"Action,Fantasy,Adventure",['US'],1,0,0,1,0,1,0,0,0,0,0,0,1,1,0,0,1,0,1,0,0,0,0,0,1,0,0,0,0,0,0,1,0,0,0,Action,3,4,April,Spring,0,0,0,0,,,0,0,0,0,0,0,0,,Low,0,0,0,0,0,0,0,0,0,mortal kombat,,,,,0,0,0,0,0,0,11,0,1,1,0
False,/5HjzYTihkH7EvOWSE7KcsF6pBMM.jpg,"[10751, 35, 12]",522478,en,Peter Rabbit 2: The Runaway,"Peter Rabbit runs away from his human family when he learns they are going to portray him in a bad light in their book. Soon, he crosses paths with an older rabbit who ropes him into a heist.",4.5602,/cycDz68DtTjJrDJ1fV8EBq2Xdpb.jpg,2021-06-11,Peter Rabbit 2: The Runaway,False,7.054,864,"[{'iso_3166_1': 'AU', 'name': 'Australia'}, {'iso_3166_1': 'US', 'name': 'United States of America'}]",2021,"[10751, 35, 12]",Peter Rabbit 2: The Runaway,40501717.0,2341.0,Sony Pictures Releasing,40501717.0,40501717.0,"Family,Comedy,Adventure","['US', 'AU']",1,0,0,1,0,0,0,1,0,0,0,0,1,1,0,1,0,0,1,0,0,0,0,1,0,0,0,0,0,0,0,0,0,0,0,Family,3,6,June,Summer,1,0,0,0,,,0,0,0,0,1,3,160072261,7,High,0,1,0,0,0,0,0,0,1,peter rabbit,115253424.0,115253424.0,115253424.0,1.0,0,0,0,0,0,0,11,0,1,1,0
False,/wawIfsBlzgZYtHrBn8RUtGIZTgF.jpg,"[10751, 35, 12, 16]",675445,en,PAW Patrol: The Movie,Ryder and the pups are called to Adventure City to stop Mayor Humdinger from turning the bustling metropolis into a state of chaos.,6.7072,/jXavWyam2VPR6bOhLwwuP3K2Hw4.jpg,2021-08-20,PAW Patrol: The Movie,False,7.341,1251,"[{'iso_3166_1': 'CA', 'name': 'Canada'}, {'iso_3166_1': 'FR', 'name': 'France'}, {'iso_3166_1': 'US', 'name': 'United States of America'}]",2021,"[10751, 35, 12, 16]",PAW Patrol: The Movie,40127371.0,2365.0,Paramount Pictures,40127371.0,40127371.0,"Family,Comedy,Adventure,Animation","['CA', 'FR', 'US']",1,0,1,1,0,0,0,0,1,0,0,0,1,1,0,1,0,0,1,0,0,0,0,1,0,1,0,0,0,0,0,0,0,0,1,Family,4,8,August,Summer,1,0,0,0,,,0,0,0,0,1,4,224543292,7,High,1,1,0,0,0,0,0,0,1,paw patrol,0.0,,,0.0,0,0,0,0,0,0,11,0,1,1,0
False,/exnFsbb9c3fDutTsgtJSWcDmZm0.jpg,"[18, 10749, 80]",511809,en,West Side Story,"Two youngsters from rival New York City gangs fall in love, but tensions between their respective friends build toward tragedy.",2.8132,/yfz3IUoYYSY32tkb97HlUBGFsnh.jpg,2021-12-10,West Side Story,False,6.956,1704,"[{'iso_3166_1': 'US', 'name': 'United States of America'}]",2021,"[18, 10749, 80]",West Side Story,38530322.0,2443.0,20th Century Studios,38530322.0,38530322.0,"Drama,Romance,Crime",['US'],1,0,0,1,0,0,0,0,0,1,0,0,1,1,1,0,0,0,0,1,0,0,1,0,0,0,0,0,0,0,0,0,0,0,0,Drama,3,12,December,Winter,0,1,1,0,,,0,0,0,0,1,2,814866759,7,Medium,1,1,0,0,0,0,0,0,0,west side,,,,,0,0,0,0,0,0,11,0,1,1,0
False,/bjIPzixuWnOzxDG25WaXKuy9lYZ.jpg,"[28, 35, 80, 53]",522931,en,Hitman's Wife's Bodyguard,"The world’s most lethal odd couple – bodyguard Michael Bryce and hitman Darius Kincaid – are back on another life-threatening mission. Still unlicensed and under scrutiny, Bryce is forced into action by Darius's even more volatile wife, the infamous international con artist Sonia Kincaid. As Bryce is driven over the edge by his two most dangerous protectees, the trio get in over their heads in a global plot and soon find that they are all that stand between Europe and a vengeful and powerful madman.",3.2397,/6zwGWDpY8Zu0L6W4SYWERBR8Msw.jpg,2021-06-16,Hitman's Wife's Bodyguard,False,6.664,2472,"[{'iso_3166_1': 'BG', 'name': 'Bulgaria'}, {'iso_3166_1': 'FR', 'name': 'France'}, {'iso_3166_1': 'SE', 'name': 'Sweden'}, {'iso_3166_1': 'US', 'name': 'United States of America'}, {'iso_3166_1': 'GB', 'name': 'United Kingdom'}]",2021,"[28, 35, 80, 53]",Hitman's Wife's Bodyguard,38014727.0,2480.0,Lionsgate,38014727.0,38014727.0,"Action,Comedy,Crime,Thriller","['BG', 'GB', 'FR', 'SE', 'US']",1,1,0,1,0,0,0,0,0,0,0,1,1,1,0,1,1,1,0,0,0,0,1,0,0,0,0,0,0,0,0,0,0,0,0,Action,4,6,June,Summer,1,0,0,0,,,0,0,0,0,1,1,65631050,12,Medium,0,0,0,0,0,0,0,0,0,hitman s,,,,,0,0,0,0,0,0,11,0,1,1,0
False,/eNI7PtK6DEYgZmHWP9gQNuff8pv.jpg,"[878, 28, 12]",624860,en,The Matrix Resurrections,"Plagued by strange memories, Neo's life takes an unexpected turn when he finds himself back inside the Matrix.",10.1552,/8c4a8kE7PizaGQQnditMmI1xbRp.jpg,2021-12-22,The Matrix Resurrections,False,6.355,6216,"[{'iso_3166_1': 'US', 'name': 'United States of America'}]",2021,"[878, 28, 12]",The Matrix Resurrections,37686805.0,2503.0,Warner Bros.,37686805.0,37686805.0,"Science Fiction,Action,Adventure",['US'],1,0,0,1,0,1,0,0,0,0,0,0,1,1,0,0,1,0,1,0,1,0,0,0,0,0,0,0,0,0,0,1,1,0,0,Science Fiction,3,12,December,Winter,0,1,1,1,Christmas,3.0,1,0,0,0,1,2,814866759,0,Medium,1,1,0,0,0,0,0,0,0,matrix resurrections,,,,,0,0,0,0,0,0,11,0,1,1,0
False,/oQPbZ5e6J9fuAyv4Gl0mMZMIyPI.jpg,"[28, 12, 53]",476669,en,The King's Man,"As a collection of history's worst tyrants and criminal masterminds gather to plot a war to wipe out millions, one man must race against time to stop them.",7.9007,/iMjSfMUuCkCE7z5fzGtjeDusPD3.jpg,2021-12-22,The King's Man,False,6.725,4886,"[{'iso_3166_1': 'GB', 'name': 'United Kingdom'}, {'iso_3166_1': 'US', 'name': 'United States of America'}]",2021,"[28, 12, 53]",The King's Man,37176373.0,2530.0,20th Century Studios,37176373.0,37176373.0,"Action,Adventure,Thriller","['GB', 'US']",1,1,0,1,0,0,0,0,0,1,0,0,1,1,0,0,1,1,1,0,0,0,0,0,0,0,0,0,0,0,0,1,0,0,0,Action,3,12,December,Winter,0,1,1,1,Christmas,3.0,1,0,0,0,1,2,814866759,0,Medium,1,1,0,0,0,0,0,0,0,king s,,,,,0,0,0,0,0,0,11,0,1,1,0
False,/3ULzK4XTSC1wal11K7459fxnjjA.jpg,"[53, 27]",482373,en,Don't Breathe 2,"The Blind Man has been hiding out for several years in an isolated cabin and has taken in and raised a young girl orphaned from a devastating house fire. Their quiet life together is shattered when a group of criminals kidnap the girl, forcing the Blind Man to leave his safe haven to save her.",3.6644,/aOu6PJVO9RyGAzdUwG6fupu0gpz.jpg,2021-08-13,Don't Breathe 2,False,7.018,2734,"[{'iso_3166_1': 'US', 'name': 'United States of America'}]",2021,"[53, 27]",Don't Breathe 2,32712950.0,2815.0,Screen Gems,32712950.0,32712950.0,"Thriller,Horror",['US'],1,0,0,1,0,0,0,1,0,0,0,0,1,1,0,0,0,1,0,0,0,1,0,0,0,0,0,0,0,0,0,0,0,0,0,Thriller,2,8,August,Summer,1,0,0,0,,,0,0,0,0,1,4,121626598,0,High,0,1,0,0,0,0,0,0,1,don t,93635542.0,4417667.0,46817771.0,2.0,0,0,0,0,0,0,11,0,1,1,0
False,/uEJuqp08dH6IQwZJGASlPZOXqKu.jpg,"[18, 10749]",467909,en,In the Heights,"The story of Usnavi, a bodega owner who has mixed feelings about closing his store and retiring to the Dominican Republic or staying in Washington Heights.",4.1308,/RO4KoJyoQMQzh9z76d4v4FJMmJ.jpg,2021-06-10,In the Heights,False,7.112,765,"[{'iso_3166_1': 'US', 'name': 'United States of America'}]",2021,"[18, 10749]",In the Heights,29975167.0,3032.0,Warner Bros.,29975167.0,29975167.0,"Drama,Romance",['US'],1,0,0,1,0,1,0,0,0,0,0,0,1,1,1,0,0,0,0,1,0,0,0,0,0,0,0,0,0,0,0,0,0,0,0,Drama,2,6,June,Summer,1,0,0,0,,,0,0,0,0,1,3,160072261,6,High,0,1,0,0,0,0,0,0,0,in heights,,,,,0,0,0,0,0,0,11,0,1,1,0
False,/61MrK5U4w4MVL1vfwoG12zYPJ8B.jpg,"[28, 53]",615457,en,Nobody,"Hutch Mansell, a suburban dad, overlooked husband, nothing neighbor — a ""nobody."" When two thieves break into his home one night, Hutch's unknown long-simmering rage is ignited and propels him on a brutal path that will uncover dark secrets he fought to leave behind.",12.5886,/oBgWY00bEFeZ9N25wWVyuQddbAo.jpg,2021-03-26,Nobody,False,7.898,7941,"[{'iso_3166_1': 'US', 'name': 'United States of America'}]",2021,"[28, 53]",Nobody,27568035.0,3170.0,Universal Pictures,27568035.0,27568035.0,"Action,Thriller",['US'],1,0,0,1,0,0,1,0,0,0,0,0,1,1,0,0,1,1,0,0,0,0,0,0,0,0,0,0,0,0,0,0,0,0,0,Action,2,3,March,Spring,0,0,0,0,,,0,0,0,0,1,1,100916094,5,Medium,0,1,0,0,0,0,0,0,0,nobody,,,,,0,0,0,0,0,0,11,0,1,1,0
False,/70AV2Xx5FQYj20labp0EGdbjI6E.jpg,"[53, 80, 18]",637649,en,Wrath of Man,"A cold and mysterious new security guard for a Los Angeles cash truck company surprises his co-workers when he unleashes precision skills during a heist. The crew is left wondering who he is and where he came from. Soon, the marksman's ultimate motive becomes clear as he takes dramatic and irrevocable steps to settle a score.",11.9465,/M7SUK85sKjaStg4TKhlAVyGlz3.jpg,2021-05-07,Wrath of Man,False,7.589,5847,"[{'iso_3166_1': 'GB', 'name': 'United Kingdom'}, {'iso_3166_1': 'US', 'name': 'United States of America'}]",2021,"[53, 80, 18]",Wrath of Man,27466489.0,3176.0,United Artists Releasing,27466489.0,27466489.0,"Thriller,Crime,Drama","['GB', 'US']",1,1,0,1,0,0,0,0,0,0,1,0,1,1,1,0,0,1,0,0,0,0,1,0,0,0,0,0,0,0,0,0,0,0,0,Thriller,3,5,May,Spring,1,0,0,0,,,0,0,0,0,0,0,0,,Low,0,0,0,0,0,0,0,0,0,wrath man,,,,,0,0,0,0,0,0,11,0,1,1,0
False,/jUJP67Lqmwc0hyaDeLKBS2WuS5Y.jpg,"[18, 10751]",673309,en,American Underdog,"The true story of Kurt Warner, who went from a stockboy at a grocery store to a two-time NFL MVP, Super Bowl champion, and Hall of Fame quarterback.",5.801,/bzWkU9E1wUEywduYg3cX6iXGMk9.jpg,2021-12-25,American Underdog,False,7.1,396,"[{'iso_3166_1': 'US', 'name': 'United States of America'}]",2021,"[18, 10751]",American Underdog,26514814.0,3243.0,Lionsgate,26514814.0,26514814.0,"Drama,Family",['US'],1,0,0,1,0,0,0,0,0,0,0,1,1,1,1,0,0,0,0,0,0,0,0,1,0,0,0,0,0,0,0,0,0,0,0,Drama,2,12,December,Winter,0,1,1,1,Christmas,0.0,1,0,0,0,1,2,814866759,3,Medium,1,1,0,0,0,0,0,0,0,american underdog,,,,,0,0,0,0,0,0,11,0,1,1,0
False,/qo9tN87uTsbXnaAob6aa7U33ayb.jpg,"[27, 53, 9648]",585216,en,Escape Room: Tournament of Champions,"Six people unwittingly find themselves locked in another series of escape rooms, slowly uncovering what they have in common to survive... and discovering they've all played the games before.",7.1384,/jGYJyPzVgrVV2bgClI9uvEZgVLE.jpg,2021-07-16,Escape Room: Tournament of Champions,False,6.514,2187,"[{'iso_3166_1': 'US', 'name': 'United States of America'}]",2021,"[27, 53, 9648]",Escape Room: Tournament of Champions,25314753.0,3346.0,Sony Pictures Releasing,25314753.0,25314753.0,"Horror,Thriller,Mystery",['US'],1,0,0,1,0,0,0,1,0,0,0,0,1,1,0,0,0,1,0,0,0,1,0,0,0,0,1,0,0,0,0,0,0,0,0,Horror,3,7,July,Summer,1,0,0,0,,,0,0,0,0,1,4,183651655,0,High,0,1,0,0,0,0,0,0,1,escape room,57005601.0,57005601.0,57005601.0,1.0,0,0,0,0,0,0,11,0,1,1,0
False,/sdL37sfUBth7mdkAolI83bXAl7L.jpg,"[16, 878, 10751, 35]",482321,en,Ron's Gone Wrong,"In a world where walking, talking, digitally connected bots have become children's best friends, an 11-year-old finds that his robot buddy doesn't quite work the same as the others do.",3.0732,/plzgQAXIEHm4Y92ktxU6fedUc0x.jpg,2021-10-22,Ron's Gone Wrong,False,7.868,1959,"[{'iso_3166_1': 'GB', 'name': 'United Kingdom'}, {'iso_3166_1': 'US', 'name': 'United States of America'}]",2021,"[16, 878, 10751, 35]",Ron's Gone Wrong,23009270.0,3530.0,20th Century Studios,23009270.0,23009270.0,"Animation,Science Fiction,Family,Comedy","['GB', 'US']",1,1,0,1,0,0,0,0,0,1,0,0,1,1,0,1,0,0,0,0,1,0,0,1,0,1,0,0,0,0,0,0,0,0,1,Animation,4,10,October,Fall,0,0,1,0,,,0,0,0,0,1,3,164870234,7,High,0,1,0,0,0,0,0,0,0,ron s,,,,,0,0,0,0,0,0,11,0,1,1,0
False,/fZkhO3JhRajayNejQUaIiBegayM.jpg,"[16, 12, 10751, 37]",637693,en,Spirit Untamed,Lucky Prescott's life is changed forever when she moves from her home in the city to a small frontier town and befriends a wild mustang named Spirit.,5.2524,/fLE2mvuvhvzmSICOsqR9uE50Ave.jpg,2021-06-04,Spirit Untamed,False,7.3,539,"[{'iso_3166_1': 'US', 'name': 'United States of America'}]",2021,"[16, 12, 10751, 37]",Spirit Untamed,17716215.0,4093.0,Universal Pictures,17716215.0,17716215.0,"Animation,Adventure,Family,Western",['US'],1,0,0,1,0,0,1,0,0,0,0,0,1,1,0,0,0,0,1,0,0,0,0,1,0,1,0,0,0,0,1,0,0,0,1,Animation,4,6,June,Summer,1,0,0,1,Memorial Day,10.0,0,0,0,1,1,3,160072261,0,High,0,1,0,0,0,0,0,0,0,spirit untamed,,,,,0,0,0,0,0,0,11,0,1,1,0
False,/hB4ibOHXm1Xl0IbuYVioktDGUWJ.jpg,"[18, 35, 10749]",718032,en,Licorice Pizza,"The story of Gary Valentine and Alana Kane growing up, running around and going through the treacherous navigation of first love in the San Fernando Valley, 1973.",4.6213,/ivXtvzfliGvoJ1DhSHIGyYBToWe.jpg,2021-11-26,Licorice Pizza,False,6.952,2521,"[{'iso_3166_1': 'CA', 'name': 'Canada'}, {'iso_3166_1': 'US', 'name': 'United States of America'}]",2021,"[18, 35, 10749]",Licorice Pizza,17318007.0,4162.0,United Artists Releasing,17318007.0,17318007.0,"Drama,Comedy,Romance","['CA', 'US']",1,0,1,1,0,0,0,0,0,0,1,0,1,1,1,1,0,0,0,1,0,0,0,0,0,0,0,0,0,0,0,0,0,1,0,Drama,3,11,November,Fall,0,1,1,1,Thanksgiving,1.0,0,1,0,0,1,3,129471867,2,High,0,1,0,0,0,0,0,0,0,licorice pizza,,,,,0,0,0,0,0,0,11,0,1,1,0
False,/wYtEvBmpBRXPdwGgr1gcWiwJSI7.jpg,"[28, 27, 878]",460458,en,Resident Evil: Welcome to Raccoon City,"Once the booming home of pharmaceutical giant Umbrella Corporation, Raccoon City is now a dying Midwestern town. The company’s exodus left the city a wasteland…with great evil brewing below the surface. When that evil is unleashed, the townspeople are forever…changed…and a small group of survivors must work together to uncover the truth behind Umbrella and make it through the night.",7.4845,/bArhvjRHl535XMaSh9VjInF2mSZ.jpg,2021-11-24,Resident Evil: Welcome to Raccoon City,False,5.951,2606,"[{'iso_3166_1': 'DE', 'name': 'Germany'}, {'iso_3166_1': 'US', 'name': 'United States of America'}, {'iso_3166_1': 'CA', 'name': 'Canada'}]",2021,"[28, 27, 878]",Resident Evil: Welcome to Raccoon City,17000612.0,4211.0,Screen Gems,17000612.0,17000612.0,"Action,Horror,Science Fiction","['CA', 'US', 'DE']",1,0,1,1,0,0,0,1,0,0,0,0,1,1,0,0,1,0,0,0,1,1,0,0,0,0,0,0,0,0,0,0,1,0,0,Action,3,11,November,Fall,0,1,1,1,Thanksgiving,1.0,0,1,0,0,1,3,129471867,0,High,0,1,0,0,0,0,0,0,1,resident evil,0.0,,,0.0,0,0,0,0,0,0,11,0,1,1,0
False,/vfuzELmhBjBTswXj2Vqxnu5ge4g.jpg,"[18, 80, 53]",602269,en,The Little Things,"Deputy Sheriff Joe ""Deke"" Deacon joins forces with Sgt. Jim Baxter to search for a serial killer who's terrorizing Los Angeles. As they track the culprit, Baxter is unaware that the investigation is dredging up echoes of Deke's past, uncovering disturbing secrets that could threaten more than his case.",3.7442,/tLO1aD1ghdtVMT32z2sRmzgYKYd.jpg,2021-01-29,The Little Things,False,6.331,2693,"[{'iso_3166_1': 'US', 'name': 'United States of America'}]",2021,"[18, 80, 53]",The Little Things,15342746.0,4417.0,Warner Bros.,15342746.0,15342746.0,"Drama,Crime,Thriller",['US'],1,0,0,1,0,1,0,0,0,0,0,0,1,1,1,0,0,1,0,0,0,0,1,0,0,0,0,0,0,0,0,0,0,0,0,Drama,3,1,January,Winter,0,0,0,0,,,0,0,0,0,0,0,0,,Low,0,0,0,0,0,0,0,0,0,little things,,,,,0,0,0,0,0,0,11,0,1,1,0
False,/ljCKYCSRMNyZNyke5Lc1I8nW5b2.jpg,"[18, 36]",614917,en,King Richard,"The story of how Richard Williams served as a coach to his daughters Venus and Serena, who will soon become two of the most legendary tennis players in history.",4.2462,/2dfujXrxePtYJPiPHj1HkAFQvpu.jpg,2021-11-19,King Richard,False,7.609,2722,"[{'iso_3166_1': 'US', 'name': 'United States of America'}]",2021,"[18, 36]",King Richard,15129285.0,4446.0,Warner Bros.,15129285.0,15129285.0,"Drama,History",['US'],1,0,0,1,0,1,0,0,0,0,0,0,1,1,1,0,0,0,0,0,0,0,0,0,0,0,0,1,0,0,0,0,0,0,0,Drama,2,11,November,Fall,0,1,1,1,Veterans Day,8.0,0,0,0,0,1,4,164870234,0,High,0,1,0,0,0,0,0,0,0,king richard,,,,,0,0,0,0,0,0,11,0,1,1,0
False,/xnyGhzrfqENfFoiNZ9z4oy63Z9F.jpg,"[27, 9648]",619778,en,Malignant,"Madison is paralyzed by shocking visions of grisly murders, and her torment worsens as she discovers that these waking dreams are in fact terrifying realities with a mysterious tie to her past.",2.4304,/dGv2BWjzwAz6LB8a8JeRIZL8hSz.jpg,2021-09-10,Malignant,False,6.756,2518,"[{'iso_3166_1': 'US', 'name': 'United States of America'}]",2021,"[27, 9648]",Malignant,13391791.0,4709.0,Warner Bros.,13391791.0,13391791.0,"Horror,Mystery",['US'],1,0,0,1,0,1,0,0,0,0,0,0,1,1,0,0,0,0,0,0,0,1,0,0,0,0,1,0,0,0,0,0,0,0,0,Horror,2,9,September,Fall,0,0,0,1,Labor Day,9.0,0,0,0,1,1,2,224543292,7,Medium,1,1,0,0,0,0,0,0,0,malignant,,,,,0,0,0,0,0,0,11,0,1,1,0
False,/ovggmAOu1IbPGTQE8lg4lBasNC7.jpg,"[14, 878, 12]",412656,en,Chaos Walking,"Two unlikely companions embark on a perilous adventure through the badlands of an unexplored planet as they try to escape a dangerous and disorienting reality, where all inner thoughts are seen and heard by everyone.",2.5924,/xAYGdGBGptNkisXRpmhZSry6SPF.jpg,2021-03-05,Chaos Walking,False,6.557,2479,"[{'iso_3166_1': 'US', 'name': 'United States of America'}, {'iso_3166_1': 'CA', 'name': 'Canada'}, {'iso_3166_1': 'HK', 'name': 'Hong Kong'}, {'iso_3166_1': 'LU', 'name': 'Luxembourg'}]",2021,"[14, 878, 12]",Chaos Walking,13287908.0,4725.0,Lionsgate,13287908.0,13287908.0,"Fantasy,Science Fiction,Adventure","['HK', 'CA', 'US', 'LU']",1,0,1,1,0,0,0,0,0,0,0,1,1,1,0,0,0,0,1,0,1,0,0,0,1,0,0,0,0,0,0,0,0,0,0,Fantasy,3,3,March,Spring,0,0,0,0,,,0,0,0,0,1,1,54723032,0,Medium,0,1,0,0,0,0,0,0,0,chaos walking,,,,,0,0,0,0,0,0,11,0,1,1,0
False,/4LrL40XecjGLRpX5I2gzMTUt04l.jpg,"[36, 18, 28]",617653,en,The Last Duel,"King Charles VI declares that Knight Jean de Carrouges settle his dispute with his squire, Jacques Le Gris, by challenging him to a duel.",5.3583,/zjrJE0fpzPvX8saJXj8VNfcjBoU.jpg,2021-10-15,The Last Duel,False,7.413,3681,"[{'iso_3166_1': 'US', 'name': 'United States of America'}]",2021,"[36, 18, 28]",The Last Duel,10853945.0,5098.0,20th Century Studios,10853945.0,10853945.0,"History,Drama,Action",['US'],1,0,0,1,0,0,0,0,0,1,0,0,1,1,1,0,1,0,0,0,0,0,0,0,0,0,0,1,0,0,0,0,0,0,0,History,3,10,October,Fall,0,0,1,1,Columbus Day,5.0,0,0,0,0,1,4,213550366,0,High,1,1,0,0,0,0,0,0,0,last duel,,,,,0,0,0,0,0,0,11,0,1,1,0
False,/g6wufgtycJCP508tlC3crSYFCgC.jpg,"[18, 37]",749274,en,Cry Macho,A one-time rodeo star and washed-up horse breeder takes a job from an ex-boss to bring the man's young son home from Mexico.,3.8032,/esrzqq7Ud8yoslFTu3J5HqTJVOQ.jpg,2021-09-17,Cry Macho,False,6.0,1087,"[{'iso_3166_1': 'US', 'name': 'United States of America'}]",2021,"[18, 37]",Cry Macho,10310734.0,5200.0,Warner Bros.,10310734.0,10310734.0,"Drama,Western",['US'],1,0,0,1,0,1,0,0,0,0,0,0,1,1,1,0,0,0,0,0,0,0,0,0,0,0,0,0,0,0,1,0,0,0,0,Drama,2,9,September,Fall,0,0,0,0,,,0,0,0,0,1,3,224543292,14,High,1,0,0,0,0,0,0,0,0,cry macho,,,,,0,0,0,0,0,0,11,0,1,1,0
False,/fbTxsnJcQwuwzCEu9VEiU9lV75Y.jpg,"[28, 53]",645788,en,The Protégé,"Rescued as a child by the legendary assassin Moody and trained in the family business, Anna is the world’s most skilled contract killer. When Moody, the man who was like a father to her and taught her everything she needs to know about trust and survival, is brutally killed, Anna vows revenge. As she becomes entangled with an enigmatic killer whose attraction to her goes way beyond cat and mouse, their confrontation turns deadly and the loose ends of a life spent killing will weave themselves ever tighter.",4.1645,/iQUj7MptHUlcXpaMLrqRNZRxGA9.jpg,2021-08-20,The Protégé,False,6.567,1087,"[{'iso_3166_1': 'BG', 'name': 'Bulgaria'}, {'iso_3166_1': 'RO', 'name': 'Romania'}, {'iso_3166_1': 'GB', 'name': 'United Kingdom'}, {'iso_3166_1': 'US', 'name': 'United States of America'}]",2021,"[28, 53]",The Protégé,7446823.0,5724.0,Lionsgate,7446823.0,7446823.0,"Action,Thriller","['BG', 'RO', 'GB', 'US']",1,1,0,1,0,0,0,0,0,0,0,1,1,1,0,0,1,1,0,0,0,0,0,0,0,0,0,0,0,0,0,0,0,0,0,Action,2,8,August,Summer,1,0,0,0,,,0,0,0,0,1,4,224543292,7,High,1,1,0,0,0,0,0,0,0,prot g,,,,,0,0,0,0,0,0,11,0,1,1,0
False,/ouOojiypBE6CD1aqcHPVq7cJf2R.jpg,"[53, 28]",578701,en,Those Who Wish Me Dead,"A young boy finds himself pursued by two assassins in the Montana wilderness, with a survival expert determined to protect him, and a forest fire threatening to consume them all.",2.8681,/xCEg6KowNISWvMh8GvPSxtdf9TO.jpg,2021-05-14,Those Who Wish Me Dead,False,6.618,1771,"[{'iso_3166_1': 'CA', 'name': 'Canada'}, {'iso_3166_1': 'US', 'name': 'United States of America'}]",2021,"[53, 28]",Those Who Wish Me Dead,7407200.0,5731.0,Warner Bros.,7407200.0,7407200.0,"Thriller,Action","['CA', 'US']",1,0,1,1,0,1,0,0,0,0,0,0,1,1,0,0,1,1,0,0,0,0,0,0,0,0,0,0,0,0,0,0,0,0,0,Thriller,2,5,May,Spring,1,0,0,0,,,0,0,0,0,1,2,160072261,14,Medium,0,0,0,0,0,0,0,0,0,those who,,,,,0,0,0,0,0,0,11,0,1,1,0
False,/fatz1aegtBGh7KS0gipcsw9MqUn.jpg,"[18, 36]",583406,en,Judas and the Black Messiah,Bill O'Neal infiltrates the Black Panthers on the orders of FBI Agent Mitchell and J. Edgar Hoover. As Black Panther Chairman Fred Hampton ascends—falling for a fellow revolutionary en route—a battle wages for O’Neal’s soul.,3.253,/iIgr75GoqFxe1X5Wz9siOODGe9u.jpg,2021-02-12,Judas and the Black Messiah,False,7.304,1641,"[{'iso_3166_1': 'CA', 'name': 'Canada'}, {'iso_3166_1': 'US', 'name': 'United States of America'}]",2021,"[18, 36]",Judas and the Black Messiah,5478009.0,6253.0,Warner Bros.,5478009.0,5478009.0,"Drama,History","['CA', 'US']",1,0,1,1,0,1,0,0,0,0,0,0,1,1,1,0,0,0,0,0,0,0,0,0,0,0,0,1,0,0,0,0,0,0,0,Drama,2,2,February,Winter,0,0,0,1,Presidents Day,3.0,0,0,0,0,0,0,0,,Low,0,0,0,0,0,0,0,0,0,judas black,,,,,0,0,0,0,0,0,11,0,1,1,0
False,/8yhWlFcJ8zCqjfCvLy3lWFuawR1.jpg,"[9648, 878]",579047,en,Reminiscence,"Nicolas Bannister, a rugged and solitary veteran living in a near-future Miami flooded by rising seas, is an expert in a dangerous occupation: he offers clients the chance to relive any memory they desire. His life changes when he meets a mysterious young woman named Mae. What begins as a simple matter of lost and found becomes a passionate love affair. But when a different client's memories implicate Mae in a series of violent crimes, Bannister must delve through the dark world of the past to uncover the truth about the woman he fell for.",3.1145,/17siH6wJRQ2jZiqz9BWUhy1UtZ.jpg,2021-08-20,Reminiscence,False,6.536,1891,"[{'iso_3166_1': 'US', 'name': 'United States of America'}]",2021,"[9648, 878]",Reminiscence,3900193.0,6778.0,Warner Bros.,3900193.0,3900193.0,"Mystery,Science Fiction",['US'],1,0,0,1,0,1,0,0,0,0,0,0,1,1,0,0,0,0,0,0,1,0,0,0,0,0,1,0,0,0,0,0,0,0,0,Mystery,2,8,August,Summer,1,0,0,0,,,0,0,0,0,1,4,224543292,7,High,1,1,0,0,0,0,0,0,0,reminiscence,,,,,0,0,0,0,0,0,11,0,1,1,0
False,/sJjuXNHNT7PfzcgkqM3oSIkVOXB.jpg,"[16, 35, 10751, 9648]",385103,en,Scoob!,"In Scooby-Doo’s greatest adventure yet, see the never-before told story of how lifelong friends Scooby and Shaggy first met and how they joined forces with young detectives Fred, Velma, and Daphne to form the famous Mystery Inc. Now, with hundreds of cases solved, Scooby and the gang face their biggest, toughest mystery ever: an evil plot to unleash the ghost dog Cerberus upon the world. As they race to stop this global “dogpocalypse,” the gang discovers that Scooby has a secret legacy and an epic destiny greater than anyone ever imagined.",3.5052,/jHo2M1OiH9Re33jYtUQdfzPeUkx.jpg,2021-05-21,Scoob!,False,7.001,1771,"[{'iso_3166_1': 'US', 'name': 'United States of America'}, {'iso_3166_1': 'CA', 'name': 'Canada'}]",2021,"[16, 35, 10751, 9648]",Scoob!,2188425.0,7651.0,Warner Bros.,2188425.0,2188425.0,"Animation,Comedy,Family,Mystery","['CA', 'US']",1,0,1,1,0,1,0,0,0,0,0,0,1,1,0,1,0,0,0,0,0,0,0,1,0,1,1,0,0,0,0,0,0,0,1,Animation,4,5,May,Spring,1,0,0,1,Memorial Day,4.0,0,0,0,1,1,3,160072261,7,High,0,1,0,0,0,0,0,0,0,scoob,,,,,0,0,0,0,0,0,11,0,1,1,0
False,/h3weAFgg06GqchI2xDfufBgSFTj.jpg,[18],600354,en,The Father,"A man refuses all assistance from his daughter as he ages and, as he tries to make sense of his changing circumstances, he begins to doubt his loved ones, his own mind and even the fabric of his reality.",4.5491,/pr3bEQ517uMb5loLvjFQi8uLAsp.jpg,2021-02-26,The Father,False,8.096,3482,"[{'iso_3166_1': 'FR', 'name': 'France'}, {'iso_3166_1': 'GB', 'name': 'United Kingdom'}]",2021,[18],The Father,2122771.0,7690.0,Sony Pictures Classics,2122771.0,2122771.0,Drama,"['GB', 'FR']",0,1,0,1,0,0,0,1,0,0,0,0,1,1,1,0,0,0,0,0,0,0,0,0,0,0,0,0,0,0,0,0,0,0,0,Drama,1,2,February,Winter,0,0,0,0,,,0,0,0,0,1,1,54723032,7,Medium,0,1,0,0,0,0,0,0,0,father,,,,,0,0,0,0,0,0,11,0,1,1,0
False,/5GTPOaWAH1LQIdNvEp41Btnx84p.jpg,"[10749, 18]",663909,te,లవ్ స్టోరీ,"Revanth and Mouni dream big when it comes to their lives. But with their social standing and gender proved to be a hindrance, will they manage to find a way to let their love prevail?",2.7576,/zP9tXuxoPRpCJM0UxbxZUHYB83n.jpg,2021-09-24,Love Story,False,7.313,16,"[{'iso_3166_1': 'IN', 'name': 'India'}]",2021,"[10749, 18]",Love Story,971000.0,9000.0,Sony Pictures Releasing,971000.0,971000.0,"Romance,Drama",['IN'],0,0,0,0,0,0,0,1,0,0,0,0,1,0,1,0,0,0,0,1,0,0,0,0,0,0,0,0,0,0,0,0,0,0,0,Romance,2,9,September,Fall,0,0,0,0,,,0,0,0,0,1,3,213550366,7,High,1,1,0,0,0,0,0,0,0,love story,,,,,0,0,0,0,0,0,11,0,1,1,0
False,/AaV1YIdWKnjAIAOe8UUKBFm327v.jpg,"[28, 18]",361743,en,Top Gun: Maverick,"After more than thirty years of service as one of the Navy’s top aviators, and dodging the advancement in rank that would ground him, Pete “Maverick” Mitchell finds himself training a detachment of TOP GUN graduates for a specialized mission the likes of which no living pilot has ever seen.",19.625,/62HCnUTziyWcpDaBO2i1DX17ljH.jpg,2022-05-27,Top Gun: Maverick,False,8.16,10420,"[{'iso_3166_1': 'US', 'name': 'United States of America'}]",2022,"[28, 18]",Top Gun: Maverick,718732821.0,5.0,Paramount Pictures,718732821.0,718732821.0,"Action,Drama",['US'],1,0,0,1,0,0,0,0,1,0,0,0,1,1,1,0,1,0,0,0,0,0,0,0,0,0,0,0,0,0,0,0,0,0,0,Action,2,5,May,Spring,1,0,0,1,Memorial Day,2.0,0,0,0,1,1,1,376851080,14,Medium,1,0,0,0,0,0,0,0,1,top gun,0.0,,,0.0,0,0,0,0,0,0,12,0,0,0,1
False,/cd8YDn7M0lfaHhZdU6MvCDxPalP.jpg,"[28, 12, 878]",76600,en,Avatar: The Way of Water,"Set more than a decade after the events of the first film, learn the story of the Sully family (Jake, Neytiri, and their kids), the trouble that follows them, the lengths they go to keep each other safe, the battles they fight to stay alive, and the tragedies they endure.",114.6909,/t6HIqrRAclMCA60NsSmeqe9RmNV.jpg,2022-12-16,Avatar: The Way of Water,False,7.607,13248,"[{'iso_3166_1': 'US', 'name': 'United States of America'}]",2022,"[28, 12, 878]",Avatar: The Way of Water,688459501.0,7.0,20th Century Studios,688459501.0,688459501.0,"Action,Adventure,Science Fiction",['US'],1,0,0,1,0,0,0,0,0,1,0,0,1,1,0,0,1,0,1,0,1,0,0,0,0,0,0,0,0,0,0,1,1,0,0,Action,3,12,December,Winter,0,1,1,1,Christmas,9.0,1,0,0,0,1,3,186090535,5,High,0,1,0,0,0,0,0,0,1,avatar,0.0,,,0.0,0,0,0,0,0,0,12,0,0,0,1
False,/xDMIl84Qo5Tsu62c9DGWhmPI67A.jpg,"[28, 12, 878]",505642,en,Black Panther: Wakanda Forever,"Queen Ramonda, Shuri, M’Baku, Okoye and the Dora Milaje fight to protect their nation from intervening world powers in the wake of King T’Challa’s death.  As the Wakandans strive to embrace their next chapter, the heroes must band together with the help of War Dog Nakia and Everett Ross and forge a new path for the kingdom of Wakanda.",11.6031,/sv1xJUazXeYqALzczSZ3O6nkH75.jpg,2022-11-11,Black Panther: Wakanda Forever,False,7.021,7155,"[{'iso_3166_1': 'US', 'name': 'United States of America'}]",2022,"[28, 12, 878]",Black Panther: Wakanda Forever,453829060.0,30.0,Walt Disney Studios Motion Pictures,453829060.0,453829060.0,"Action,Adventure,Science Fiction",['US'],1,0,0,1,1,0,0,0,0,0,0,0,1,1,0,0,1,0,1,0,1,0,0,0,0,0,0,0,0,0,0,1,1,0,0,Action,3,11,November,Fall,0,1,1,1,Veterans Day,0.0,0,0,0,0,0,0,0,,Low,0,0,1,0,0,0,0,0,1,black panther,700426566.0,700426566.0,700426566.0,1.0,0,0,1,1,1,1,12,0,0,0,1
False,/gUNRlH66yNDH3NQblYMIwgZXJ2u.jpg,"[14, 28, 12]",453395,en,Doctor Strange in the Multiverse of Madness,"Doctor Strange, with the help of mystical allies both old and new, traverses the mind-bending and dangerous alternate realities of the Multiverse to confront a mysterious new adversary.",13.3997,/ddJcSKbcp4rKZTmuyWaMhuwcfMz.jpg,2022-05-06,Doctor Strange in the Multiverse of Madness,False,7.235,9939,"[{'iso_3166_1': 'US', 'name': 'United States of America'}]",2022,"[14, 28, 12]",Doctor Strange in the Multiverse of Madness,411331607.0,45.0,Walt Disney Studios Motion Pictures,411331607.0,411331607.0,"Fantasy,Action,Adventure",['US'],1,0,0,1,1,0,0,0,0,0,0,0,1,1,0,0,1,0,1,0,0,0,0,0,1,0,0,0,0,0,0,1,0,0,0,Fantasy,3,5,May,Spring,1,0,0,0,,,0,0,0,0,1,1,97459240,14,Medium,0,0,1,0,0,0,0,0,0,doctor strange,,,,,0,0,1,0,0,1,12,0,0,0,1
False,/9eAn20y26wtB3aet7w9lHjuSgZ3.jpg,"[12, 28, 878]",507086,en,Jurassic World Dominion,"Four years after Isla Nublar was destroyed, dinosaurs now live—and hunt—alongside humans all over the world. This fragile balance will reshape the future and determine, once and for all, whether human beings are to remain the apex predators on a planet they now share with history's most fearsome creatures.",12.3829,/jbAvCACjLf1ZG0unB2tdmx5HAf1.jpg,2022-06-10,Jurassic World Dominion,False,6.627,6774,"[{'iso_3166_1': 'US', 'name': 'United States of America'}]",2022,"[12, 28, 878]",Jurassic World Dominion,376851080.0,60.0,Universal Pictures,376851080.0,376851080.0,"Adventure,Action,Science Fiction",['US'],1,0,0,1,0,0,1,0,0,0,0,0,1,1,0,0,1,0,1,0,1,0,0,0,0,0,0,0,0,0,0,1,1,0,0,Adventure,3,6,June,Summer,1,0,0,0,,,0,0,0,0,1,4,718732821,7,High,1,1,0,0,0,0,0,1,1,jurassic world,1071126385.0,417719760.0,535563192.5,2.0,0,1,0,0,1,1,12,0,0,0,1
False,/wZS4xSfPtk1NPQnx9zsT5R2WhCu.jpg,"[10751, 35, 12, 16, 878, 14]",438148,en,Minions: The Rise of Gru,"A fanboy of a supervillain supergroup known as the Vicious 6, Gru hatches a plan to become evil enough to join them, with the backup of his followers, the Minions.",7.8784,/wKiOkZTN9lUUUNZLmtnwubZYONg.jpg,2022-07-01,Minions: The Rise of Gru,False,7.281,3879,"[{'iso_3166_1': 'US', 'name': 'United States of America'}]",2022,"[10751, 35, 12, 16, 878, 14]",Minions: The Rise of Gru,370549695.0,63.0,Universal Pictures,370549695.0,370549695.0,"Family,Comedy,Adventure,Animation,Science Fiction,Fantasy",['US'],1,0,0,1,0,0,1,0,0,0,0,0,1,1,0,1,0,0,1,0,1,0,0,1,1,1,0,0,0,0,0,0,0,0,1,Family,6,7,July,Summer,1,0,0,1,Independence Day,3.0,0,0,1,0,1,5,343256830,6,High,1,1,0,0,0,0,0,1,1,minions,336045770.0,336045770.0,336045770.0,1.0,0,1,0,0,1,1,12,0,0,0,1
False,/rvtdN5XkWAfGX6xDuPL6yYS2seK.jpg,"[80, 9648, 53]",414906,en,The Batman,"In his second year of fighting crime, Batman uncovers corruption in Gotham City that connects to his own family while facing a serial killer known as the Riddler.",15.8198,/74xTEgt7R36Fpooo50r9T25onhq.jpg,2022-03-04,The Batman,False,7.66,11440,"[{'iso_3166_1': 'US', 'name': 'United States of America'}]",2022,"[80, 9648, 53]",The Batman,369345583.0,64.0,Warner Bros.,369345583.0,369345583.0,"Crime,Mystery,Thriller",['US'],1,0,0,1,0,1,0,0,0,0,0,0,1,1,0,0,0,1,0,0,0,0,1,0,0,0,1,0,0,0,0,0,0,0,0,Crime,3,3,March,Spring,0,0,0,0,,,0,0,0,0,1,2,148648820,14,Medium,0,0,0,1,0,0,0,0,0,batman,,,,,0,0,1,0,0,1,12,0,0,0,1
False,/jsoz1HlxczSuTx0mDl2h0lxy36l.jpg,"[14, 28, 35]",616037,en,Thor: Love and Thunder,"After his retirement is interrupted by Gorr the God Butcher, a galactic killer who seeks the extinction of the gods, Thor Odinson enlists the help of King Valkyrie, Korg, and ex-girlfriend Jane Foster, who now wields Mjolnir as the Mighty Thor. Together they embark upon a harrowing cosmic adventure to uncover the mystery of the God Butcher’s vengeance and stop him before it’s too late.",15.1534,/pIkRyD18kl4FhoCNQuWxWu5cBLM.jpg,2022-07-07,Thor: Love and Thunder,False,6.388,8258,"[{'iso_3166_1': 'US', 'name': 'United States of America'}]",2022,"[14, 28, 35]",Thor: Love and Thunder,343256830.0,78.0,Walt Disney Studios Motion Pictures,343256830.0,343256830.0,"Fantasy,Action,Comedy",['US'],1,0,0,1,1,0,0,0,0,0,0,0,1,1,0,1,1,0,0,0,0,0,0,0,1,0,0,0,0,0,0,0,0,0,0,Fantasy,3,7,July,Summer,1,0,0,1,Independence Day,3.0,0,0,1,0,1,4,370549695,6,High,1,1,1,0,0,0,0,0,1,thor,702451053.0,315058289.0,234150351.0,3.0,0,0,1,0,0,1,12,0,0,0,1
False,/xuLA0pii2IMJW2puT7EvJtgpg0H.jpg,"[28, 12, 10751, 35]",675353,en,Sonic the Hedgehog 2,"After settling in Green Hills, Sonic is eager to prove he has what it takes to be a true hero. His test comes when Dr. Robotnik returns, this time with a new partner, Knuckles, in search for an emerald that has the power to destroy civilizations. Sonic teams up with his own sidekick, Tails, and together they embark on a globe-trotting journey to find the emerald before it falls into the wrong hands.",9.1855,/6DrHO1jr3qVrViUO6s6kFiAGM7.jpg,2022-04-08,Sonic the Hedgehog 2,False,7.444,5717,"[{'iso_3166_1': 'JP', 'name': 'Japan'}, {'iso_3166_1': 'US', 'name': 'United States of America'}]",2022,"[28, 12, 10751, 35]",Sonic the Hedgehog 2,190872904.0,276.0,Paramount Pictures,190872904.0,190872904.0,"Action,Adventure,Family,Comedy","['US', 'JP']",1,0,0,1,0,0,0,0,1,0,0,0,1,1,0,1,1,0,1,0,0,0,0,1,0,0,0,0,0,0,0,1,0,0,0,Action,4,4,April,Spring,0,0,0,0,,,0,0,0,0,1,5,105344029,7,High,0,1,0,0,0,0,0,0,1,sonic hedgehog,148974665.0,148974665.0,148974665.0,1.0,0,1,0,0,1,1,12,0,0,0,1
False,/jr8tSoJGj33XLgFBy6lmZhpGQNu.jpg,"[16, 12, 14, 35, 10751]",315162,en,Puss in Boots: The Last Wish,"Puss in Boots discovers that his passion for adventure has taken its toll: He has burned through eight of his nine lives, leaving him with only one life left. Puss sets out on an epic journey to find the mythical Last Wish and restore his nine lives.",12.5554,/kuf6dutpsT0vSVehic3EZIqkOBt.jpg,2022-12-21,Puss in Boots: The Last Wish,False,8.208,8531,"[{'iso_3166_1': 'US', 'name': 'United States of America'}]",2022,"[16, 12, 14, 35, 10751]",Puss in Boots: The Last Wish,186090535.0,291.0,Universal Pictures,186090535.0,186090535.0,"Animation,Adventure,Fantasy,Comedy,Family",['US'],1,0,0,1,0,0,1,0,0,0,0,0,1,1,0,1,0,0,1,0,0,0,0,1,1,1,0,0,0,0,0,0,0,0,1,Animation,5,12,December,Winter,0,1,1,1,Christmas,4.0,1,0,0,0,1,2,688459501,5,Medium,1,1,0,0,0,0,0,1,1,puss in,149260504.0,149260504.0,149260504.0,1.0,0,1,0,0,1,1,12,0,0,0,1
False,/bQXAqRx2Fgc46uCVWgoPz5L5Dtr.jpg,"[28, 12, 878]",436270,en,Black Adam,"Nearly 5,000 years after he was bestowed with the almighty powers of the Egyptian gods—and imprisoned just as quickly—Black Adam is freed from his earthly tomb, ready to unleash his unique form of justice on the modern world.",8.199,/rCtreCr4xiYEWDQTebybolIh6Xe.jpg,2022-10-21,Black Adam,False,6.829,6802,"[{'iso_3166_1': 'US', 'name': 'United States of America'}]",2022,"[28, 12, 878]",Black Adam,168152111.0,364.0,Warner Bros.,168152111.0,168152111.0,"Action,Adventure,Science Fiction",['US'],1,0,0,1,0,1,0,0,0,0,0,0,1,1,0,0,1,0,1,0,1,0,0,0,0,0,0,0,0,0,0,1,1,0,0,Action,3,10,October,Fall,0,0,1,0,,,0,0,0,0,1,2,68275985,0,Medium,0,1,0,1,0,0,0,0,0,black adam,,,,,0,0,1,0,0,1,12,0,0,0,1
False,/xyS0NgcQ2pbGWcwvSSu3xKEBhoO.jpg,"[18, 10402, 36]",614934,en,Elvis,"The life story of Elvis Presley as seen through the complicated relationship with his enigmatic manager, Colonel Tom Parker.",5.2758,/rva3UhKaMeiB0Vej5A2pm1leX7K.jpg,2022-06-24,Elvis,False,7.477,3733,"[{'iso_3166_1': 'AU', 'name': 'Australia'}, {'iso_3166_1': 'US', 'name': 'United States of America'}]",2022,"[18, 10402, 36]",Elvis,151040048.0,436.0,Warner Bros.,151040048.0,151040048.0,"Drama,Music,History","['US', 'AU']",1,0,0,1,0,1,0,0,0,0,0,0,1,1,1,0,0,0,0,0,0,0,0,0,0,0,0,1,1,0,0,0,0,0,0,Drama,3,6,June,Summer,1,0,0,1,Independence Day,10.0,0,0,1,0,1,5,376851080,0,High,1,1,0,0,0,0,0,0,0,elvis,,,,,0,0,0,0,0,0,12,0,0,0,1
False,/fwrqW8Lp5VQuppFrODd4iJ8LySE.jpg,"[28, 12]",335787,en,Uncharted,"A young street-smart, Nathan Drake and his wisecracking partner Victor “Sully” Sullivan embark on a dangerous pursuit of “the greatest treasure never found” while also tracking clues that may lead to Nathan’s long-lost brother.",8.0479,/rJHC1RUORuUhtfNb4Npclx0xnOf.jpg,2022-02-18,Uncharted,False,6.88,6531,"[{'iso_3166_1': 'US', 'name': 'United States of America'}]",2022,"[28, 12]",Uncharted,148648820.0,449.0,Sony Pictures Releasing,148648820.0,148648820.0,"Action,Adventure",['US'],1,0,0,1,0,0,0,1,0,0,0,0,1,1,0,0,1,0,1,0,0,0,0,0,0,0,0,0,0,0,0,1,0,0,0,Action,2,2,February,Winter,0,0,0,1,Presidents Day,3.0,0,0,0,0,1,2,369345583,0,Medium,1,1,0,0,0,0,0,0,0,uncharted,,,,,0,0,0,0,0,0,12,0,0,0,1
False,/yRutvYkM3OP8N9oqqfjSK1VC7fs.jpg,"[27, 878]",762504,en,Nope,"Residents in a lonely gulch of inland California bear witness to an uncanny, chilling discovery.",4.9045,/AcKVlWaNVVVFQwro3nLXqPljcYA.jpg,2022-07-22,Nope,False,6.827,4635,"[{'iso_3166_1': 'US', 'name': 'United States of America'}]",2022,"[27, 878]",Nope,123277080.0,618.0,Universal Pictures,123277080.0,123277080.0,"Horror,Science Fiction",['US'],1,0,0,1,0,0,1,0,0,0,0,0,1,1,0,0,0,0,0,0,1,1,0,0,0,0,0,0,0,0,0,0,0,0,0,Horror,2,7,July,Summer,1,0,0,0,,,0,0,0,0,1,4,103368602,7,High,0,1,0,0,0,0,0,0,0,nope,,,,,0,0,0,0,0,0,12,0,0,0,1
False,/hwUxHPkuUleJeoick4uZsrKDXxF.jpg,"[16, 878, 10751, 12]",718789,en,Lightyear,Legendary Space Ranger Buzz Lightyear embarks on an intergalactic adventure alongside a group of ambitious recruits and his robot companion Sox.,4.1256,/b9t3w1loraDh7hjdWmpc9ZsaYns.jpg,2022-06-17,Lightyear,False,6.89,3680,"[{'iso_3166_1': 'US', 'name': 'United States of America'}]",2022,"[16, 878, 10751, 12]",Lightyear,118307188.0,655.0,Walt Disney Studios Motion Pictures,118307188.0,118307188.0,"Animation,Science Fiction,Family,Adventure",['US'],1,0,0,1,1,0,0,0,0,0,0,0,1,1,0,0,0,0,1,0,1,0,0,1,0,1,0,0,0,0,0,0,0,0,1,Animation,4,6,June,Summer,1,0,0,0,,,0,0,0,0,1,4,376851080,7,High,1,1,0,0,0,0,0,1,1,lightyear,0.0,,,0.0,0,0,0,0,0,1,12,0,0,0,1
False,/kMZIMqEXO5MFd5Y1Ha2jZZF4pvF.jpg,"[27, 9648]",882598,en,Smile,"After witnessing a bizarre, traumatic incident involving a patient, Dr. Rose Cotter starts experiencing frightening occurrences that she can't explain.",7.2369,/aPqcQwu4VGEewPhagWNncDbJ9Xp.jpg,2022-09-30,Smile,False,6.671,3842,"[{'iso_3166_1': 'US', 'name': 'United States of America'}]",2022,"[27, 9648]",Smile,105935048.0,769.0,Paramount Pictures,105935048.0,105935048.0,"Horror,Mystery",['US'],1,0,0,1,0,0,0,0,1,0,0,0,1,1,0,0,0,0,0,0,0,1,0,0,0,0,1,0,0,0,0,0,0,0,0,Horror,2,9,September,Fall,0,0,0,1,Columbus Day,10.0,0,0,0,0,1,2,67328130,14,Medium,0,0,0,0,0,0,0,0,0,smile,,,,,0,0,0,0,0,0,12,0,0,0,1
False,/1Ds7xy7ILo8u2WWxdnkJth1jQVT.jpg,"[28, 12, 35]",752623,en,The Lost City,"Reclusive author Loretta Sage writes about exotic places in her popular adventure novels that feature a handsome cover model named Alan. While on tour promoting her new book with Alan, Loretta gets kidnapped by an eccentric billionaire who hopes she can lead him to the ancient city's lost treasure that featured in her latest story. Alan, determined to prove he can be a hero in real life and not just on the pages of her books, sets off to rescue her.",7.5159,/rnheO8cFvCYcmZsDrBoabJbKLFE.jpg,2022-03-25,The Lost City,False,6.471,3856,"[{'iso_3166_1': 'US', 'name': 'United States of America'}]",2022,"[28, 12, 35]",The Lost City,105344029.0,772.0,Paramount Pictures,105344029.0,105344029.0,"Action,Adventure,Comedy",['US'],1,0,0,1,0,0,0,0,1,0,0,0,1,1,0,1,1,0,1,0,0,0,0,0,0,0,0,0,0,0,0,1,0,0,0,Action,3,3,March,Spring,0,0,0,0,,,0,0,0,0,1,3,190872904,0,High,0,1,0,0,0,0,0,0,0,lost city,,,,,0,0,0,0,0,0,12,0,0,0,1
False,/mEoIDEiePnYj178H9znzbl9zvky.jpg,[28],1006540,en,Bullet Train Down,"On its maiden run, the world's fastest bullet train is rigged with a bomb that will explode if it dips below 200 mph.",5.3305,/zqAd0zsic4XIkWFRV7mn09dK1jP.jpg,2022-08-01,Bullet Train Down,False,5.5,65,"[{'iso_3166_1': 'US', 'name': 'United States of America'}]",2022,[28],Bullet Train Down,103368602.0,792.0,Sony Pictures Releasing,103368602.0,103368602.0,Action,['US'],1,0,0,1,0,0,0,1,0,0,0,0,1,1,0,0,1,0,0,0,0,0,0,0,0,0,0,0,0,0,0,0,0,0,0,Action,1,8,August,Summer,1,0,0,0,,,0,0,0,0,1,3,123277080,3,High,0,1,0,0,0,0,0,0,0,bullet train,,,,,0,0,0,0,0,0,12,0,0,0,1
False,/y2Ca1neKke2mGPMaHzlCNDVZqsK.jpg,"[28, 35, 53]",718930,en,Bullet Train,"Unlucky assassin Ladybug is determined to do his job peacefully after one too many gigs gone off the rails. Fate, however, may have other plans, as Ladybug's latest mission puts him on a collision course with lethal adversaries from around the globe—all with connected, yet conflicting, objectives—on the world's fastest train.",11.2239,/j8szC8OgrejDQjjMKSVXyaAjw3V.jpg,2022-08-05,Bullet Train,False,7.418,7109,"[{'iso_3166_1': 'US', 'name': 'United States of America'}]",2022,"[28, 35, 53]",Bullet Train,103368602.0,792.0,Sony Pictures Releasing,103368602.0,103368602.0,"Action,Comedy,Thriller",['US'],1,0,0,1,0,0,0,1,0,0,0,0,1,1,0,1,1,1,0,0,0,0,0,0,0,0,0,0,0,0,0,0,0,0,0,Action,3,8,August,Summer,1,0,0,0,,,0,0,0,0,1,3,123277080,4,High,0,1,0,0,0,0,0,0,0,bullet train,,,,,0,0,0,0,0,0,12,0,0,0,1
False,/3AhT4YuBcU4A3KKXzzXZO6fUiKj.jpg,"[10751, 35, 80, 12, 16, 28]",629542,en,The Bad Guys,"When the Bad Guys, a crew of criminal animals, are finally caught after years of heists and being the world’s most-wanted villains, Mr. Wolf brokers a deal to save them all from prison.",11.8207,/6fcFmdVLCCbf1gFt8HlC6BRj8pt.jpg,2022-04-22,The Bad Guys,False,7.529,2408,"[{'iso_3166_1': 'US', 'name': 'United States of America'}]",2022,"[10751, 35, 80, 12, 16, 28]",The Bad Guys,97459240.0,876.0,Universal Pictures,97459240.0,97459240.0,"Family,Comedy,Crime,Adventure,Animation,Action",['US'],1,0,0,1,0,0,1,0,0,0,0,0,1,1,0,1,1,0,1,0,0,0,1,1,0,1,0,0,0,0,0,1,0,0,1,Family,6,4,April,Spring,0,0,0,0,,,0,0,0,0,1,3,411331607,7,High,1,1,0,0,0,0,0,0,0,bad guys,,,,,0,0,0,0,0,0,12,0,0,0,1
False,/zGLHX92Gk96O1DJvLil7ObJTbaL.jpg,"[14, 12]",338953,en,Fantastic Beasts: The Secrets of Dumbledore,"Professor Albus Dumbledore knows the powerful, dark wizard Gellert Grindelwald is moving to seize control of the wizarding world. Unable to stop him alone, he entrusts magizoologist Newt Scamander to lead an intrepid team of wizards and witches. They soon encounter an array of old and new beasts as they clash with Grindelwald's growing legion of followers.",9.0346,/3c5GNLB4yRSLBby0trHoA1DSQxQ.jpg,2022-04-15,Fantastic Beasts: The Secrets of Dumbledore,False,6.633,4919,"[{'iso_3166_1': 'GB', 'name': 'United Kingdom'}, {'iso_3166_1': 'US', 'name': 'United States of America'}]",2022,"[14, 12]",Fantastic Beasts: The Secrets of Dumbledore,95850844.0,891.0,Warner Bros.,95850844.0,95850844.0,"Fantasy,Adventure","['GB', 'US']",1,1,0,1,0,1,0,0,0,0,0,0,1,1,0,0,0,0,1,0,0,0,0,0,1,0,0,0,0,0,0,0,0,0,0,Fantasy,2,4,April,Spring,0,0,0,0,,,0,0,0,0,1,3,190872904,7,High,0,1,0,0,0,0,1,0,1,fantastic beasts,393593476.0,159555901.0,196796738.0,2.0,0,0,0,0,0,1,12,0,0,0,1
False,/xfNHRI2f5kHGvogxLd0C5sB90L7.jpg,"[10751, 35, 12, 16, 878]",539681,en,DC League of Super-Pets,"When Superman and the rest of the Justice League are kidnapped, Krypto the Super-Dog must convince a rag-tag shelter pack - Ace the hound, PB the potbellied pig, Merton the turtle and Chip the squirrel - to master their own newfound powers and help him rescue the superheroes.",6.211,/qpPMewlugFaejXjz4YNDnpTniFX.jpg,2022-07-29,DC League of Super-Pets,False,7.2,1674,"[{'iso_3166_1': 'US', 'name': 'United States of America'}, {'iso_3166_1': 'CA', 'name': 'Canada'}, {'iso_3166_1': 'AU', 'name': 'Australia'}]",2022,"[10751, 35, 12, 16, 878]",DC League of Super-Pets,93657117.0,915.0,Warner Bros.,93657117.0,93657117.0,"Family,Comedy,Adventure,Animation,Science Fiction","['CA', 'US', 'AU']",1,0,1,1,0,1,0,0,0,0,0,0,1,1,0,1,0,0,1,0,1,0,0,1,0,1,0,0,0,0,0,0,0,0,1,Family,5,7,July,Summer,1,0,0,0,,,0,0,0,0,1,4,123277080,3,High,0,1,0,0,0,0,0,0,0,dc league,,,,,0,0,0,0,0,0,12,0,0,0,1
False,/7Y3LdmsZukXhmwxtO0UF95BFBTt.jpg,"[18, 9648, 10749]",682507,en,Where the Crawdads Sing,"Abandoned by her family, Kya raises herself all alone in the marshes outside of her small town. When her former boyfriend is found dead, Kya is instantly branded by the local townspeople and law enforcement as the prime suspect for his murder.",4.6801,/n1el846gLDXfhOvrRCsyvaAOQWv.jpg,2022-07-15,Where the Crawdads Sing,False,7.534,2124,"[{'iso_3166_1': 'US', 'name': 'United States of America'}]",2022,"[18, 9648, 10749]",Where the Crawdads Sing,90230760.0,968.0,Sony Pictures Releasing,90230760.0,90230760.0,"Drama,Mystery,Romance",['US'],1,0,0,1,0,0,0,1,0,0,0,0,1,1,1,0,0,0,0,1,0,0,0,0,0,0,1,0,0,0,0,0,0,0,0,Drama,3,7,July,Summer,1,0,0,0,,,0,0,0,0,1,4,370549695,7,High,1,1,0,0,0,0,0,0,0,where crawdads,,,,,0,0,0,0,0,0,12,0,0,0,1
False,/AfvIjhDu9p64jKcmohS4hsPG95Q.jpg,"[27, 53]",756999,en,The Black Phone,"Finney Blake, a shy but clever 13-year-old boy, is abducted by a sadistic killer and trapped in a soundproof basement where screaming is of little use. When a disconnected phone on the wall begins to ring, Finney discovers that he can hear the voices of the killer’s previous victims. And they are dead set on making sure that what happened to them doesn’t happen to Finney.",14.1161,/p9ZUzCyy9wRTDuuQexkQ78R2BgF.jpg,2022-06-24,The Black Phone,False,7.542,5566,"[{'iso_3166_1': 'US', 'name': 'United States of America'}]",2022,"[27, 53]",The Black Phone,90123230.0,971.0,Universal Pictures,90123230.0,90123230.0,"Horror,Thriller",['US'],1,0,0,1,0,0,1,0,0,0,0,0,1,1,0,0,0,1,0,0,0,1,0,0,0,0,0,0,0,0,0,0,0,0,0,Horror,2,6,June,Summer,1,0,0,1,Independence Day,10.0,0,0,1,0,1,5,376851080,0,High,1,1,0,0,0,0,0,0,0,black phone,,,,,0,0,0,0,0,0,12,0,0,0,1
False,/ifUfE79O1raUwbaQRIB7XnFz5ZC.jpg,"[27, 9648]",646385,en,Scream,"Twenty-five years after a streak of brutal murders shocked the quiet town of Woodsboro, a new killer has donned the Ghostface mask and begins targeting a group of teenagers to resurrect secrets from the town’s deadly past.",10.0221,/1m3W6cpgwuIyjtg5nSnPx7yFkXW.jpg,2022-01-14,Scream,False,6.69,3641,"[{'iso_3166_1': 'US', 'name': 'United States of America'}]",2022,"[27, 9648]",Scream,81641405.0,1090.0,Paramount Pictures,81641405.0,81641405.0,"Horror,Mystery",['US'],1,0,0,1,0,0,0,0,1,0,0,0,1,1,0,0,0,0,0,0,0,1,0,0,0,0,1,0,0,0,0,0,0,0,0,Horror,2,1,January,Winter,0,0,0,1,Martin Luther King Jr. Day,1.0,0,0,0,0,0,0,0,,Low,0,0,0,0,0,0,0,1,1,scream,0.0,,,0.0,0,0,0,0,0,1,12,0,0,0,1
False,/jzWT0zd8U77fqWg5WgUfYaMzSFz.jpg,"[28, 878, 14]",526896,en,Morbius,"Dangerously ill with a rare blood disorder, and determined to save others suffering his same fate, Dr. Michael Morbius attempts a desperate gamble. What at first appears to be a radical success soon reveals itself to be a remedy potentially worse than the disease.",6.6732,/6JjfSchsU6daXk2AKX8EEBjO3Fm.jpg,2022-04-01,Morbius,False,5.933,4661,"[{'iso_3166_1': 'US', 'name': 'United States of America'}]",2022,"[28, 878, 14]",Morbius,73865530.0,1229.0,Columbia Pictures,73865530.0,73865530.0,"Action,Science Fiction,Fantasy",['US'],1,0,0,1,0,0,0,1,0,0,0,0,1,1,0,0,1,0,0,0,1,0,0,0,1,0,0,0,0,0,0,0,1,0,0,Action,3,4,April,Spring,0,0,0,0,,,0,0,0,0,1,4,190872904,7,High,0,1,0,0,0,0,0,0,0,morbius,,,,,0,0,1,0,0,1,12,0,0,0,1
False,/n4elrbXCYyhBGHuw3YrUHbwmQBo.jpg,"[18, 35, 10749]",800939,en,Ticket to Paradise,Divorced couple Georgia and David find themselves on a shared mission: they team up and travel to Bali to stop their daughter Lily from making the same mistake they once made 25 years ago.,2.5284,/1tzERH50P5c2mFWtLbgixzLZS1L.jpg,2022-10-21,Ticket to Paradise,False,6.429,1344,"[{'iso_3166_1': 'AU', 'name': 'Australia'}, {'iso_3166_1': 'US', 'name': 'United States of America'}, {'iso_3166_1': 'GB', 'name': 'United Kingdom'}]",2022,"[18, 35, 10749]",Ticket to Paradise,68275985.0,1353.0,Universal Pictures,68275985.0,68275985.0,"Drama,Comedy,Romance","['GB', 'US', 'AU']",1,1,0,1,0,0,1,0,0,0,0,0,1,1,1,1,0,0,0,1,0,0,0,0,0,0,0,0,0,0,0,0,0,1,0,Drama,3,10,October,Fall,0,0,1,0,,,0,0,0,0,1,2,168152111,0,Medium,0,1,0,0,0,0,0,0,0,ticket to,,,,,0,0,0,0,0,0,12,0,0,0,1
False,/v4YV4ne1nwNni35iz4WmpZRZpCD.jpg,"[28, 18, 36]",724495,en,The Woman King,"The story of the Agojie, the all-female unit of warriors who protected the African Kingdom of Dahomey in the 1800s with skills and a fierceness unlike anything the world has ever seen, and General Nanisca as she trains the next generation of recruits and readies them for battle against an enemy determined to destroy their way of life.",6.7926,/438QXt1E3WJWb3PqNniK0tAE5c1.jpg,2022-09-16,The Woman King,False,7.633,2278,"[{'iso_3166_1': 'CA', 'name': 'Canada'}, {'iso_3166_1': 'US', 'name': 'United States of America'}]",2022,"[28, 18, 36]",The Woman King,67328130.0,1372.0,TriStar Pictures,67328130.0,67328130.0,"Action,Drama,History","['CA', 'US']",1,0,1,1,0,0,0,1,0,0,0,0,1,1,1,0,1,0,0,0,0,0,0,0,0,0,0,1,0,0,0,0,0,0,0,Action,3,9,September,Fall,0,0,0,0,,,0,0,0,0,1,1,105935048,14,Medium,0,0,0,0,0,0,0,0,0,woman king,,,,,0,0,0,0,0,0,12,0,0,0,1
False,/aTovumsNlDjof7YVoU5nW2RHaYn.jpg,"[27, 53]",616820,en,Halloween Ends,"Four years after the events of Halloween in 2018, Laurie has decided to liberate herself from fear and rage and embrace life. But when a young man is accused of killing a boy he was babysitting, it ignites a cascade of violence and terror that will force Laurie to finally confront the evil she can’t control, once and for all.",3.4128,/q06saepaXeBdkMibuN4R2fXmgIw.jpg,2022-10-14,Halloween Ends,False,6.061,1932,"[{'iso_3166_1': 'US', 'name': 'United States of America'}]",2022,"[27, 53]",Halloween Ends,64079860.0,1464.0,Universal Pictures,64079860.0,64079860.0,"Horror,Thriller",['US'],1,0,0,1,0,0,1,0,0,0,0,0,1,1,0,0,0,1,0,0,0,1,0,0,0,0,0,0,0,0,0,0,0,0,0,Horror,2,10,October,Fall,0,0,1,1,Columbus Day,4.0,0,0,0,0,1,3,168152111,7,High,0,1,0,0,0,0,0,0,0,halloween ends,,,,,0,0,0,0,0,0,12,0,0,0,1
False,/cGnaZm6EQOJESde3Vv4v53Zk4gN.jpg,"[18, 35]",626735,en,Dog,An army ranger and his dog embark on a road trip along the Pacific Coast Highway to attend a friend's funeral.,7.1956,/zHQy4h36WwuCetKS7C3wcT1hkgA.jpg,2022-02-18,Dog,False,7.299,1701,"[{'iso_3166_1': 'US', 'name': 'United States of America'}]",2022,"[18, 35]",Dog,61778069.0,1520.0,United Artists Releasing,61778069.0,61778069.0,"Drama,Comedy",['US'],1,0,0,1,0,0,0,0,0,0,1,0,1,1,1,1,0,0,0,0,0,0,0,0,0,0,0,0,0,0,0,0,0,0,0,Drama,2,2,February,Winter,0,0,0,1,Presidents Day,3.0,0,0,0,0,1,2,369345583,0,Medium,1,1,0,0,0,0,0,0,0,dog,,,,,0,0,0,0,0,0,12,0,0,0,1
False,/sBOenwOZGRN5nZZGw4TxwtnfrEf.jpg,"[28, 35, 14]",899112,en,Violent Night,"When a team of mercenaries breaks into a wealthy family compound on Christmas Eve, taking everyone inside hostage, the team isn’t prepared for a surprise combatant: Santa Claus is on the grounds, and he’s about to show why this Nick is no saint.",10.9128,/e8CpMgdyihz9Td7amQDqubPuzfN.jpg,2022-12-02,Violent Night,False,7.237,2416,"[{'iso_3166_1': 'CA', 'name': 'Canada'}, {'iso_3166_1': 'US', 'name': 'United States of America'}]",2022,"[28, 35, 14]",Violent Night,50057405.0,1929.0,Universal Pictures,50057405.0,50057405.0,"Action,Comedy,Fantasy","['CA', 'US']",1,0,1,1,0,0,1,0,0,0,0,0,1,1,0,1,1,0,0,0,0,0,0,0,1,0,0,0,0,0,0,0,0,0,0,Action,3,12,December,Winter,0,1,1,1,Thanksgiving,7.0,0,1,0,0,1,1,688459501,14,Medium,1,0,0,0,0,0,0,0,0,violent night,,,,,0,0,0,0,0,0,12,0,0,0,1
False,/oWWsuxplpHdwxVw2u6f3dGLKcvC.jpg,"[35, 10751, 10402]",830784,en,"Lyle, Lyle, Crocodile","When the Primm family moves to New York City, their young son Josh struggles to adapt to his new school and new friends. All of that changes when he discovers Lyle — a singing crocodile who loves baths, caviar and great music — living in the attic of his new home. But when Lyle’s existence is threatened by evil neighbor Mr. Grumps, the Primms must band together to show the world that family can come from the most unexpected places.",5.9737,/dN6XnCEP3AO7N4XFOFyZ8V8kZF5.jpg,2022-10-07,"Lyle, Lyle, Crocodile",False,7.0,630,"[{'iso_3166_1': 'IT', 'name': 'Italy'}, {'iso_3166_1': 'US', 'name': 'United States of America'}]",2022,"[35, 10751, 10402]","Lyle, Lyle, Crocodile",46888441.0,2049.0,Sony Pictures Releasing,46888441.0,46888441.0,"Comedy,Family,Music","['IT', 'US']",1,0,0,1,0,0,0,1,0,0,0,0,1,1,0,1,0,0,0,0,0,0,0,1,0,0,0,0,1,0,0,0,0,0,0,Comedy,3,10,October,Fall,0,0,1,1,Columbus Day,3.0,0,0,0,0,1,4,168152111,7,High,0,1,0,0,0,0,0,0,0,lyle lyle,,,,,0,0,0,0,0,0,12,0,0,0,1
False,/lRbDyjI7HEaXxflFQbYpqHRGFBJ.jpg,"[9648, 80, 53]",505026,en,Death on the Nile,Belgian sleuth Hercule Poirot's Egyptian vacation aboard a glamorous river steamer turns into a terrifying search for a murderer when a picture-perfect couple's idyllic honeymoon is tragically cut short.,7.2235,/kVr5zIAFSPRQ57Y1zE7KzmhzdMQ.jpg,2022-02-11,Death on the Nile,False,6.42,4003,"[{'iso_3166_1': 'US', 'name': 'United States of America'}]",2022,"[9648, 80, 53]",Death on the Nile,45630104.0,2101.0,20th Century Studios,45630104.0,45630104.0,"Mystery,Crime,Thriller",['US'],1,0,0,1,0,0,0,0,0,1,0,0,1,1,0,0,0,1,0,0,0,0,1,0,0,0,1,0,0,0,0,0,0,0,0,Mystery,3,2,February,Winter,0,0,0,1,Presidents Day,4.0,0,0,0,0,1,2,148648820,7,Medium,0,1,0,0,0,0,0,0,0,death on,,,,,0,0,0,0,0,0,12,0,0,0,1
False,/tfCNMP37jRX3TOetuce7FLkxNKa.jpg,"[878, 9648, 53]",619730,en,Don't Worry Darling,"Alice and Jack are lucky to be living in the idealized community of Victory, the experimental company town housing the men who work for the top-secret Victory Project and their families. But when cracks in their idyllic life begin to appear, exposing flashes of something much more sinister lurking beneath the attractive façade, Alice can’t help questioning exactly what they’re doing in Victory, and why.",3.4708,/jOqxKIOC92BVyinYO1Fm73XY7Tc.jpg,2022-09-23,Don't Worry Darling,False,6.771,2805,"[{'iso_3166_1': 'US', 'name': 'United States of America'}]",2022,"[878, 9648, 53]",Don't Worry Darling,45309403.0,2113.0,Warner Bros.,45309403.0,45309403.0,"Science Fiction,Mystery,Thriller",['US'],1,0,0,1,0,1,0,0,0,0,0,0,1,1,0,0,0,1,0,0,1,0,0,0,0,0,1,0,0,0,0,0,0,0,0,Science Fiction,3,9,September,Fall,0,0,0,0,,,0,0,0,0,1,2,105935048,7,Medium,0,1,0,0,0,0,0,0,0,don t,,,,,0,0,0,0,0,0,12,0,0,0,1
False,/b5Sq1p2qnLNlaU9XOwjNNdbWmkP.jpg,"[27, 53]",913290,en,Barbarian,"In town for a job interview, a young woman arrives at her Airbnb late at night only to find that it has been mistakenly double-booked and a strange man is already staying there. Against her better judgement, she decides to stay the night anyway.",6.1973,/idT5mnqPcJgSkvpDX7pJffBzdVH.jpg,2022-09-09,Barbarian,False,6.842,3005,"[{'iso_3166_1': 'US', 'name': 'United States of America'}]",2022,"[27, 53]",Barbarian,40842944.0,2325.0,20th Century Studios,40842944.0,40842944.0,"Horror,Thriller",['US'],1,0,0,1,0,0,0,0,0,1,0,0,1,1,0,0,0,1,0,0,0,1,0,0,0,0,0,0,0,0,0,0,0,0,0,Horror,2,9,September,Fall,0,0,0,1,Labor Day,8.0,0,0,0,1,1,1,67328130,7,Medium,0,1,0,0,0,0,0,0,0,barbarian,,,,,0,0,0,0,0,0,12,0,0,0,1
False,/5wDBVictj4wUYZ31gR5WzCM9dLD.jpg,"[16, 10751, 12, 878, 14]",877269,en,Strange World,"A journey deep into an uncharted and treacherous land, where fantastical creatures await the legendary Clades—a family of explorers whose differences threaten to topple their latest, and by far most crucial, mission.",2.8948,/jXGMJUq9zcrScs02qkQuCtmWwaI.jpg,2022-11-23,Strange World,False,6.25,1372,"[{'iso_3166_1': 'US', 'name': 'United States of America'}]",2022,"[16, 10751, 12, 878, 14]",Strange World,37968963.0,2481.0,Walt Disney Studios Motion Pictures,37968963.0,37968963.0,"Animation,Family,Adventure,Science Fiction,Fantasy",['US'],1,0,0,1,1,0,0,0,0,0,0,0,1,1,0,0,0,0,1,0,1,0,0,1,1,1,0,0,0,0,0,0,0,0,1,Animation,5,11,November,Fall,0,1,1,1,Thanksgiving,2.0,0,1,0,0,1,2,453829060,9,Medium,1,0,0,0,0,0,0,0,0,strange world,,,,,0,0,0,0,0,0,12,0,0,0,1
False,/pTfUqVyM3mRuxvUiAvaSmdBrhdl.jpg,"[16, 10402, 35, 80, 9648]",504827,en,The Bob's Burgers Movie,"When a ruptured water main creates an enormous sinkhole right in front of Bob's Burgers, it blocks the entrance indefinitely and ruins the Belchers’ plans for a successful summer. While Bob and Linda struggle to keep the business afloat, the kids try to solve a mystery that could save their family's restaurant. As the dangers mount, these underdogs help each other find hope and fight to get back behind the counter, where they belong.",3.3052,/AvV2nHEDQMWuRqAUrpcx2fB97CB.jpg,2022-05-27,The Bob's Burgers Movie,False,6.969,343,"[{'iso_3166_1': 'US', 'name': 'United States of America'}]",2022,"[16, 10402, 35, 80, 9648]",The Bob's Burgers Movie,31933830.0,2884.0,20th Century Studios,31933830.0,31933830.0,"Animation,Music,Comedy,Crime,Mystery",['US'],1,0,0,1,0,0,0,0,0,1,0,0,1,1,0,1,0,0,0,0,0,0,1,0,0,1,1,0,1,0,0,0,0,0,0,Animation,5,5,May,Spring,1,0,0,1,Memorial Day,2.0,0,0,0,1,1,2,718732821,0,Medium,1,1,0,0,0,0,0,0,0,bob s,,,,,0,0,0,0,0,0,12,0,0,0,1
False,/pz7bGOUNJXyPKJ2GcJN6nhwBnCs.jpg,"[53, 28, 27, 12]",760741,en,Beast,"A recently widowed man and his two teenage daughters travel to a game reserve in South Africa. However, their journey of healing soon turns into a fight for survival when a bloodthirsty lion starts to stalk them.",4.0394,/f18rGcLlawKjNC5KRh36S0mvRlY.jpg,2022-08-19,Beast,False,6.541,1675,"[{'iso_3166_1': 'IS', 'name': 'Iceland'}, {'iso_3166_1': 'US', 'name': 'United States of America'}, {'iso_3166_1': 'JP', 'name': 'Japan'}]",2022,"[53, 28, 27, 12]",Beast,31846530.0,2892.0,Universal Pictures,31846530.0,31846530.0,"Thriller,Action,Horror,Adventure","['IS', 'US', 'JP']",1,0,0,1,0,0,1,0,0,0,0,0,1,1,0,0,1,1,1,0,0,1,0,0,0,0,0,0,0,0,0,1,0,0,0,Thriller,4,8,August,Summer,1,0,0,0,,,0,0,0,0,1,1,103368602,14,Medium,0,0,0,0,0,0,0,0,0,beast,,,,,0,0,0,0,0,0,12,0,0,0,1
False,/peJmavN1H3Js9SiqQbPNs8Hgwgr.jpg,"[53, 28, 80]",763285,en,Ambulance,"Decorated veteran Will Sharp, desperate for money to cover his wife's medical bills, asks for help from his adoptive brother Danny. A charismatic career criminal, Danny instead offers him a score: the biggest bank heist in Los Angeles history: $32 million.",5.0835,/hUbgg3mMSbY9PlpTxBo4IFUVSd6.jpg,2022-04-08,Ambulance,False,6.627,2332,"[{'iso_3166_1': 'US', 'name': 'United States of America'}, {'iso_3166_1': 'JP', 'name': 'Japan'}]",2022,"[53, 28, 80]",Ambulance,22781115.0,3550.0,Universal Pictures,22781115.0,22781115.0,"Thriller,Action,Crime","['US', 'JP']",1,0,0,1,0,0,1,0,0,0,0,0,1,1,0,0,1,1,0,0,0,0,1,0,0,0,0,0,0,0,0,0,0,0,0,Thriller,3,4,April,Spring,0,0,0,0,,,0,0,0,0,1,6,190872904,0,High,0,1,0,0,0,0,0,0,0,ambulance,,,,,0,0,0,0,0,0,12,0,0,0,1
False,/tY36rkGlREg5m9CaguckR8jZCye.jpg,"[10752, 18, 28]",653851,en,Devotion,The harrowing true story of two elite US Navy fighter pilots during the Korean War. Their heroic sacrifices would ultimately make them the Navy's most celebrated wingmen.,2.4713,/26yQPXymbWeCLKwcmyL8dRjAzth.jpg,2022-11-23,Devotion,False,7.08,792,"[{'iso_3166_1': 'US', 'name': 'United States of America'}]",2022,"[10752, 18, 28]",Devotion,20511938.0,3791.0,Columbia Pictures,20511938.0,20511938.0,"War,Drama,Action",['US'],1,0,0,1,0,0,0,1,0,0,0,0,1,1,1,0,1,0,0,0,0,0,0,0,0,0,0,0,0,1,0,0,0,0,0,War,3,11,November,Fall,0,1,1,1,Thanksgiving,2.0,0,1,0,0,1,2,453829060,9,Medium,1,0,0,0,0,0,0,0,0,devotion,,,,,0,0,0,0,0,0,12,0,0,0,1
False,/M7Kiquud2bjrhQvZXeIrvW0J4a.jpg,"[28, 35, 80]",648579,en,The Unbearable Weight of Massive Talent,"Creatively unfulfilled and facing financial ruin, Nick Cage must accept a $1 million offer to attend the birthday of a dangerous superfan. Things take a wildly unexpected turn when Cage is recruited by a CIA operative and forced to live up to his own legend, channeling his most iconic and beloved on-screen characters in order to save himself and his loved ones.",2.7833,/aqhLeieyTpTUKPOfZ3jzo2La0Mq.jpg,2022-04-22,The Unbearable Weight of Massive Talent,False,6.784,2321,"[{'iso_3166_1': 'US', 'name': 'United States of America'}]",2022,"[28, 35, 80]",The Unbearable Weight of Massive Talent,20300157.0,3822.0,Lionsgate,20300157.0,20300157.0,"Action,Comedy,Crime",['US'],1,0,0,1,0,0,0,0,0,0,0,1,1,1,0,1,1,0,0,0,0,0,1,0,0,0,0,0,0,0,0,0,0,0,0,Action,3,4,April,Spring,0,0,0,0,,,0,0,0,0,1,4,411331607,0,High,1,1,0,0,0,0,0,0,0,unbearable weight,,,,,0,0,0,0,0,0,12,0,0,0,1
False,/8QpzqK3nPGxpqpKqhe6QasTGBWQ.jpg,"[878, 12, 28]",406759,en,Moonfall,A mysterious force knocks the moon from its orbit around Earth and sends it hurtling on a collision course with life as we know it.,5.4495,/bjTU4fmmGjAOOiOlE6WYDagoSsP.jpg,2022-02-04,Moonfall,False,6.26,3417,"[{'iso_3166_1': 'HK', 'name': 'Hong Kong'}, {'iso_3166_1': 'GB', 'name': 'United Kingdom'}, {'iso_3166_1': 'US', 'name': 'United States of America'}]",2022,"[878, 12, 28]",Moonfall,19060660.0,3956.0,Lionsgate,19060660.0,19060660.0,"Science Fiction,Adventure,Action","['HK', 'GB', 'US']",1,1,0,1,0,0,0,0,0,0,0,1,1,1,0,0,1,0,1,0,1,0,0,0,0,0,0,0,0,0,0,1,1,0,0,Science Fiction,3,2,February,Winter,0,0,0,0,,,0,0,0,0,1,2,148648820,14,Medium,0,0,0,0,0,0,0,0,0,moonfall,,,,,0,0,0,0,0,0,12,0,0,0,1
False,/dxjzHND7ZYNUnMWWU715y39ihPF.jpg,"[16, 12, 35, 10751]",366672,en,Paws of Fury: The Legend of Hank,"A hard-on-his-luck hound finds himself in a town full of cats in need of a hero to defend them from a ruthless villain's wicked plot to wipe their village off the map. With help from a reluctant mentor, our underdog must assume the role of town samurai and team up with the villagers to save the day.",3.6798,/wMDUDwAArpfGdtTTZ25SfwngGwt.jpg,2022-07-15,Paws of Fury: The Legend of Hank,False,6.661,320,"[{'iso_3166_1': 'CA', 'name': 'Canada'}, {'iso_3166_1': 'CN', 'name': 'China'}, {'iso_3166_1': 'GB', 'name': 'United Kingdom'}, {'iso_3166_1': 'US', 'name': 'United States of America'}]",2022,"[16, 12, 35, 10751]",Paws of Fury: The Legend of Hank,17811382.0,4076.0,Paramount Pictures,17811382.0,17811382.0,"Animation,Adventure,Comedy,Family","['CA', 'GB', 'US', 'CN']",1,1,1,1,0,0,0,0,1,0,0,0,1,1,0,1,0,0,1,0,0,0,0,1,0,1,0,0,0,0,0,0,0,0,1,Animation,4,7,July,Summer,1,0,0,0,,,0,0,0,0,1,5,370549695,0,High,1,1,0,0,0,0,0,0,1,paws fury,0.0,,,0.0,0,0,0,0,0,0,12,0,0,0,1
False,/xQyGkQ8ICa4lgifGr3oZjkm3AJ2.jpg,[18],804095,en,The Fabelmans,"Growing up in post-World War II era Arizona, young Sammy Fabelman aspires to become a filmmaker as he reaches adolescence, but soon discovers a shattering family secret and explores how the power of films can help him see the truth.",5.176,/h7llKkqkkJtJrTOaDLuVeUYDQ7I.jpg,2022-11-11,The Fabelmans,False,7.6,2612,"[{'iso_3166_1': 'US', 'name': 'United States of America'}]",2022,[18],The Fabelmans,17348945.0,4154.0,Universal Pictures,17348945.0,17348945.0,Drama,['US'],1,0,0,1,0,0,1,0,0,0,0,0,1,1,1,0,0,0,0,0,0,0,0,0,0,0,0,0,0,0,0,0,0,0,0,Drama,1,11,November,Fall,0,1,1,1,Veterans Day,0.0,0,0,0,0,1,1,453829060,0,Medium,1,1,0,0,0,0,0,0,0,fabelmans,,,,,0,0,0,0,0,0,12,0,0,0,1
False,/5fxTB08O7CW1hAcN2MWOKodp1h1.jpg,"[18, 35]",615777,en,Babylon,"A tale of outsized ambition and outrageous excess, tracing the rise and fall of multiple characters in an era of unbridled decadence and depravity during Hollywood's transition from silent films to sound films in the late 1920s.",8.6924,/wjOHjWCUE0YzDiEzKv8AfqHj3ir.jpg,2022-12-23,Babylon,False,7.366,3568,"[{'iso_3166_1': 'US', 'name': 'United States of America'}]",2022,"[18, 35]",Babylon,15658225.0,4374.0,Paramount Pictures,15658225.0,15658225.0,"Drama,Comedy",['US'],1,0,0,1,0,0,0,0,1,0,0,0,1,1,1,1,0,0,0,0,0,0,0,0,0,0,0,0,0,0,0,0,0,0,0,Drama,2,12,December,Winter,0,1,1,1,Christmas,2.0,1,0,0,0,1,4,688459501,2,High,1,1,0,0,0,0,0,0,0,babylon,,,,,0,0,0,0,0,0,12,0,0,0,1
False,/k1X6LX4JOlvxOrpJuLrYZfFiWVs.jpg,"[9648, 35, 18]",664469,en,Amsterdam,"In the 1930s, three friends—a doctor, a nurse, and an attorney—witness a murder, become suspects themselves and uncover one of the most outrageous plots in American history.",3.2408,/6sJcVzGCwrDCBMV0DU6eRzA2UxM.jpg,2022-09-27,Amsterdam,False,6.061,1731,"[{'iso_3166_1': 'US', 'name': 'United States of America'}]",2022,"[9648, 35, 18]",Amsterdam,14947969.0,4480.0,20th Century Studios,14947969.0,14947969.0,"Mystery,Comedy,Drama",['US'],1,0,0,1,0,0,0,0,0,1,0,0,1,1,1,1,0,0,0,0,0,0,0,0,0,0,1,0,0,0,0,0,0,0,0,Mystery,3,9,September,Fall,0,0,0,0,,,0,0,0,0,1,2,105935048,3,Medium,0,1,0,0,0,0,0,0,0,amsterdam,,,,,0,0,0,0,0,0,12,0,0,0,1
False,/oSNqhngemquRBzxKSC3ysAmnC5e.jpg,"[28, 12, 53]",522016,en,The 355,"A group of top female agents from American, British, Chinese, Colombian, and German government agencies are drawn together to try and stop an organization from acquiring a deadly weapon to send the world into chaos.",9.1343,/xef9Ht77B2igqZv754HNdW8qZCk.jpg,2022-01-07,The 355,False,6.035,1088,"[{'iso_3166_1': 'US', 'name': 'United States of America'}, {'iso_3166_1': 'FR', 'name': 'France'}, {'iso_3166_1': 'HK', 'name': 'Hong Kong'}, {'iso_3166_1': 'MA', 'name': 'Morocco'}, {'iso_3166_1': 'TW', 'name': 'Taiwan'}]",2022,"[28, 12, 53]",The 355,14570455.0,4536.0,Universal Pictures,14570455.0,14570455.0,"Action,Adventure,Thriller","['FR', 'HK', 'TW', 'US', 'MA']",1,0,0,1,0,0,1,0,0,0,0,0,1,1,0,0,1,1,1,0,0,0,0,0,0,0,0,0,0,0,0,1,0,0,0,Action,3,1,January,Winter,0,0,0,1,New Year's Day,6.0,1,0,0,0,1,1,81641405,7,Medium,0,1,0,0,0,0,0,0,0,355,,,,,0,0,0,0,0,0,12,0,0,0,1
False,/AkMP3PyFoZr0BmARXuqH4NNHOUO.jpg,[35],824281,en,Easter Sunday,"Comedian and actor Joe Valencia returns home for an Easter celebration with his riotous, bickering, eating, drinking, laughing, loving family, in this love letter to the Filipino-American community.",2.7365,/u7HNcXZDsf2fhWdgQhLZnSBnc1g.jpg,2022-08-05,Easter Sunday,False,5.7,44,"[{'iso_3166_1': 'IN', 'name': 'India'}, {'iso_3166_1': 'US', 'name': 'United States of America'}]",2022,[35],Easter Sunday,13013690.0,4769.0,Universal Pictures,13013690.0,13013690.0,Comedy,"['US', 'IN']",1,0,0,1,0,0,1,0,0,0,0,0,1,1,0,1,0,0,0,0,0,0,0,0,0,0,0,0,0,0,0,0,0,0,0,Comedy,1,8,August,Summer,1,0,0,0,,,0,0,0,0,1,4,123277080,0,High,0,1,0,0,0,0,0,0,0,easter sunday,,,,,0,0,0,0,0,0,12,0,0,0,1
False,/bIFrsAcqkLUUxaaiqqpFexYPeCh.jpg,"[27, 878, 53]",532710,en,Firestarter,"For more than a decade, parents Andy and Vicky have been on the run, desperate to hide their daughter Charlie from a shadowy federal agency that wants to harness her unprecedented gift for creating fire into a weapon of mass destruction. Andy has taught Charlie how to defuse her power, which is triggered by anger or pain. But as Charlie turns 11, the fire becomes harder and harder to control. After an incident reveals the family's location, a mysterious operative is deployed to hunt down the family and seize Charlie once and for all. Charlie has other plans.",2.7664,/jjBdPcQ0bplBnv2XgElKLoeFDuM.jpg,2022-05-13,Firestarter,False,5.476,780,"[{'iso_3166_1': 'US', 'name': 'United States of America'}]",2022,"[27, 878, 53]",Firestarter,9739250.0,5309.0,Universal Pictures,9739250.0,9739250.0,"Horror,Science Fiction,Thriller",['US'],1,0,0,1,0,0,1,0,0,0,0,0,1,1,0,0,0,1,0,0,1,1,0,0,0,0,0,0,0,0,0,0,0,0,0,Horror,3,5,May,Spring,1,0,0,0,,,0,0,0,0,1,2,718732821,7,Medium,1,1,0,0,0,0,0,0,0,firestarter,,,,,0,0,0,0,0,0,12,0,0,0,1
False,/lD8dFIk9wDEvOwZw0RB47e346io.jpg,"[10749, 18, 37]",698508,en,Redeeming Love,"A young couple's relationship clashes with the harsh realities of the California Gold Rush of 1850. Angel, experiencing love for the first time and facing demons unsurmountable, runs from the new life she doesn't believe she deserves. When Michael sets out to find her, Angel discovers that she indeed has the power to choose the life she wants.",7.6699,/pDc2HxQtC0MlKD4QfRvmKREEyhc.jpg,2022-01-21,Redeeming Love,False,7.846,674,"[{'iso_3166_1': 'ZA', 'name': 'South Africa'}, {'iso_3166_1': 'US', 'name': 'United States of America'}]",2022,"[10749, 18, 37]",Redeeming Love,9214020.0,5387.0,Universal Pictures,9214020.0,9214020.0,"Romance,Drama,Western","['US', 'ZA']",1,0,0,1,0,0,1,0,0,0,0,0,1,1,1,0,0,0,0,1,0,0,0,0,0,0,0,0,0,0,1,0,0,0,0,Romance,3,1,January,Winter,0,0,0,1,Martin Luther King Jr. Day,6.0,0,0,0,0,1,1,81641405,7,Medium,0,1,0,0,0,0,0,0,0,redeeming love,,,,,0,0,0,0,0,0,12,0,0,0,1
False,/xFKjWcxEumvwEhovqTDzoDCmD45.jpg,"[18, 36]",854239,en,Till,"The true story of Mamie Till Mobley’s relentless pursuit of justice for her 14 year old son, Emmett Till, who, in 1955, was lynched while visiting his cousins in Mississippi.",5.239,/cmDs0CYlgioyP2AQQTTmavt3uoO.jpg,2022-10-14,Till,False,7.293,316,"[{'iso_3166_1': 'GB', 'name': 'United Kingdom'}, {'iso_3166_1': 'US', 'name': 'United States of America'}]",2022,"[18, 36]",Till,9000202.0,5429.0,United Artists Releasing,9000202.0,9000202.0,"Drama,History","['GB', 'US']",1,1,0,1,0,0,0,0,0,0,1,0,1,1,1,0,0,0,0,0,0,0,0,0,0,0,0,1,0,0,0,0,0,0,0,Drama,2,10,October,Fall,0,0,1,1,Columbus Day,4.0,0,0,0,0,1,4,168152111,0,High,0,1,0,0,0,0,0,0,0,till,,,,,0,0,0,0,0,0,12,0,0,0,1
False,/90IcDDC47Rck4D2fyZbpZ1rbFZW.jpg,"[18, 14, 10749]",556694,en,Three Thousand Years of Longing,"A solitary scholar discovers an ancient bottle while on a trip to Istanbul and unleashes a djinn who offers her three wishes. Filled with reluctance, she is unable to come up with one, so the djinn tries to inspire her with his stories.",6.0809,/nS7DNl4A7XnDncZX70UJ8ALAihF.jpg,2022-08-31,Three Thousand Years of Longing,False,6.884,1582,"[{'iso_3166_1': 'AU', 'name': 'Australia'}, {'iso_3166_1': 'CN', 'name': 'China'}, {'iso_3166_1': 'GB', 'name': 'United Kingdom'}]",2022,"[18, 14, 10749]",Three Thousand Years of Longing,8286741.0,5547.0,United Artists Releasing,8286741.0,8286741.0,"Drama,Fantasy,Romance","['GB', 'CN', 'AU']",0,1,0,1,0,0,0,0,0,0,1,0,1,1,1,0,0,0,0,1,0,0,0,0,1,0,0,0,0,0,0,0,0,0,0,Drama,3,8,August,Summer,1,0,0,1,Labor Day,1.0,0,0,0,1,0,0,0,,Low,0,0,0,0,0,0,0,0,0,three thousand,,,,,0,0,0,0,0,0,12,0,0,0,1
False,/8sPxa4sdRvjgRG3GgkO8RQxUR9P.jpg,"[27, 10749, 18]",791177,en,Bones and All,"Abandoned by her father, a young woman embarks on a thousand-mile odyssey through the backroads of America where she meets a disenfranchised drifter. But despite their best efforts, all roads lead back to their terrifying pasts and to a final stand that will determine whether their love can survive their otherness.",5.636,/dBQuk2LkHjrDsSjueirPQg96GCc.jpg,2022-11-18,Bones and All,False,7.0,1537,"[{'iso_3166_1': 'IT', 'name': 'Italy'}, {'iso_3166_1': 'US', 'name': 'United States of America'}]",2022,"[27, 10749, 18]",Bones and All,7834907.0,5639.0,United Artists Releasing,7834907.0,7834907.0,"Horror,Romance,Drama","['IT', 'US']",1,0,0,1,0,0,0,0,0,0,1,0,1,1,1,0,0,0,0,1,0,1,0,0,0,0,0,0,0,0,0,0,0,0,0,Horror,3,11,November,Fall,0,1,1,1,Veterans Day,7.0,0,0,0,0,1,2,453829060,7,Medium,1,1,0,0,0,0,0,0,0,bones all,,,,,0,0,0,0,0,0,12,0,0,0,1
False,/1DBDwevWS8OhiT3wqqlW7KGPd6m.jpg,[53],985939,en,Fall,"For best friends Becky and Hunter, life is all about conquering fears and pushing limits. But after they climb 2,000 feet to the top of a remote, abandoned radio tower, they find themselves stranded with no way down. Now Becky and Hunter’s expert climbing skills will be put to the ultimate test as they desperately fight to survive the elements, a lack of supplies, and vertigo-inducing heights",8.8753,/spCAxD99U1A6jsiePFoqdEcY0dG.jpg,2022-08-12,Fall,False,7.118,4346,"[{'iso_3166_1': 'US', 'name': 'United States of America'}, {'iso_3166_1': 'GB', 'name': 'United Kingdom'}]",2022,[53],Fall,7240521.0,5772.0,Lionsgate,7240521.0,7240521.0,Thriller,"['GB', 'US']",1,1,0,1,0,0,0,0,0,0,0,1,1,1,0,0,0,1,0,0,0,0,0,0,0,0,0,0,0,0,0,0,0,0,0,Thriller,1,8,August,Summer,1,0,0,0,,,0,0,0,0,1,3,103368602,7,High,0,1,0,0,0,0,0,0,0,fall,,,,,0,0,0,0,0,0,12,0,0,0,1
False,/e77LAFvZq5KteWsKxuc5nP9B6OD.jpg,"[27, 53]",760161,en,Orphan: First Kill,"After escaping from an Estonian psychiatric facility, Leena Klammer travels to America by impersonating Esther, the missing daughter of a wealthy family. But when her mask starts to slip, she is put against a mother who will protect her family from the murderous “child” at any cost.",3.154,/pHkKbIRoCe7zIFvqan9LFSaQAde.jpg,2022-08-19,Orphan: First Kill,False,6.613,2245,"[{'iso_3166_1': 'CA', 'name': 'Canada'}, {'iso_3166_1': 'US', 'name': 'United States of America'}]",2022,"[27, 53]",Orphan: First Kill,5413227.0,6268.0,Paramount Pictures,5413227.0,5413227.0,"Horror,Thriller","['CA', 'US']",1,0,1,1,0,0,0,0,1,0,0,0,1,1,0,0,0,1,0,0,0,1,0,0,0,0,0,0,0,0,0,0,0,0,0,Horror,2,8,August,Summer,1,0,0,0,,,0,0,0,0,1,1,103368602,14,Medium,0,0,0,0,0,0,0,0,1,orphan,0.0,,,0.0,0,0,0,0,0,0,12,0,0,0,1
False,/lKvMfb4A7AHy4UzIWzFR8vJbaeb.jpg,"[10751, 12, 18]",780382,en,Le Loup et le Lion,"After her grandfather's death, 20-year-old Alma decides to go back to her childhood home - a little island in the heart of the majestic Canadian forest. Whilst there, she rescues two helpless cubs: a wolf and a lion. They forge an inseparable bond, but their world soon collapses as the forest ranger discovers the animals and takes them away. The two cub brothers must now embark on a treacherous journey across Canada to be reunited with one another and Alma once more.",3.8151,/x3JsrunysUwsIV9XS7hQtZG4knm.jpg,2022-02-04,The Wolf and the Lion,False,7.484,493,"[{'iso_3166_1': 'CA', 'name': 'Canada'}, {'iso_3166_1': 'FR', 'name': 'France'}]",2022,"[10751, 12, 18]",The Wolf and the Lion,2072173.0,7741.0,Blue Fox Entertainment,2072173.0,2072173.0,"Family,Adventure,Drama","['CA', 'FR']",0,0,1,1,0,0,0,0,0,1,0,0,1,1,1,0,0,0,1,0,0,0,0,1,0,0,0,0,0,0,0,0,0,0,0,Family,3,2,February,Winter,0,0,0,0,,,0,0,0,0,1,2,148648820,14,Medium,0,0,0,0,0,0,0,0,0,wolf lion,,,,,0,0,0,0,0,0,12,0,0,0,1
False,/wddNG1To5jUwmX8gwcGjZSpckwg.jpg,"[35, 18, 36]",645689,en,The Duke,"In 1961, a 60-year-old taxi driver stole Goya’s portrait of the Duke of Wellington from the National Gallery in London.  It was the first (and remains the only) theft in the Gallery’s history.  What happened next became the stuff of legend.",5.321,/zXlj7NgSWg0NbK2zfUh0nbGZVuz.jpg,2022-03-25,The Duke,False,6.97,351,"[{'iso_3166_1': 'FR', 'name': 'France'}, {'iso_3166_1': 'GB', 'name': 'United Kingdom'}]",2022,"[35, 18, 36]",The Duke,1526970.0,8210.0,Sony Pictures Classics,1526970.0,1526970.0,"Comedy,Drama,History","['GB', 'FR']",0,1,0,1,0,0,0,1,0,0,0,0,1,1,1,1,0,0,0,0,0,0,0,0,0,0,0,1,0,0,0,0,0,0,0,Comedy,3,3,March,Spring,0,0,0,0,,,0,0,0,0,1,4,190872904,0,High,0,1,0,0,0,0,0,0,0,duke,,,,,0,0,0,0,0,0,12,0,0,0,1
False,/zUioX7v6GBZm2TKySkpxitQuPtx.jpg,"[80, 18, 36]",664332,hi,गंगूबाई काठियावाड़ी,"Duped and sold to a brothel, a young woman fearlessly reclaims her power, using underworld connections to preside over the world she was once a pawn in.",4.1282,/wHPEKlzg7CaJFCjWlMdZKpCRIDl.jpg,2022-02-24,Gangubai Kathiawadi,False,7.449,177,"[{'iso_3166_1': 'IN', 'name': 'India'}]",2022,"[80, 18, 36]",Gangubai Kathiawadi,592000.0,9809.0,Paramount Pictures International,592000.0,592000.0,"Crime,Drama,History",['IN'],0,0,0,0,0,0,0,0,1,0,0,0,1,0,1,0,0,0,0,0,0,0,1,0,0,0,0,1,0,0,0,0,0,0,0,Crime,3,2,February,Winter,0,0,0,1,Presidents Day,9.0,0,0,0,0,1,3,369345583,6,High,1,1,0,0,0,0,0,0,0,gangubai kathiawadi,,,,,0,0,0,0,0,0,12,0,0,0,1
False,/ctMserH8g2SeOAnCw5gFjdQF8mo.jpg,"[35, 12]",346698,en,Barbie,"Barbie and Ken are having the time of their lives in the colorful and seemingly perfect world of Barbie Land. However, when they get a chance to go to the real world, they soon discover the joys and perils of living among humans.",24.9392,/iuFNMS8U5cb6xfzi51Dbkovj7vM.jpg,2023-07-21,Barbie,False,6.94,10560,"[{'iso_3166_1': 'GB', 'name': 'United Kingdom'}, {'iso_3166_1': 'US', 'name': 'United States of America'}]",2023,"[35, 12]",Barbie,636238421.0,13.0,Warner Bros.,636238421.0,636238421.0,"Comedy,Adventure","['GB', 'US']",1,1,0,1,0,1,0,0,0,0,0,0,1,1,0,1,0,0,1,0,0,0,0,0,0,0,0,0,0,0,0,0,0,0,0,Comedy,2,7,July,Summer,1,0,0,0,,,0,0,0,0,1,6,330078895,0,High,1,1,0,0,0,0,0,0,0,barbie,,,,,0,1,0,0,1,1,13,0,0,0,1
False,/9n2tJBplPbgR2ca05hS5CKXwP2c.jpg,"[10751, 35, 12, 16, 14]",502356,en,The Super Mario Bros. Movie,"While working underground to fix a water main, Brooklyn plumbers—and brothers—Mario and Luigi are transported down a mysterious pipe and wander into a magical new world. But when the brothers are separated, Mario embarks on an epic quest to find Luigi.",20.862,/qNBAXBIQlnOThrVvA6mA2B5ggV6.jpg,2023-04-05,The Super Mario Bros. Movie,False,7.6,10140,"[{'iso_3166_1': 'JP', 'name': 'Japan'}, {'iso_3166_1': 'US', 'name': 'United States of America'}]",2023,"[10751, 35, 12, 16, 14]",The Super Mario Bros. Movie,574934330.0,17.0,Universal Pictures,574934330.0,574934330.0,"Family,Comedy,Adventure,Animation,Fantasy","['US', 'JP']",1,0,0,1,0,0,1,0,0,0,0,0,1,1,0,1,0,0,1,0,0,0,0,1,1,1,0,0,0,0,0,0,0,0,1,Family,5,4,April,Spring,0,0,0,0,,,0,0,0,0,1,3,187131806,0,High,0,1,0,0,0,0,0,0,0,super mario,,,,,0,1,0,0,1,1,13,0,0,0,1
False,/9xfDWXAUbFXQK585JvByT5pEAhe.jpg,"[16, 28, 12, 878]",569094,en,Spider-Man: Across the Spider-Verse,"After reuniting with Gwen Stacy, Brooklyn’s full-time, friendly neighborhood Spider-Man is catapulted across the Multiverse, where he encounters the Spider Society, a team of Spider-People charged with protecting the Multiverse's very existence. But when the heroes clash on how to handle a new threat, Miles finds himself pitted against the other Spiders and must set out on his own to save those he loves most.",29.4768,/8Vt6mWEReuy4Of61Lnj5Xj704m8.jpg,2023-06-02,Spider-Man: Across the Spider-Verse,False,8.337,8105,"[{'iso_3166_1': 'US', 'name': 'United States of America'}]",2023,"[16, 28, 12, 878]",Spider-Man: Across the Spider-Verse,381593754.0,57.0,Columbia Pictures,381593754.0,381593754.0,"Animation,Action,Adventure,Science Fiction",['US'],1,0,0,1,0,0,0,1,0,0,0,0,1,1,0,0,1,0,1,0,1,0,0,0,0,1,0,0,0,0,0,1,1,0,0,Animation,4,6,June,Summer,1,0,0,1,Memorial Day,8.0,0,0,0,1,1,6,298172056,7,High,1,1,0,0,0,0,0,0,1,spider,1731344672.0,814866759.0,432836168.0,4.0,0,0,1,0,0,1,13,0,0,0,1
False,/5YZbUmjbMa3ClvSW1Wj3D6XGolb.jpg,"[878, 12, 28]",447365,en,Guardians of the Galaxy Vol. 3,"Peter Quill, still reeling from the loss of Gamora, must rally his team around him to defend the universe along with protecting one of their own. A mission that, if not completed successfully, could quite possibly lead to the end of the Guardians as we know them.",15.0447,/r2J02Z2OpNTctfOSN1Ydgii51I3.jpg,2023-05-05,Guardians of the Galaxy Vol. 3,False,7.931,7845,"[{'iso_3166_1': 'US', 'name': 'United States of America'}]",2023,"[878, 12, 28]",Guardians of the Galaxy Vol. 3,358995815.0,70.0,Walt Disney Studios Motion Pictures,358995815.0,358995815.0,"Science Fiction,Adventure,Action",['US'],1,0,0,1,1,0,0,0,0,0,0,0,1,1,0,0,1,0,1,0,1,0,0,0,0,0,0,0,0,0,0,1,1,0,0,Science Fiction,3,5,May,Spring,1,0,0,0,,,0,0,0,0,1,2,146126015,14,Medium,0,0,1,0,0,0,0,0,1,guardians galaxy,723531701.0,389813101.0,361765850.5,2.0,0,0,1,0,0,1,13,0,0,0,1
False,/ycnO0cjsAROSGJKuMODgRtWsHQw.jpg,"[18, 36]",872585,en,Oppenheimer,The story of J. Robert Oppenheimer's role in the development of the atomic bomb during World War II.,23.8279,/8Gxv8gSFCU0XGDykEGv7zR1n2ua.jpg,2023-07-21,Oppenheimer,False,8.041,11083,"[{'iso_3166_1': 'GB', 'name': 'United Kingdom'}, {'iso_3166_1': 'US', 'name': 'United States of America'}]",2023,"[18, 36]",Oppenheimer,330078895.0,91.0,Universal Pictures,330078895.0,330078895.0,"Drama,History","['GB', 'US']",1,1,0,1,0,0,1,0,0,0,0,0,1,1,1,0,0,0,0,0,0,0,0,0,0,0,0,1,0,0,0,0,0,0,0,Drama,2,7,July,Summer,1,0,0,0,,,0,0,0,0,1,6,636238421,0,High,1,1,0,0,0,0,0,0,0,oppenheimer,,,,,0,0,0,0,0,0,13,0,0,0,1
False,/lAs4Y5a8Pi86xDwuv8cx2prOVI2.jpg,"[12, 10751, 14, 10749]",447277,en,The Little Mermaid,"The youngest of King Triton’s daughters, and the most defiant, Ariel longs to find out more about the world beyond the sea, and while visiting the surface, falls for the dashing Prince Eric. With mermaids forbidden to interact with humans, Ariel makes a deal with the evil sea witch, Ursula, which gives her a chance to experience life on land, but ultimately places her life – and her father’s crown – in jeopardy.",9.5919,/ym1dxyOk4jFcSl4Q2zmRrA5BEEN.jpg,2023-05-26,The Little Mermaid,False,6.288,3205,"[{'iso_3166_1': 'US', 'name': 'United States of America'}]",2023,"[12, 10751, 14, 10749]",The Little Mermaid,298172056.0,115.0,Walt Disney Studios Motion Pictures,298172056.0,298172056.0,"Adventure,Family,Fantasy,Romance",['US'],1,0,0,1,1,0,0,0,0,0,0,0,1,1,0,0,0,0,1,1,0,0,0,1,1,0,0,0,0,0,0,0,0,0,0,Adventure,4,5,May,Spring,1,0,0,1,Memorial Day,1.0,0,0,0,1,1,4,381593754,2,High,1,1,0,0,0,0,0,0,0,little mermaid,,,,,1,0,0,0,1,1,13,0,0,0,1
False,/uIk2g2bRkNwNywKZIhC5oIU94Kh.jpg,"[35, 10751, 14]",787699,en,Wonka,"Willy Wonka – chock-full of ideas and determined to change the world one delectable bite at a time – is proof that the best things in life begin with a dream, and if you’re lucky enough to meet Willy Wonka, anything is possible.",11.7099,/qhb1qOilapbapxWQn9jtRCMwXJF.jpg,2023-12-15,Wonka,False,7.049,4155,"[{'iso_3166_1': 'GB', 'name': 'United Kingdom'}, {'iso_3166_1': 'US', 'name': 'United States of America'}]",2023,"[35, 10751, 14]",Wonka,218402312.0,210.0,Warner Bros.,218402312.0,218402312.0,"Comedy,Family,Fantasy","['GB', 'US']",1,1,0,1,0,1,0,0,0,0,0,0,1,1,0,1,0,0,0,0,0,0,0,1,1,0,0,0,0,0,0,0,0,0,0,Comedy,3,12,December,Winter,0,1,1,1,Christmas,10.0,1,0,0,0,1,5,127630880,7,High,0,1,0,0,0,0,0,0,0,wonka,,,,,0,0,0,0,0,0,13,0,0,0,1
False,/m8JTwHFwX7I7JY5fPe4SjqejWag.jpg,"[28, 12, 878]",640146,en,Ant-Man and the Wasp: Quantumania,"Super-Hero partners Scott Lang and Hope van Dyne, along with with Hope's parents Janet van Dyne and Hank Pym, and Scott's daughter Cassie Lang, find themselves exploring the Quantum Realm, interacting with strange new creatures and embarking on an adventure that will push them beyond the limits of what they thought possible.",8.0061,/qnqGbB22YJ7dSs4o6M7exTpNxPz.jpg,2023-02-17,Ant-Man and the Wasp: Quantumania,False,6.248,5556,"[{'iso_3166_1': 'US', 'name': 'United States of America'}]",2023,"[28, 12, 878]",Ant-Man and the Wasp: Quantumania,214504909.0,225.0,Walt Disney Studios Motion Pictures,214504909.0,214504909.0,"Action,Adventure,Science Fiction",['US'],1,0,0,1,1,0,0,0,0,0,0,0,1,1,0,0,1,0,1,0,1,0,0,0,0,0,0,0,0,0,0,1,1,0,0,Action,3,2,February,Winter,0,0,0,1,Presidents Day,2.0,0,0,0,0,1,2,156248615,7,Medium,0,1,1,0,0,0,0,0,1,ant,396850903.0,216648740.0,198425451.5,2.0,0,0,1,0,0,1,13,0,0,0,1
False,/7I6VUdPj6tQECNHdviJkUHD2u89.jpg,"[28, 53, 80]",603692,en,John Wick: Chapter 4,"With the price on his head ever increasing, John Wick uncovers a path to defeating The High Table. But before he can earn his freedom, Wick must face off against a new enemy with powerful alliances across the globe and forces that turn old friends into foes.",17.3773,/vZloFAK7NmvMGKE7VkF5UHaz0I.jpg,2023-03-24,John Wick: Chapter 4,False,7.716,7541,"[{'iso_3166_1': 'DE', 'name': 'Germany'}, {'iso_3166_1': 'US', 'name': 'United States of America'}]",2023,"[28, 53, 80]",John Wick: Chapter 4,187131806.0,287.0,Lionsgate,187131806.0,187131806.0,"Action,Thriller,Crime","['US', 'DE']",1,0,0,1,0,0,0,0,0,0,0,1,1,1,0,0,1,1,0,0,0,0,1,0,0,0,0,0,0,0,0,0,0,0,0,Action,3,3,March,Spring,0,0,0,0,,,0,0,0,0,1,5,574934330,7,High,1,1,0,0,0,0,0,0,1,john wick,306082706.0,171015687.0,102027568.66666667,3.0,0,0,0,0,0,0,13,0,0,0,1
False,/57JocxmicOoAMhkUSmdKBlpZWMT.jpg,"[12, 28]",335977,en,Indiana Jones and the Dial of Destiny,"Finding himself in a new era, and approaching retirement, Indy wrestles with fitting into a world that seems to have outgrown him. But as the tentacles of an all-too-familiar evil return in the form of an old rival, Indy must don his hat and pick up his whip once more to make sure an ancient and powerful artifact doesn't fall into the wrong hands.",9.0126,/Af4bXE63pVsb2FtbW8uYIyPBadD.jpg,2023-06-30,Indiana Jones and the Dial of Destiny,False,6.524,3902,"[{'iso_3166_1': 'US', 'name': 'United States of America'}]",2023,"[12, 28]",Indiana Jones and the Dial of Destiny,174480468.0,338.0,Walt Disney Studios Motion Pictures,174480468.0,174480468.0,"Adventure,Action",['US'],1,0,0,1,1,0,0,0,0,0,0,0,1,1,0,0,1,0,1,0,0,0,0,0,0,0,0,0,0,0,0,1,0,0,0,Adventure,2,6,June,Summer,1,0,0,1,Independence Day,4.0,0,0,1,0,1,6,184178046,4,High,0,1,0,0,0,0,0,1,1,indiana jones,0.0,,,0.0,0,0,0,0,0,1,13,0,0,0,1
False,/628Dep6AxEtDxjZoGP78TsOxYbK.jpg,"[28, 53, 12]",575264,en,Mission: Impossible - Dead Reckoning Part One,"Ethan Hunt and his IMF team embark on their most dangerous mission yet: To track down a terrifying new weapon that threatens all of humanity before it falls into the wrong hands. With control of the future and the world's fate at stake and dark forces from Ethan's past closing in, a deadly race around the globe begins. Confronted by a mysterious, all-powerful enemy, Ethan must consider that nothing can matter more than his mission—not even the lives of those he cares about most.",15.7077,/NNxYkU70HPurnNCSiCjYAmacwm.jpg,2023-07-10,Mission: Impossible - Dead Reckoning Part One,False,7.514,4782,"[{'iso_3166_1': 'US', 'name': 'United States of America'}]",2023,"[28, 53, 12]",Mission: Impossible - Dead Reckoning Part One,172640980.0,346.0,Paramount Pictures,172640980.0,172640980.0,"Action,Thriller,Adventure",['US'],1,0,0,1,0,0,0,0,1,0,0,0,1,1,0,0,1,1,1,0,0,0,0,0,0,0,0,0,0,0,0,1,0,0,0,Action,3,7,July,Summer,1,0,0,1,Independence Day,6.0,0,0,1,0,1,5,636238421,3,High,1,1,0,0,0,0,0,0,1,mission,624599384.0,220159104.0,208199794.66666666,3.0,0,0,0,0,0,0,13,0,0,0,1
False,/8GnWDLn2AhnmkQ7hlQ9NJUYobSS.jpg,"[878, 28]",695721,en,The Hunger Games: The Ballad of Songbirds & Snakes,"64 years before he becomes the tyrannical president of Panem, Coriolanus Snow sees a chance for a change in fortunes when he mentors Lucy Gray Baird, the female tribute from District 12.",8.334,/lrkOYL5GBTFW9cgs9RlojxAcZZF.jpg,2023-11-17,The Hunger Games: The Ballad of Songbirds & Snakes,False,6.999,3301,"[{'iso_3166_1': 'DE', 'name': 'Germany'}, {'iso_3166_1': 'US', 'name': 'United States of America'}]",2023,"[878, 28]",The Hunger Games: The Ballad of Songbirds and Snakes,166350594.0,370.0,Lionsgate,166350594.0,166350594.0,"Science Fiction,Action","['US', 'DE']",1,0,0,1,0,0,0,0,0,0,0,1,1,1,0,0,1,0,0,0,1,0,0,0,0,0,0,0,0,0,0,0,1,0,0,Science Fiction,2,11,November,Fall,0,1,1,1,Veterans Day,6.0,0,0,0,0,1,5,103270155,0,High,0,1,0,0,0,0,0,0,1,hunger games,1451538526.0,281723902.0,362884631.5,4.0,0,1,0,0,1,1,13,0,0,0,1
False,/2vFuG6bWGyQUzYS9d69E5l85nIz.jpg,"[878, 12, 28]",667538,en,Transformers: Rise of the Beasts,"When a new threat capable of destroying the entire planet emerges, Optimus Prime and the Autobots must team up with a powerful faction known as the Maximals. With the fate of humanity hanging in the balance, humans Noah and Elena will do whatever it takes to help the Transformers as they engage in the ultimate battle to save Earth.",13.343,/gPbM0MK8CP8A174rmUwGsADNYKD.jpg,2023-06-09,Transformers: Rise of the Beasts,False,7.195,5106,"[{'iso_3166_1': 'US', 'name': 'United States of America'}]",2023,"[878, 12, 28]",Transformers: Rise of the Beasts,157341749.0,408.0,Paramount Pictures,157341749.0,157341749.0,"Science Fiction,Adventure,Action",['US'],1,0,0,1,0,0,0,0,1,0,0,0,1,1,0,0,1,0,1,0,1,0,0,0,0,0,0,0,0,0,0,1,1,0,0,Science Fiction,3,6,June,Summer,1,0,0,0,,,0,0,0,0,1,5,381593754,7,High,1,1,0,0,0,0,0,0,1,transformers,727998302.0,130168683.0,242666100.66666666,3.0,0,1,0,0,1,1,13,0,0,0,1
False,/ycO5QdrnVI90KaPhfnQI9OgRJlp.jpg,"[18, 28]",677179,en,Creed III,"After dominating the boxing world, Adonis Creed has thrived in his career and family life. When a childhood friend and former boxing prodigy, Damian Anderson, resurfaces after serving a long sentence in prison, he is eager to prove that he deserves his shot in the ring. The face-off between former friends is more than just a fight. To settle the score, Adonis must put his future on the line to battle Damian — a fighter with nothing to lose.",6.6141,/cvsXj3I9Q2iyyIo95AecSd1tad7.jpg,2023-03-03,Creed III,False,7.089,2762,"[{'iso_3166_1': 'US', 'name': 'United States of America'}]",2023,"[18, 28]",Creed III,156248615.0,414.0,United Artists Releasing,156248615.0,156248615.0,"Drama,Action",['US'],1,0,0,1,0,0,0,0,0,0,1,0,1,1,1,0,1,0,0,0,0,0,0,0,0,0,0,0,0,0,0,0,0,0,0,Drama,2,3,March,Spring,0,0,0,0,,,0,0,0,0,1,4,214504909,7,High,1,1,0,0,0,0,0,0,1,creed iii,0.0,,,0.0,0,0,0,0,0,0,13,0,0,0,1
False,/4fLZUr1e65hKPPVw0R3PmKFKxj1.jpg,"[10751, 14, 35, 10749, 16]",976573,en,Elemental,"In a city where fire, water, land and air residents live together, a fiery young woman and a go-with-the-flow guy will discover something elemental: how much they have in common.",14.6343,/4Y1WNkd88JXmGfhtWR7dmDAo1T2.jpg,2023-06-16,Elemental,False,7.59,5069,"[{'iso_3166_1': 'US', 'name': 'United States of America'}]",2023,"[10751, 14, 35, 10749, 16]",Elemental,154426697.0,424.0,Walt Disney Studios Motion Pictures,154426697.0,154426697.0,"Family,Fantasy,Comedy,Romance,Animation",['US'],1,0,0,1,1,0,0,0,0,0,0,0,1,1,0,1,0,0,0,1,0,0,0,1,1,1,0,0,0,0,0,0,0,1,1,Family,5,6,June,Summer,1,0,0,0,,,0,0,0,0,1,5,381593754,0,High,1,1,0,0,0,0,0,0,0,elemental,,,,,0,0,0,0,0,0,13,0,0,0,1
False,/4XM8DUTQb3lhLemJC51Jx4a2EuA.jpg,"[28, 80, 53]",385687,en,Fast X,"Over many missions and against impossible odds, Dom Toretto and his family have outsmarted, out-nerved and outdriven every foe in their path. Now, they confront the most lethal opponent they've ever faced: A terrifying threat emerging from the shadows of the past who's fueled by blood revenge, and who is determined to shatter this family and destroy everything—and everyone—that Dom loves, forever.",28.3853,/fiVW06jE7z9YnO4trhaMEdclSiC.jpg,2023-05-19,Fast X,False,7.01,6131,"[{'iso_3166_1': 'US', 'name': 'United States of America'}]",2023,"[28, 80, 53]",Fast X,146126015.0,462.0,Universal Pictures,146126015.0,146126015.0,"Action,Crime,Thriller",['US'],1,0,0,1,0,0,1,0,0,0,0,0,1,1,0,0,1,1,0,0,0,0,1,0,0,0,0,0,0,0,0,0,0,0,0,Action,3,5,May,Spring,1,0,0,1,Memorial Day,6.0,0,0,0,1,1,4,381593754,5,High,1,1,0,0,0,1,0,0,1,fast x,0.0,,,0.0,0,0,0,0,0,1,13,0,0,0,1
False,/7NRGAtu8E4343NSKwhkgmVRDINw.jpg,"[27, 53]",507089,en,Five Nights at Freddy's,"Recently fired and desperate for work, a troubled young man named Mike agrees to take a position as a night security guard at an abandoned theme restaurant: Freddy Fazbear's Pizzeria. But he soon discovers that nothing at Freddy's is what it seems.",44.1137,/4dKRTUylqwXQ4VJz0BS84fqW2wa.jpg,2023-10-27,Five Nights at Freddy's,False,7.37,4744,"[{'iso_3166_1': 'US', 'name': 'United States of America'}]",2023,"[27, 53]",Five Nights at Freddy's,137275620.0,517.0,Universal Pictures,137275620.0,137275620.0,"Horror,Thriller",['US'],1,0,0,1,0,0,1,0,0,0,0,0,1,1,0,0,0,1,0,0,0,1,0,0,0,0,0,0,0,0,0,0,0,0,0,Horror,2,10,October,Fall,0,0,1,0,,,0,0,0,0,1,2,84500223,7,Medium,0,1,0,0,0,0,0,0,0,five nights,,,,,0,0,0,0,0,0,13,0,0,0,1
False,/gklkxY0veMajdCiGe6ggsh07VG2.jpg,"[10751, 35, 12, 16]",940551,en,Migration,"After a migrating duck family alights on their pond with thrilling tales of far-flung places, the Mallard family embarks on a family road trip, from New England, to New York City, to tropical Jamaica.",14.605,/dpXxBDi0ut5svjh5fbAqLoaJSq8.jpg,2023-12-22,Migration,False,7.37,2147,"[{'iso_3166_1': 'US', 'name': 'United States of America'}]",2023,"[10751, 35, 12, 16]",Migration,127630880.0,577.0,Universal Pictures,127630880.0,127630880.0,"Family,Comedy,Adventure,Animation",['US'],1,0,0,1,0,0,1,0,0,0,0,0,1,1,0,1,0,0,1,0,0,0,0,1,0,1,0,0,0,0,0,0,0,0,1,Family,4,12,December,Winter,0,1,1,1,Christmas,3.0,1,0,0,0,1,4,218402312,0,High,1,1,0,0,0,0,0,0,0,migration,,,,,0,0,0,0,0,0,13,0,0,0,1
False,/7S0bXv3BqCuPfImKRf5kkmBVYZR.jpg,"[28, 12, 14]",572802,en,Aquaman and the Lost Kingdom,"Black Manta seeks revenge on Aquaman for his father's death. Wielding the Black Trident's power, he becomes a formidable foe. To defend Atlantis, Arthur (Aquaman) forges an alliance with his imprisoned brother. They must protect the kingdom.",9.8736,/7lTnXOy0iNtBAdRP3TZvaKJ77F6.jpg,2023-12-22,Aquaman and the Lost Kingdom,False,6.562,3307,"[{'iso_3166_1': 'US', 'name': 'United States of America'}]",2023,"[28, 12, 14]",Aquaman and the Lost Kingdom,124481226.0,611.0,Warner Bros.,124481226.0,124481226.0,"Action,Adventure,Fantasy",['US'],1,0,0,1,0,1,0,0,0,0,0,0,1,1,0,0,1,0,1,0,0,0,0,0,1,0,0,0,0,0,0,1,0,0,0,Action,3,12,December,Winter,0,1,1,1,Christmas,3.0,1,0,0,0,1,4,218402312,0,High,1,1,0,1,0,0,0,0,0,aquaman lost,,,,,0,0,1,0,0,1,13,0,0,0,1
False,/2Cpg8hUn60PK9CW9d5SWf605Ah8.jpg,"[16, 35, 28, 878]",614930,en,Teenage Mutant Ninja Turtles: Mutant Mayhem,"After years of being sheltered from the human world, the Turtle brothers set out to win the hearts of New Yorkers and be accepted as normal teenagers through heroic acts. Their new friend April O'Neil helps them take on a mysterious crime syndicate, but they soon get in over their heads when an army of mutants is unleashed upon them.",5.1136,/kbnhvFPyXKCKLNhg1pkz6rXQ4Le.jpg,2023-08-02,Teenage Mutant Ninja Turtles: Mutant Mayhem,False,7.208,1507,"[{'iso_3166_1': 'CA', 'name': 'Canada'}, {'iso_3166_1': 'FR', 'name': 'France'}, {'iso_3166_1': 'US', 'name': 'United States of America'}]",2023,"[16, 35, 28, 878]",Teenage Mutant Ninja Turtles: Mutant Mayhem,118700272.0,651.0,Paramount Pictures,118700272.0,118700272.0,"Animation,Comedy,Action,Science Fiction","['CA', 'FR', 'US']",1,0,1,1,0,0,0,0,1,0,0,0,1,1,0,1,1,0,0,0,1,0,0,0,0,1,0,0,0,0,0,0,1,0,0,Animation,4,8,August,Summer,1,0,0,0,,,0,0,0,0,1,4,636238421,2,High,1,1,0,0,0,0,0,0,1,teenage mutant,273256355.0,82051601.0,136628177.5,2.0,0,1,0,0,1,1,13,0,0,0,1
False,/44immBwzhDVyjn87b3x3l9mlhAD.jpg,"[27, 80, 53]",934433,en,Scream VI,"Following the latest Ghostface killings, the four survivors leave Woodsboro behind and start a fresh chapter.",8.2058,/wDWwtvkRRlgTiUr6TyLSMX8FCuZ.jpg,2023-03-10,Scream VI,False,6.972,2962,"[{'iso_3166_1': 'US', 'name': 'United States of America'}]",2023,"[27, 80, 53]",Scream VI,108391107.0,741.0,Paramount Pictures,108391107.0,108391107.0,"Horror,Crime,Thriller",['US'],1,0,0,1,0,0,0,0,1,0,0,0,1,1,0,0,0,1,0,0,0,1,1,0,0,0,0,0,0,0,0,0,0,0,0,Horror,3,3,March,Spring,0,0,0,0,,,0,0,0,0,1,4,187131806,7,High,0,1,0,0,0,0,0,1,1,scream vi,0.0,,,0.0,0,0,0,0,0,1,13,0,0,0,1
False,/yF1eOkaYvwiORauRCPWznV9xVvi.jpg,"[28, 878, 12]",298618,en,The Flash,"When his attempt to save his family inadvertently alters the future, Barry Allen becomes trapped in a reality in which General Zod has returned and there are no Super Heroes to turn to. In order to save the world that he is in and return to the future that he knows, Barry's only hope is to race for his life. But will making the ultimate sacrifice be enough to reset the universe?",11.8343,/rktDFPbfHfUbArZ6OOOKsXcv0Bm.jpg,2023-06-16,The Flash,False,6.621,4799,"[{'iso_3166_1': 'US', 'name': 'United States of America'}]",2023,"[28, 878, 12]",The Flash,108133313.0,746.0,Warner Bros.,108133313.0,108133313.0,"Action,Science Fiction,Adventure",['US'],1,0,0,1,0,1,0,0,0,0,0,0,1,1,0,0,1,0,1,0,1,0,0,0,0,0,0,0,0,0,0,1,1,0,0,Action,3,6,June,Summer,1,0,0,0,,,0,0,0,0,1,5,381593754,0,High,1,1,0,1,0,0,0,0,0,flash,,,,,0,0,1,0,0,1,13,0,0,0,1
False,/mDW6z7I6de6JbUgPOkAEZwKbg7G.jpg,"[16, 10751, 10402, 14, 35]",901362,en,Trolls Band Together,"When Branch's brother, Floyd, is kidnapped for his musical talents by a pair of nefarious pop-star villains, Branch and Poppy embark on a harrowing and emotional journey to reunite the other brothers and rescue Floyd from a fate even worse than pop-culture obscurity.",9.724,/bkpPTZUdq31UGDovmszsg2CchiI.jpg,2023-11-17,Trolls Band Together,False,7.3,946,"[{'iso_3166_1': 'US', 'name': 'United States of America'}]",2023,"[16, 10751, 10402, 14, 35]",Trolls Band Together,103270155.0,795.0,Universal Pictures,103270155.0,103270155.0,"Animation,Family,Music,Fantasy,Comedy",['US'],1,0,0,1,0,0,1,0,0,0,0,0,1,1,0,1,0,0,0,0,0,0,0,1,1,1,0,0,1,0,0,0,0,0,1,Animation,5,11,November,Fall,0,1,1,1,Veterans Day,6.0,0,0,0,0,1,5,166350594,0,High,0,1,0,0,0,0,0,0,0,trolls band,,,,,0,0,0,0,0,0,13,0,0,0,1
False,/qd4EKTuudkws9lW76Dn9C0tnuVA.jpg,"[878, 27]",536554,en,M3GAN,"A brilliant toy company roboticist uses artificial intelligence to develop M3GAN, a life-like doll programmed to emotionally bond with her newly orphaned niece. But when the doll's programming works too well, she becomes overprotective of her new friend with terrifying results.",7.241,/d9nBoowhjiiYc4FBNtQkPY7c11H.jpg,2023-01-06,M3GAN,False,7.047,4591,"[{'iso_3166_1': 'US', 'name': 'United States of America'}]",2023,"[878, 27]",M3GAN,95159005.0,900.0,Universal Pictures,95159005.0,95159005.0,"Science Fiction,Horror",['US'],1,0,0,1,0,0,1,0,0,0,0,0,1,1,0,0,0,0,0,0,1,1,0,0,0,0,0,0,0,0,0,0,0,0,0,Science Fiction,2,1,January,Winter,0,0,0,1,New Year's Day,5.0,1,0,0,0,1,1,64267657,7,Medium,0,1,0,0,0,0,0,0,0,m3gan,,,,,0,0,0,0,0,0,13,0,0,0,1
False,/AdBXP8e6K3FYdDrMx3Wr6WZqCYF.jpg,"[12, 14, 35]",493529,en,Dungeons & Dragons: Honor Among Thieves,"A charming thief and a band of unlikely adventurers undertake an epic heist to retrieve a lost relic, but things go dangerously awry when they run afoul of the wrong people.",10.7546,/v7UF7ypAqjsFZFdjksjQ7IUpXdn.jpg,2023-03-31,Dungeons & Dragons: Honor Among Thieves,False,7.3,4282,"[{'iso_3166_1': 'CA', 'name': 'Canada'}, {'iso_3166_1': 'US', 'name': 'United States of America'}]",2023,"[12, 14, 35]",Dungeons and Dragons: Honor Among Thieves,93549650.0,919.0,Paramount Pictures,93549650.0,93549650.0,"Adventure,Fantasy,Comedy","['CA', 'US']",1,0,1,1,0,0,0,0,1,0,0,0,1,1,0,1,0,0,1,0,0,0,0,0,1,0,0,0,0,0,0,0,0,0,0,Adventure,3,3,March,Spring,0,0,0,0,,,0,0,0,0,1,4,574934330,5,High,1,1,0,0,0,0,0,0,1,dungeons dragons,0.0,,,0.0,0,0,0,0,0,0,13,0,0,0,1
False,/tC78Pck2YCsUAtEdZwuHYUFYtOj.jpg,"[28, 53, 80]",926393,en,The Equalizer 3,"Robert McCall finds himself at home in Southern Italy but he discovers his friends are under the control of local crime bosses. As events turn deadly, McCall knows what he has to do: become his friends' protector by taking on the mafia.",11.7907,/b0Ej6fnXAP8fK75hlyi2jKqdhHz.jpg,2023-09-01,The Equalizer 3,False,7.29,3509,"[{'iso_3166_1': 'IT', 'name': 'Italy'}, {'iso_3166_1': 'US', 'name': 'United States of America'}]",2023,"[28, 53, 80]",The Equalizer 3,92373751.0,933.0,Columbia Pictures,92373751.0,92373751.0,"Action,Thriller,Crime","['IT', 'US']",1,0,0,1,0,0,0,1,0,0,0,0,1,1,0,0,1,1,0,0,0,0,1,0,0,0,0,0,0,0,0,0,0,0,0,Action,3,9,September,Fall,0,0,0,1,Labor Day,0.0,0,0,0,1,1,2,86267073,7,Medium,0,1,0,0,0,0,0,1,1,equalizer 3,0.0,,,0.0,0,0,0,0,0,1,13,0,0,0,1
False,/j9eOeLlTGoHoM8BNUJVNyWmIvCi.jpg,"[10749, 35]",1072790,en,Anyone But You,"After an amazing first date, Bea and Ben’s fiery attraction turns ice cold — until they find themselves unexpectedly reunited at a destination wedding in Australia. So they do what any two mature adults would do: pretend to be a couple.",10.9736,/5qHoazZiaLe7oFBok7XlUhg96f2.jpg,2023-12-22,Anyone But You,False,6.828,2826,"[{'iso_3166_1': 'US', 'name': 'United States of America'}]",2023,"[10749, 35]",Anyone But You,88319668.0,986.0,Columbia Pictures,88319668.0,88319668.0,"Romance,Comedy",['US'],1,0,0,1,0,0,0,1,0,0,0,0,1,1,0,1,0,0,0,1,0,0,0,0,0,0,0,0,0,0,0,0,0,1,0,Romance,2,12,December,Winter,0,1,1,1,Christmas,3.0,1,0,0,0,1,4,218402312,0,High,1,1,0,0,0,0,0,0,0,anyone but,,,,,0,0,0,0,0,0,13,0,0,0,1
False,/aX3Od8NVLgM7pMYgRpTPkwSrbSC.jpg,[27],968051,en,The Nun II,"In 1956 France, a priest is violently murdered, and Sister Irene begins to investigate. She once again comes face-to-face with a powerful evil.",9.0331,/5gzzkR7y3hnY8AD1wXjCnVlHba5.jpg,2023-09-08,The Nun II,False,6.663,2372,"[{'iso_3166_1': 'US', 'name': 'United States of America'}]",2023,[27],The Nun II,86267073.0,1007.0,Warner Bros.,86267073.0,86267073.0,Horror,['US'],1,0,0,1,0,1,0,0,0,0,0,0,1,1,0,0,0,0,0,0,0,1,0,0,0,0,0,0,0,0,0,0,0,0,0,Horror,1,9,September,Fall,0,0,0,1,Labor Day,7.0,0,0,0,1,1,1,92373751,7,Medium,0,1,0,0,0,0,0,1,1,nun ii,0.0,,,0.0,0,0,0,0,0,1,13,0,0,0,1
False,/criPrxkTggCra1jch49jsiSeXo1.jpg,"[878, 12, 28]",609681,en,The Marvels,"When her duties send her to an anomalous wormhole linked to a Kree revolutionary, Carol's powers become entangled with that of Jersey City super-fan Kamala Khan, aka Ms. Marvel, and Carol's estranged niece, now S.A.B.E.R. astronaut Captain Monica Rambeau. Together, this unlikely trio must team up and learn to work in concert to save the universe.",13.4927,/9GBhzXMFjgcZ3FdR9w3bUMMTps5.jpg,2023-11-10,The Marvels,False,5.955,3186,"[{'iso_3166_1': 'US', 'name': 'United States of America'}]",2023,"[878, 12, 28]",The Marvels,84500223.0,1037.0,Walt Disney Studios Motion Pictures,84500223.0,84500223.0,"Science Fiction,Adventure,Action",['US'],1,0,0,1,1,0,0,0,0,0,0,0,1,1,0,0,1,0,1,0,1,0,0,0,0,0,0,0,0,0,0,1,1,0,0,Science Fiction,3,11,November,Fall,0,1,1,1,Veterans Day,1.0,0,0,0,0,1,5,166350594,7,High,0,1,1,0,0,0,0,0,0,marvels,,,,,0,0,1,0,0,1,13,0,0,0,1
False,/zN41DPmPhwmgJjHwezALdrdvD0h.jpg,"[28, 878, 27]",615656,en,Meg 2: The Trench,An exploratory dive into the deepest depths of the ocean of a daring research team spirals into chaos when a malevolent mining operation threatens their mission and forces them into a high-stakes battle for survival.,8.1309,/4m1Au3YkjqsxF8iwQy0fPYSxE0h.jpg,2023-08-04,Meg 2: The Trench,False,6.404,3801,"[{'iso_3166_1': 'CN', 'name': 'China'}, {'iso_3166_1': 'US', 'name': 'United States of America'}]",2023,"[28, 878, 27]",Meg 2: The Trench,82600317.0,1073.0,Warner Bros.,82600317.0,82600317.0,"Action,Science Fiction,Horror","['US', 'CN']",1,0,0,1,0,1,0,0,0,0,0,0,1,1,0,0,1,0,0,0,1,1,0,0,0,0,0,0,0,0,0,0,1,0,0,Action,3,8,August,Summer,1,0,0,0,,,0,0,0,0,1,5,636238421,2,High,1,1,0,0,0,0,0,0,1,meg 2,0.0,,,0.0,0,0,0,0,0,0,13,0,0,0,1
False,/i2GVEvltEu3BXn5crBSxgKuTaca.jpg,"[27, 53]",614479,en,Insidious: The Red Door,"To put their demons to rest once and for all, Josh Lambert and a college-aged Dalton Lambert must go deeper into The Further than ever before, facing their family's dark past and a host of new and more horrifying terrors that lurk behind the red door.",4.2514,/d07phJqCx6z5wILDYqkyraorDPi.jpg,2023-07-07,Insidious: The Red Door,False,6.523,1885,"[{'iso_3166_1': 'US', 'name': 'United States of America'}]",2023,"[27, 53]",Insidious: The Red Door,82156962.0,1085.0,Screen Gems,82156962.0,82156962.0,"Horror,Thriller",['US'],1,0,0,1,0,0,0,1,0,0,0,0,1,1,0,0,0,1,0,0,0,1,0,0,0,0,0,0,0,0,0,0,0,0,0,Horror,2,7,July,Summer,1,0,0,1,Independence Day,3.0,0,0,1,0,1,6,636238421,3,High,1,1,0,0,0,0,0,0,1,insidious,257559485.0,67745330.0,64389871.25,4.0,0,0,0,0,0,0,13,0,0,0,1
False,/3H9NA1KWEQN0ItL3Wl3SFZYP6yV.jpg,"[28, 878, 12]",565770,en,Blue Beetle,"Recent college grad Jaime Reyes returns home full of aspirations for his future, only to find that home is not quite as he left it. As he searches to find his purpose in the world, fate intervenes when Jaime unexpectedly finds himself in possession of an ancient relic of alien biotechnology: the Scarab.",7.384,/mXLOHHc1Zeuwsl4xYKjKh2280oL.jpg,2023-08-18,Blue Beetle,False,6.649,2979,"[{'iso_3166_1': 'US', 'name': 'United States of America'}]",2023,"[28, 878, 12]",Blue Beetle,72488072.0,1257.0,Warner Bros.,72488072.0,72488072.0,"Action,Science Fiction,Adventure",['US'],1,0,0,1,0,1,0,0,0,0,0,0,1,1,0,0,1,0,1,0,1,0,0,0,0,0,0,0,0,0,0,1,1,0,0,Action,3,8,August,Summer,1,0,0,0,,,0,0,0,0,1,2,92373751,14,Medium,0,0,0,1,0,0,0,0,0,blue beetle,,,,,0,0,1,0,0,1,13,0,0,0,1
False,/1X7vow16X7CnCoexXh4H4F2yDJv.jpg,"[80, 36, 18]",466420,en,Killers of the Flower Moon,"When oil is discovered in 1920s Oklahoma under Osage Nation land, the Osage people are murdered one by one—until the FBI steps in to unravel the mystery.",11.5893,/dB6Krk806zeqd0YNp2ngQ9zXteH.jpg,2023-10-20,Killers of the Flower Moon,False,7.409,3883,"[{'iso_3166_1': 'US', 'name': 'United States of America'}]",2023,"[80, 36, 18]",Killers of the Flower Moon,68035488.0,1356.0,Paramount Pictures,68035488.0,68035488.0,"Crime,History,Drama",['US'],1,0,0,1,0,0,0,0,1,0,0,0,1,1,1,0,0,0,0,0,0,0,1,0,0,0,0,1,0,0,0,0,0,0,0,Crime,3,10,October,Fall,0,0,1,1,Columbus Day,10.0,0,0,0,0,1,2,137275620,7,Medium,0,1,0,0,0,0,0,0,0,killers flower,,,,,0,0,0,0,0,0,13,0,0,0,1
False,/mzlZAMjE2yk2sW3f9HTeBM3B3jw.jpg,"[35, 18, 14]",616747,en,Haunted Mansion,A woman and her son enlist a motley crew of so-called spiritual experts to help rid their home of supernatural squatters.,3.475,/8Im6DknDVxRiGXc5t8rVOJyzuNx.jpg,2023-07-28,Haunted Mansion,False,6.4,1180,"[{'iso_3166_1': 'US', 'name': 'United States of America'}]",2023,"[35, 18, 14]",Haunted Mansion,67653287.0,1361.0,Walt Disney Studios Motion Pictures,67653287.0,67653287.0,"Comedy,Drama,Fantasy",['US'],1,0,0,1,1,0,0,0,0,0,0,0,1,1,1,1,0,0,0,0,0,0,0,0,1,0,0,0,0,0,0,0,0,0,0,Comedy,3,7,July,Summer,1,0,0,0,,,0,0,0,0,1,4,636238421,5,High,1,1,0,0,0,0,0,0,0,haunted mansion,,,,,0,0,0,0,0,0,13,0,0,0,1
False,/7bWxAsNPv9CXHOhZbJVlj2KxgfP.jpg,"[27, 53]",713704,en,Evil Dead Rise,"A reunion between two estranged sisters gets cut short by the rise of flesh-possessing demons, thrusting them into a primal battle for survival as they face the most nightmarish version of family imaginable.",11.1207,/5ik4ATKmNtmJU6AYD0bLm56BCVM.jpg,2023-04-21,Evil Dead Rise,False,6.918,3460,"[{'iso_3166_1': 'IE', 'name': 'Ireland'}, {'iso_3166_1': 'NZ', 'name': 'New Zealand'}, {'iso_3166_1': 'US', 'name': 'United States of America'}]",2023,"[27, 53]",Evil Dead Rise,67233054.0,1377.0,Warner Bros.,67233054.0,67233054.0,"Horror,Thriller","['NZ', 'US', 'IE']",1,1,0,1,0,1,0,0,0,0,0,0,1,1,0,0,0,1,0,0,0,1,0,0,0,0,0,0,0,0,0,0,0,0,0,Horror,2,4,April,Spring,0,0,0,0,,,0,0,0,0,1,1,358995815,14,Medium,1,0,0,0,0,0,0,0,0,evil dead,,,,,0,0,0,0,0,0,13,0,0,0,1
False,/d7zDEW6AkRCvEOT2Cela4h0F3Nb.jpg,"[27, 53]",807172,en,The Exorcist: Believer,"Since his wife's death, Victor has raised his daughter Angela alone. After she and her friend return from a three-day disappearance with missing memories, they begin displaying frightening behavior reminiscent of the MacNeil possession fifty years prior.",6.3564,/fFXkAlMH2iQrNknv4eq7LGTkcti.jpg,2023-10-06,The Exorcist: Believer,False,5.823,1206,"[{'iso_3166_1': 'US', 'name': 'United States of America'}]",2023,"[27, 53]",The Exorcist: Believer,65537395.0,1424.0,Universal Pictures,65537395.0,65537395.0,"Horror,Thriller",['US'],1,0,0,1,0,0,1,0,0,0,0,0,1,1,0,0,0,1,0,0,0,1,0,0,0,0,0,0,0,0,0,0,0,0,0,Horror,2,10,October,Fall,0,0,1,1,Columbus Day,4.0,0,0,0,0,1,3,68035488,7,High,0,1,0,0,0,0,0,0,1,exorcist,0.0,,,0.0,0,0,0,0,0,0,13,0,0,0,1
False,/zgQQF04u3OgNBJqClRNby1FPz9s.jpg,"[10751, 35, 12, 16]",893723,en,PAW Patrol: The Mighty Movie,"A magical meteor crash lands in Adventure City and gives the PAW Patrol pups superpowers, transforming them into The Mighty Pups.",7.4544,/aTvePCU7exLepwg5hWySjwxojQK.jpg,2023-09-29,PAW Patrol: The Mighty Movie,False,7.0,528,"[{'iso_3166_1': 'CA', 'name': 'Canada'}, {'iso_3166_1': 'FR', 'name': 'France'}, {'iso_3166_1': 'US', 'name': 'United States of America'}]",2023,"[10751, 35, 12, 16]",PAW Patrol: The Mighty Movie,65343309.0,1429.0,Paramount Pictures,65343309.0,65343309.0,"Family,Comedy,Adventure,Animation","['CA', 'FR', 'US']",1,0,1,1,0,0,0,0,1,0,0,0,1,1,0,1,0,0,1,0,0,0,0,1,0,1,0,0,0,0,0,0,0,0,1,Family,4,9,September,Fall,0,0,0,0,,,0,0,0,0,1,2,65537395,0,Medium,0,1,0,0,0,0,0,0,1,paw patrol,40127371.0,40127371.0,40127371.0,1.0,0,0,0,0,0,0,13,0,0,0,1
False,/a2tys4sD7xzVaogPntGsT1ypVoT.jpg,"[53, 35, 80]",804150,en,Cocaine Bear,"Inspired by a true story, an oddball group of cops, criminals, tourists and teens converge in a Georgia forest where a 500-pound black bear goes on a murderous rampage after unintentionally ingesting cocaine.",5.2387,/gOnmaxHo0412UVr1QM5Nekv1xPi.jpg,2023-02-24,Cocaine Bear,False,6.012,2313,"[{'iso_3166_1': 'US', 'name': 'United States of America'}]",2023,"[53, 35, 80]",Cocaine Bear,64670240.0,1448.0,Universal Pictures,64670240.0,64670240.0,"Thriller,Comedy,Crime",['US'],1,0,0,1,0,0,1,0,0,0,0,0,1,1,0,1,0,1,0,0,0,0,1,0,0,0,0,0,0,0,0,0,0,0,0,Thriller,3,2,February,Winter,0,0,0,1,Presidents Day,9.0,0,0,0,0,1,3,214504909,7,High,1,1,0,0,0,0,0,0,0,cocaine bear,,,,,0,0,0,0,0,0,13,0,0,0,1
False,/ehumsuIBbgAe1hg343oszCLrAfI.jpg,"[16, 10751, 14, 12]",1022796,en,Wish,"Asha, a sharp-witted idealist, makes a wish so powerful that it is answered by a cosmic force – a little ball of boundless energy called Star. Together, Asha and Star confront a most formidable foe - the ruler of Rosas, King Magnifico - to save her community and prove that when the will of one courageous human connects with the magic of the stars, wondrous things can happen.",10.6067,/nesuSdJakNkf0zs7OfoasB6Clxf.jpg,2023-11-22,Wish,False,6.25,1706,"[{'iso_3166_1': 'US', 'name': 'United States of America'}]",2023,"[16, 10751, 14, 12]",Wish,63973821.0,1470.0,Walt Disney Studios Motion Pictures,63973821.0,63973821.0,"Animation,Family,Fantasy,Adventure",['US'],1,0,0,1,1,0,0,0,0,0,0,0,1,1,0,0,0,0,1,0,0,0,0,1,1,1,0,0,0,0,0,0,0,0,1,Animation,4,11,November,Fall,0,1,1,1,Thanksgiving,3.0,0,1,0,0,1,5,166350594,0,High,0,1,0,0,0,0,0,0,0,wish,,,,,0,0,0,0,0,0,13,0,0,0,1
False,/8dR0DXJ24BwWXRuMrFH1hbVLC5X.jpg,"[36, 10752, 10749]",753342,en,Napoleon,"An epic that details the checkered rise and fall of French Emperor Napoleon Bonaparte and his relentless journey to power through the prism of his addictive, volatile relationship with his wife, Josephine.",8.7795,/ytFOXyghxLzAM4KZyazDdEkM66q.jpg,2023-11-22,Napoleon,False,6.312,2936,"[{'iso_3166_1': 'US', 'name': 'United States of America'}]",2023,"[36, 10752, 10749]",Napoleon,61524375.0,1527.0,Columbia Pictures,61524375.0,61524375.0,"History,War,Romance",['US'],1,0,0,1,0,0,0,1,0,0,0,0,1,1,0,0,0,0,0,1,0,0,0,0,0,0,0,1,0,1,0,0,0,0,0,History,3,11,November,Fall,0,1,1,1,Thanksgiving,3.0,0,1,0,0,1,5,166350594,0,High,0,1,0,0,0,0,0,0,0,napoleon,,,,,0,0,0,0,0,0,13,0,0,0,1
False,/rSle4ix2IZ6UMgCDY8L3ngdOmSZ.jpg,[18],558915,en,The Color Purple,"A decades-spanning tale of love and resilience and of one woman's journey to independence. Celie faces many hardships in her life, but ultimately finds extraordinary strength and hope in the unbreakable bonds of sisterhood.",3.9227,/h5bqIxM8GO4TewJ0u6Rzkg58ssJ.jpg,2023-12-25,The Color Purple,False,7.023,342,"[{'iso_3166_1': 'US', 'name': 'United States of America'}]",2023,[18],The Color Purple,60619191.0,1552.0,Warner Bros.,60619191.0,60619191.0,Drama,['US'],1,0,0,1,0,1,0,0,0,0,0,0,1,1,1,0,0,0,0,0,0,0,0,0,0,0,0,0,0,0,0,0,0,0,0,Drama,1,12,December,Winter,0,1,1,1,Christmas,0.0,1,0,0,0,1,4,218402312,3,High,1,1,0,0,0,0,0,0,0,color purple,,,,,0,0,0,0,0,0,13,0,0,0,1
False,/kQV9sV0IbastbU5FYxuYwxfMawz.jpg,"[35, 28, 14]",594767,en,Shazam! Fury of the Gods,"Billy Batson and his foster siblings, who transform into superheroes by saying ""Shazam!"", are forced to get back into action and fight the Daughters of Atlas, who they must stop from using a weapon that could destroy the world.",13.1348,/A3ZbZsmsvNGdprRi2lKgGEeVLEH.jpg,2023-03-17,Shazam! Fury of the Gods,False,6.445,3499,"[{'iso_3166_1': 'US', 'name': 'United States of America'}]",2023,"[35, 28, 14]",Shazam! Fury of the Gods,57638006.0,1650.0,Warner Bros.,57638006.0,57638006.0,"Comedy,Action,Fantasy",['US'],1,0,0,1,0,1,0,0,0,0,0,0,1,1,0,1,1,0,0,0,0,0,0,0,1,0,0,0,0,0,0,0,0,0,0,Comedy,3,3,March,Spring,0,0,0,0,,,0,0,0,0,1,4,187131806,7,High,0,1,0,1,0,0,0,0,0,shazam fury,,,,,0,0,1,0,0,1,13,0,0,0,1
False,/uUJp5I4IbzuhdUiEx4R9OAoFpbz.jpg,"[27, 9648]",951491,en,Saw X,"Between the events of 'Saw' and 'Saw II', a sick and desperate John Kramer travels to Mexico for a risky and experimental medical procedure in hopes of a miracle cure for his cancer, only to discover the entire operation is a scam to defraud the most vulnerable. Armed with a newfound purpose, the infamous serial killer returns to his work, turning the tables on the con artists in his signature visceral way through devious, deranged, and ingenious traps.",5.253,/u7Lp1Hi8aBS73jv4KRMIv5aK4ax.jpg,2023-09-29,Saw X,False,7.185,2239,"[{'iso_3166_1': 'US', 'name': 'United States of America'}]",2023,"[27, 9648]",Saw X,53607898.0,1785.0,Lionsgate,53607898.0,53607898.0,"Horror,Mystery",['US'],1,0,0,1,0,0,0,0,0,0,0,1,1,1,0,0,0,0,0,0,0,1,0,0,0,0,1,0,0,0,0,0,0,0,0,Horror,2,9,September,Fall,0,0,0,0,,,0,0,0,0,1,2,65537395,0,Medium,0,1,0,0,0,0,0,0,1,saw x,0.0,,,0.0,0,0,0,0,0,0,13,0,0,0,1
False,/aT3sRVqgpkyCo23fp9myVfKPWbA.jpg,"[18, 36]",964980,en,Air,Discover the game-changing partnership between a then undiscovered Michael Jordan and Nike's fledgling basketball division which revolutionized the world of sports and culture with the Air Jordan brand.,4.2061,/76AKQPdH3M8cvsFR9K8JsOzVlY5.jpg,2023-04-05,Air,False,7.295,2217,"[{'iso_3166_1': 'US', 'name': 'United States of America'}]",2023,"[18, 36]",Air,52460106.0,1828.0,Amazon MGM Studios,52460106.0,52460106.0,"Drama,History",['US'],1,0,0,1,0,0,0,0,0,0,1,0,1,1,1,0,0,0,0,0,0,0,0,0,0,0,0,1,0,0,0,0,0,0,0,Drama,2,4,April,Spring,0,0,0,0,,,0,0,0,0,1,3,574934330,0,High,1,1,0,0,0,0,0,0,0,air,,,,,0,0,0,0,0,0,13,0,0,0,1
False,/mqto2rCJcuXFHUkDNsLf3FF2qki.jpg,[35],1120628,de,Hammerharte Jungs,"Teenagers Charly and Paula worry that sex could ruin their friendship, while their suddenly and surprisingly bossy private parts urge them to go for it.",3.4912,/d2jU7XWkPjRN0LpakwShBH2FLZo.jpg,2023-05-24,Hard Feelings,False,5.868,170,"[{'iso_3166_1': 'DE', 'name': 'Germany'}]",2023,[35],Hard Feelings,50452282.0,1912.0,Sony Pictures Releasing,50452282.0,50452282.0,Comedy,['DE'],0,0,0,0,0,0,0,1,0,0,0,0,1,0,0,1,0,0,0,0,0,0,0,0,0,0,0,0,0,0,0,0,0,0,0,Comedy,1,5,May,Spring,1,0,0,1,Memorial Day,1.0,0,0,0,1,1,3,381593754,2,High,1,1,0,0,0,0,0,0,0,hard feelings,,,,,0,0,0,0,0,0,13,0,0,0,1
False,/rRcNmiH55Tz0ugUsDUGmj8Bsa4V.jpg,"[35, 10749]",884605,en,No Hard Feelings,"On the brink of losing her childhood home, Maddie discovers an intriguing job listing: wealthy helicopter parents looking for someone to “date” their introverted 19-year-old son, Percy, before he leaves for college. To her surprise, Maddie soon discovers the awkward Percy is no sure thing.",13.8893,/gD72DhJ7NbfxvtxGiAzLaa0xaoj.jpg,2023-06-23,No Hard Feelings,False,6.693,3606,"[{'iso_3166_1': 'US', 'name': 'United States of America'}]",2023,"[35, 10749]",No Hard Feelings,50452282.0,1912.0,Sony Pictures Releasing,50452282.0,50452282.0,"Comedy,Romance",['US'],1,0,0,1,0,0,0,1,0,0,0,0,1,1,0,1,0,0,0,1,0,0,0,0,0,0,0,0,0,0,0,0,0,1,0,Comedy,2,6,June,Summer,1,0,0,0,,,0,0,0,0,1,6,184178046,7,High,0,1,0,0,0,0,0,0,0,no hard,,,,,0,0,0,0,0,0,13,0,0,0,1
False,/xFYpUmB01nswPgbzi8EOCT1ZYFu.jpg,"[12, 28, 18]",980489,en,Gran Turismo,The ultimate wish-fulfillment tale of a teenage Gran Turismo player whose gaming skills won him a series of Nissan competitions to become an actual professional racecar driver.,6.9595,/51tqzRtKMMZEYUpSYkrUE7v9ehm.jpg,2023-08-11,Gran Turismo,False,7.7,3203,"[{'iso_3166_1': 'US', 'name': 'United States of America'}]",2023,"[12, 28, 18]",Gran Turismo,44428554.0,2158.0,Sony Pictures Releasing,44428554.0,44428554.0,"Adventure,Action,Drama",['US'],1,0,0,1,0,0,0,1,0,0,0,0,1,1,1,0,1,0,1,0,0,0,0,0,0,0,0,0,0,0,0,1,0,0,0,Adventure,3,8,August,Summer,1,0,0,0,,,0,0,0,0,1,4,118700272,7,High,0,1,0,0,0,0,0,0,0,gran turismo,,,,,0,0,0,0,0,0,13,0,0,0,1
False,/qB9wshRySHgN2MibLOlsW6YalqD.jpg,"[9648, 53, 80]",945729,en,A Haunting in Venice,"Celebrated sleuth Hercule Poirot, now retired and living in self-imposed exile in Venice, reluctantly attends a Halloween séance at a decaying, haunted palazzo. When one of the guests is murdered, the detective is thrust into a sinister world of shadows and secrets.",5.0728,/l6iwxT0NbVw6QiF08YTIuTnXS82.jpg,2023-09-15,A Haunting in Venice,False,6.58,2669,"[{'iso_3166_1': 'GB', 'name': 'United Kingdom'}, {'iso_3166_1': 'US', 'name': 'United States of America'}]",2023,"[9648, 53, 80]",A Haunting in Venice,42471412.0,2247.0,20th Century Studios,42471412.0,42471412.0,"Mystery,Thriller,Crime","['GB', 'US']",1,1,0,1,0,0,0,0,0,1,0,0,1,1,0,0,0,1,0,0,0,0,1,0,0,0,1,0,0,0,0,0,0,0,0,Mystery,3,9,September,Fall,0,0,0,0,,,0,0,0,0,1,4,92373751,7,High,0,1,0,0,0,0,0,0,0,haunting in,,,,,0,0,0,0,0,0,13,0,0,0,1
False,/iQcCAm8hKWZyUntqrvzyEGtXyJl.jpg,"[878, 28, 12]",670292,en,The Creator,"Amid a future war between the human race and the forces of artificial intelligence, a hardened ex-special forces agent grieving the disappearance of his wife, is recruited to hunt down and kill the Creator, the elusive architect of advanced AI who has developed a mysterious weapon with the power to end the war—and mankind itself.",7.6453,/3dSivDtOuyxLDxPH4v2tcNG1fP7.jpg,2023-09-29,The Creator,False,7.021,3606,"[{'iso_3166_1': 'CA', 'name': 'Canada'}, {'iso_3166_1': 'US', 'name': 'United States of America'}]",2023,"[878, 28, 12]",The Creator,40774679.0,2328.0,20th Century Studios,40774679.0,40774679.0,"Science Fiction,Action,Adventure","['CA', 'US']",1,0,1,1,0,0,0,0,0,1,0,0,1,1,0,0,1,0,1,0,1,0,0,0,0,0,0,0,0,0,0,1,1,0,0,Science Fiction,3,9,September,Fall,0,0,0,0,,,0,0,0,0,1,3,65537395,0,High,0,1,0,0,0,0,0,0,0,creator,,,,,0,0,0,0,0,0,13,0,0,0,1
False,/sANUefL2v8VI6fSfK3gWAG3XBt4.jpg,"[27, 9648, 53]",631842,en,Knock at the Cabin,"While vacationing at a remote cabin, a young girl and her two fathers are taken hostage by four armed strangers who demand that the family make an unthinkable choice to avert the apocalypse. With limited access to the outside world, the family must decide what they believe before all is lost.",6.2773,/dm06L9pxDOL9jNSK4Cb6y139rrG.jpg,2023-02-03,Knock at the Cabin,False,6.253,2954,"[{'iso_3166_1': 'US', 'name': 'United States of America'}, {'iso_3166_1': 'CN', 'name': 'China'}, {'iso_3166_1': 'JP', 'name': 'Japan'}]",2023,"[27, 9648, 53]",Knock at the Cabin,35397980.0,2642.0,Universal Pictures,35397980.0,35397980.0,"Horror,Mystery,Thriller","['US', 'CN', 'JP']",1,0,0,1,0,0,1,0,0,0,0,0,1,1,0,0,0,1,0,0,0,1,0,0,0,0,1,0,0,0,0,0,0,0,0,Horror,3,2,February,Winter,0,0,0,0,,,0,0,0,0,1,1,214504909,14,Medium,1,0,0,0,0,0,0,0,0,knock at,,,,,0,0,0,0,0,0,13,0,0,0,1
False,/tVH1qEFyKiCpP6kNDFyXKW2Tiif.jpg,"[18, 9648, 53]",768362,en,Missing,"When her mother disappears while on vacation in Colombia with her new boyfriend, June’s search for answers is hindered by international red tape. Stuck thousands of miles away in Los Angeles, June creatively uses all the latest technology at her fingertips to try and find her before it’s too late. But as she digs deeper, her digital sleuthing raises more questions than answers... and when June unravels secrets about her mom, she discovers that she never really knew her at all.",2.6282,/wEOUYSU5Uf8J7152PT6jdb5233Y.jpg,2023-01-20,Missing,False,7.413,1203,"[{'iso_3166_1': 'US', 'name': 'United States of America'}]",2023,"[18, 9648, 53]",Missing,32502025.0,2833.0,Sony Pictures Releasing,32502025.0,32502025.0,"Drama,Mystery,Thriller",['US'],1,0,0,1,0,0,0,1,0,0,0,0,1,1,1,0,0,1,0,0,0,0,0,0,0,0,1,0,0,0,0,0,0,0,0,Drama,3,1,January,Winter,0,0,0,1,Martin Luther King Jr. Day,5.0,0,0,0,0,1,1,95159005,14,Medium,0,0,0,0,0,0,0,0,0,missing,,,,,0,0,0,0,0,0,13,0,0,0,1
False,/6JU2ysRVOHqav0Hs6BUv4mvvDxZ.jpg,"[28, 12, 53]",646389,en,Plane,"After a heroic job of successfully landing his storm-damaged aircraft in a war zone, a fearless pilot finds himself between the agendas of multiple militias planning to take the plane and its passengers hostage.",4.9756,/qi9r5xBgcc9KTxlOLjssEbDgO0J.jpg,2023-01-13,Plane,False,6.909,2536,"[{'iso_3166_1': 'GB', 'name': 'United Kingdom'}, {'iso_3166_1': 'US', 'name': 'United States of America'}]",2023,"[28, 12, 53]",Plane,32111181.0,2866.0,Lionsgate,32111181.0,32111181.0,"Action,Adventure,Thriller","['GB', 'US']",1,1,0,1,0,0,0,0,0,0,0,1,1,1,0,0,1,1,1,0,0,0,0,0,0,0,0,0,0,0,0,1,0,0,0,Action,3,1,January,Winter,0,0,0,1,Martin Luther King Jr. Day,2.0,0,0,0,0,1,2,95159005,7,Medium,0,1,0,0,0,0,0,0,0,plane,,,,,0,0,0,0,0,0,13,0,0,0,1
False,/eSVu1FvGPy86TDo4hQbpuHx55DJ.jpg,"[28, 12, 878]",700391,en,65,"65 million years ago, the only 2 survivors of a spaceship from Somaris that crash-landed on Earth, must fend off dinosaurs to reach the escape vessel in time before an imminent asteroid strike threatens to destroy the planet.",13.7599,/rzRb63TldOKdKydCvWJM8B6EkPM.jpg,2023-03-10,65,False,5.963,2701,"[{'iso_3166_1': 'CA', 'name': 'Canada'}, {'iso_3166_1': 'US', 'name': 'United States of America'}]",2023,"[28, 12, 878]",65,32062904.0,2871.0,Sony Pictures Releasing,32062904.0,32062904.0,"Action,Adventure,Science Fiction","['CA', 'US']",1,0,1,1,0,0,0,1,0,0,0,0,1,1,0,0,1,0,1,0,1,0,0,0,0,0,0,0,0,0,0,1,1,0,0,Action,3,3,March,Spring,0,0,0,0,,,0,0,0,0,1,5,187131806,0,High,0,1,0,0,0,0,0,0,0,65,,,,,0,0,0,0,0,0,13,0,0,0,1
False,/ktHEdqmMWC1wdfPRMRCTZe2OISL.jpg,"[27, 9648]",1071215,en,Thanksgiving,"After a Black Friday riot ends in tragedy, a mysterious Thanksgiving-inspired killer terrorizes Plymouth, Massachusetts - the birthplace of the holiday. Picking off residents one by one, what begins as random revenge killings are soon revealed to be part of a larger, sinister holiday plan.",6.3337,/f5f3TEVst1nHHyqgn7Z3tlwnBIH.jpg,2023-11-17,Thanksgiving,False,6.488,1479,"[{'iso_3166_1': 'US', 'name': 'United States of America'}]",2023,"[27, 9648]",Thanksgiving,31908884.0,2885.0,TriStar Pictures,31908884.0,31908884.0,"Horror,Mystery",['US'],1,0,0,1,0,0,0,1,0,0,0,0,1,1,0,0,0,0,0,0,0,1,0,0,0,0,1,0,0,0,0,0,0,0,0,Horror,2,11,November,Fall,0,1,1,1,Veterans Day,6.0,0,0,0,0,1,6,166350594,0,High,0,1,0,0,0,0,0,0,0,thanksgiving,,,,,0,0,0,0,0,0,13,0,0,0,1
False,/wVxlmhk4OS2eCr0wTQcM4zJ20ml.jpg,"[35, 18, 10749]",906221,en,Magic Mike's Last Dance,"Mike Lane takes to the stage again after a lengthy hiatus, following a business deal that went bust, leaving him broke and taking bartender gigs in Florida. For what he hopes will be one last hurrah, Mike heads to London with a wealthy socialite who lures him with an offer he can’t refuse… and an agenda all her own. With everything on the line, once Mike discovers what she truly has in mind, will he—and the roster of hot new dancers he’ll have to whip into shape—be able to pull it off?",6.0673,/9a9pyJZRhUWUSBT8BQqWihtqbI8.jpg,2023-02-10,Magic Mike's Last Dance,False,6.447,566,"[{'iso_3166_1': 'US', 'name': 'United States of America'}]",2023,"[35, 18, 10749]",Magic Mike's Last Dance,26005156.0,3281.0,Warner Bros.,26005156.0,26005156.0,"Comedy,Drama,Romance",['US'],1,0,0,1,0,1,0,0,0,0,0,0,1,1,1,1,0,0,0,1,0,0,0,0,0,0,0,0,0,0,0,0,0,1,0,Comedy,3,2,February,Winter,0,0,0,1,Presidents Day,5.0,0,0,0,0,1,2,214504909,7,Medium,1,1,0,0,0,0,0,0,0,magic mike,,,,,0,0,0,0,0,0,13,0,0,0,1
False,/1HzL603WOer58xtnrRYdSIL5K04.jpg,"[35, 12]",912908,en,Strays,"When Reggie is abandoned on the mean city streets by his lowlife owner, Doug, Reggie is certain that his beloved owner would never leave him on purpose. But once Reggie falls in with Bug, a fast-talking, foul-mouthed stray who loves his freedom and believes that owners are for suckers, Reggie finally realizes he was in a toxic relationship and begins to see Doug for the heartless sleazeball that he is.",3.0721,/n1hqbSCtyBAxaXEl1Dj3ipXJAJG.jpg,2023-08-18,Strays,False,7.196,955,"[{'iso_3166_1': 'US', 'name': 'United States of America'}]",2023,"[35, 12]",Strays,23988885.0,3463.0,Universal Pictures,23988885.0,23988885.0,"Comedy,Adventure",['US'],1,0,0,1,0,0,1,0,0,0,0,0,1,1,0,1,0,0,1,0,0,0,0,0,0,0,0,0,0,0,0,0,0,0,0,Comedy,2,8,August,Summer,1,0,0,0,,,0,0,0,0,1,3,92373751,0,High,0,1,0,0,0,0,0,0,0,strays,,,,,0,0,0,0,0,0,13,0,0,0,1
False,/3mpgltEMgPf8zFtPnAWdDVN8ZT1.jpg,"[35, 18]",1056360,en,American Fiction,"A novelist fed up with the establishment profiting from ""Black"" entertainment uses a pen name to write a book that propels him into the heart of hypocrisy and the madness he claims to disdain.",5.8381,/57MFWGHarg9jid7yfDTka4RmcMU.jpg,2023-12-15,American Fiction,False,7.278,1227,"[{'iso_3166_1': 'US', 'name': 'United States of America'}]",2023,"[35, 18]",American Fiction,21098470.0,3723.0,Metro-Goldwyn-Mayer (MGM),21098470.0,21098470.0,"Comedy,Drama",['US'],1,0,0,1,0,0,0,0,0,0,1,0,1,1,1,1,0,0,0,0,0,0,0,0,0,0,0,0,0,0,0,0,0,0,0,Comedy,2,12,December,Winter,0,1,1,1,Christmas,10.0,1,0,0,0,1,6,218402312,0,High,1,1,0,0,0,0,0,0,0,american fiction,,,,,0,0,0,0,0,0,13,0,0,0,1
False,/3oqmk6mNWPatBKcjOOJLp5WW9zN.jpg,"[27, 53]",758323,en,The Pope's Exorcist,"Father Gabriele Amorth, Chief Exorcist of the Vatican, investigates a young boy's terrifying possession and ends up uncovering a centuries-old conspiracy the Vatican has desperately tried to keep hidden.",4.6125,/jFC4LS5qTAT3PinzdEzINfu1CV9.jpg,2023-04-14,The Pope's Exorcist,False,6.925,3030,"[{'iso_3166_1': 'US', 'name': 'United States of America'}]",2023,"[27, 53]",The Pope's Exorcist,20009380.0,3862.0,Screen Gems,20009380.0,20009380.0,"Horror,Thriller",['US'],1,0,0,1,0,0,0,1,0,0,0,0,1,1,0,0,0,1,0,0,0,1,0,0,0,0,0,0,0,0,0,0,0,0,0,Horror,2,4,April,Spring,0,0,0,0,,,0,0,0,0,1,4,574934330,7,High,1,1,0,0,0,0,0,0,0,pope s,,,,,0,0,0,0,0,0,13,0,0,0,1
False,/nBEFrdcVhwceGSFw83RksxY9Blg.jpg,"[35, 14, 27]",649609,en,Renfield,"Having grown sick and tired of his centuries as Dracula's lackey, Renfield finds a new lease on life — and maybe even redemption — when he falls for feisty, perennially angry traffic cop Rebecca Quincy.",6.488,/p6yUjhvNGQpFZilKwOKbxQ1eHlo.jpg,2023-04-14,Renfield,False,6.462,2017,"[{'iso_3166_1': 'US', 'name': 'United States of America'}]",2023,"[35, 14, 27]",Renfield,17297895.0,4166.0,Universal Pictures,17297895.0,17297895.0,"Comedy,Fantasy,Horror",['US'],1,0,0,1,0,0,1,0,0,0,0,0,1,1,0,1,0,0,0,0,0,1,0,0,1,0,0,0,0,0,0,0,0,0,0,Comedy,3,4,April,Spring,0,0,0,0,,,0,0,0,0,1,4,574934330,7,High,1,1,0,0,0,0,0,0,0,renfield,,,,,0,0,0,0,0,0,13,0,0,0,1
False,/dTOQaHP4PjDXU2JwDF6UYqGqRT0.jpg,"[36, 35, 18]",792293,en,Dumb Money,"Vlogger Keith Gill sinks his life savings into GameStop stock and posts about it. When social media starts blowing up, so do his life and the lives of everyone following him. As a stock tip becomes a movement, everyone gets rich—until the billionaires fight back, and both sides find their worlds turned upside down.",2.8885,/e9u7luSxFKOZgPTB9XHFnPArGdP.jpg,2023-09-15,Dumb Money,False,6.681,739,"[{'iso_3166_1': 'US', 'name': 'United States of America'}]",2023,"[36, 35, 18]",Dumb Money,13925356.0,4643.0,Sony Pictures Releasing,13925356.0,13925356.0,"History,Comedy,Drama",['US'],1,0,0,1,0,0,0,1,0,0,0,0,1,1,1,1,0,0,0,0,0,0,0,0,0,0,0,1,0,0,0,0,0,0,0,History,3,9,September,Fall,0,0,0,0,,,0,0,0,0,1,4,92373751,7,High,0,1,0,0,0,0,0,0,0,dumb money,,,,,0,0,0,0,0,0,13,0,0,0,1
False,/dKC5qWi6S8SKkSzrP6LxTk0cb98.jpg,"[27, 14]",635910,en,The Last Voyage of the Demeter,The crew of the merchant ship Demeter attempts to survive the ocean voyage from Carpathia to London as they are stalked each night by a merciless presence onboard the ship.,4.3083,/nrtbv6Cew7qC7k9GsYSf5uSmuKh.jpg,2023-08-11,The Last Voyage of the Demeter,False,6.756,1837,"[{'iso_3166_1': 'DE', 'name': 'Germany'}, {'iso_3166_1': 'IN', 'name': 'India'}, {'iso_3166_1': 'GB', 'name': 'United Kingdom'}, {'iso_3166_1': 'US', 'name': 'United States of America'}]",2023,"[27, 14]",The Last Voyage of the Demeter,13637180.0,4681.0,Universal Pictures,13637180.0,13637180.0,"Horror,Fantasy","['GB', 'US', 'DE', 'IN']",1,1,0,1,0,0,1,0,0,0,0,0,1,1,0,0,0,0,0,0,0,1,0,0,1,0,0,0,0,0,0,0,0,0,0,Horror,2,8,August,Summer,1,0,0,0,,,0,0,0,0,1,4,118700272,7,High,0,1,0,0,0,0,0,0,0,last voyage,,,,,0,0,0,0,0,0,13,0,0,0,1
False,/sbKeYtlQkvC0prXkMXJpYoOfwVU.jpg,[35],864168,en,Joy Ride,"When Audrey's business trip to Asia goes sideways, she enlists the aid of Lolo, her irreverent, childhood best friend who also happens to be a hot mess; Kat, her college friend turned Chinese soap star; and Deadeye, Lolo's eccentric cousin. Their no-holds-barred, epic experience becomes a journey of bonding, friendship, belonging, and wild debauchery that reveals the universal truth of what it means to know and love who you are.",7.3457,/6Ii88ZqNMmBgLVuSrnLkLENhgcd.jpg,2023-07-07,Joy Ride,False,6.521,454,"[{'iso_3166_1': 'GB', 'name': 'United Kingdom'}, {'iso_3166_1': 'US', 'name': 'United States of America'}]",2023,[35],Joy Ride,12897789.0,4786.0,Lionsgate,12897789.0,12897789.0,Comedy,"['GB', 'US']",1,1,0,1,0,0,0,0,0,0,0,1,1,1,0,1,0,0,0,0,0,0,0,0,0,0,0,0,0,0,0,0,0,0,0,Comedy,1,7,July,Summer,1,0,0,1,Independence Day,3.0,0,0,1,0,1,7,636238421,0,High,1,1,0,0,0,0,0,0,0,joy ride,,,,,0,0,0,0,0,0,13,0,0,0,1
False,/bAtFhmRHp0f6aHqj1UGTZoPcmQo.jpg,"[18, 35, 53]",930564,en,Saltburn,"Struggling to find his place at Oxford University, student Oliver Quick finds himself drawn into the world of the charming and aristocratic Felix Catton, who invites him to Saltburn, his eccentric family's sprawling estate, for a summer never to be forgotten.",6.3663,/zGTfMwG112BC66mpaveVxoWPOaB.jpg,2023-11-17,Saltburn,False,6.964,2739,"[{'iso_3166_1': 'GB', 'name': 'United Kingdom'}, {'iso_3166_1': 'US', 'name': 'United States of America'}]",2023,"[18, 35, 53]",Saltburn,11425829.0,5013.0,Amazon MGM Studios,11425829.0,11425829.0,"Drama,Comedy,Thriller","['GB', 'US']",1,1,0,1,0,0,0,0,0,0,1,0,1,1,1,1,0,1,0,0,0,0,0,0,0,0,0,0,0,0,0,0,0,0,0,Drama,3,11,November,Fall,0,1,1,1,Veterans Day,6.0,0,0,0,0,1,6,166350594,0,High,0,1,0,0,0,0,0,0,0,saltburn,,,,,0,0,0,0,0,0,13,0,0,0,1
False,/gg4zZoTggZmpAQ32qIrP5dtnkEZ.jpg,"[28, 53, 80]",891699,en,Silent Night,"A tormented father witnesses his young son die when caught in a gang's crossfire on Christmas Eve. While recovering from a wound that costs him his voice, he makes vengeance his life's mission and embarks on a punishing training regimen in order to avenge his son's death.",12.0516,/tlcuhdNMKNGEVpGqBZrAaOOf1A6.jpg,2023-12-01,Silent Night,False,6.176,894,"[{'iso_3166_1': 'US', 'name': 'United States of America'}]",2023,"[28, 53, 80]",Silent Night,8012103.0,5609.0,Lionsgate,8012103.0,8012103.0,"Action,Thriller,Crime",['US'],1,0,0,1,0,0,0,0,0,0,0,1,1,1,0,0,1,1,0,0,0,0,1,0,0,0,0,0,0,0,0,0,0,0,0,Action,3,12,December,Winter,0,1,1,1,Thanksgiving,6.0,0,1,0,0,1,6,218402312,0,High,1,1,0,0,0,0,0,0,0,silent night,,,,,0,0,0,0,0,0,13,0,0,0,1
False,/pBdQ4iorzRV2G38mdS6rzrmUfMA.jpg,"[28, 10752]",840326,fi,Sisu,"When an ex-soldier who discovers gold in the Lapland wilderness tries to take the loot into the city, German soldiers led by a brutal SS officer battle him.",38.9467,/ygO9lowFMXWymATCrhoQXd6gCEh.jpg,2023-04-28,Sisu,False,7.409,2577,"[{'iso_3166_1': 'FI', 'name': 'Finland'}, {'iso_3166_1': 'GB', 'name': 'United Kingdom'}, {'iso_3166_1': 'US', 'name': 'United States of America'}]",2023,"[28, 10752]",Sisu,7265622.0,5763.0,Lionsgate,7265622.0,7265622.0,"Action,War","['GB', 'US', 'FI']",1,1,0,1,0,0,0,0,0,0,0,1,1,0,0,0,1,0,0,0,0,0,0,0,0,0,0,0,0,1,0,0,0,0,0,Action,2,4,April,Spring,0,0,0,0,,,0,0,0,0,1,2,358995815,7,Medium,1,1,0,0,0,0,0,0,0,sisu,,,,,0,0,0,0,0,0,13,0,0,0,1
False,/sNnPbPopZxGO3s7Hd5qcqoMyLXl.jpg,"[28, 35, 53]",739405,en,Operation Fortune: Ruse de Guerre,Special agent Orson Fortune and his team of operatives recruit one of Hollywood's biggest movie stars to help them on an undercover mission when the sale of a deadly new weapons technology threatens to disrupt the world order.,6.623,/uo7vWfQUlVwueYTDRicXOJa8Oow.jpg,2023-03-03,Operation Fortune: Ruse de Guerre,False,6.468,1791,"[{'iso_3166_1': 'GB', 'name': 'United Kingdom'}, {'iso_3166_1': 'US', 'name': 'United States of America'}]",2023,"[28, 35, 53]",Operation Fortune: Ruse de Guerre,6496125.0,5954.0,Lionsgate,6496125.0,6496125.0,"Action,Comedy,Thriller","['GB', 'US']",1,1,0,1,0,0,0,0,0,0,0,1,1,1,0,1,1,1,0,0,0,0,0,0,0,0,0,0,0,0,0,0,0,0,0,Action,3,3,March,Spring,0,0,0,0,,,0,0,0,0,1,5,214504909,0,High,1,1,0,0,0,0,0,0,1,operation fortune,0.0,,,0.0,0,0,0,0,0,0,13,0,0,0,1
False,/jv9WTuEk7kW8JxgpjQ872CyiifP.jpg,"[10749, 18, 35]",758336,en,Love Again,"Mira Ray, dealing with the loss of her fiancé, John, sends a series of romantic texts to his old cell phone number… not realizing the number was reassigned to Rob Burns' new work phone. Rob, a journalist, is captivated by the honesty in the beautifully confessional texts. When he’s assigned to write a profile of megastar Céline Dion, he enlists her help in figuring out how to meet Mira in person and win her heart.",2.7773,/koswMk0y7jGcyofV1sBccnNtY0B.jpg,2023-05-05,Love Again,False,6.745,449,"[{'iso_3166_1': 'US', 'name': 'United States of America'}]",2023,"[10749, 18, 35]",Love Again,6230837.0,6022.0,Screen Gems,6230837.0,6230837.0,"Romance,Drama,Comedy",['US'],1,0,0,1,0,0,0,1,0,0,0,0,1,1,1,1,0,0,0,1,0,0,0,0,0,0,0,0,0,0,0,0,0,1,0,Romance,3,5,May,Spring,1,0,0,0,,,0,0,0,0,1,3,358995815,0,High,1,1,0,0,0,0,0,0,0,love again,,,,,0,0,0,0,0,0,13,0,0,0,1
False,/xVFpOIVdVn5ZUq1QIf0UJcZWjO2.jpg,"[16, 12, 14, 10751]",816904,es,Momias,"Through a series of unfortunate events, three mummies end up in present-day London and embark on a wacky and hilarious journey in search of an old ring belonging to the Royal Family, stolen by ambitious archaeologist Lord Carnaby.",4.5452,/r6Ghtw9ENhTXfeUsd1Al20ZAvX.jpg,2023-02-24,Mummies,False,6.922,491,"[{'iso_3166_1': 'ES', 'name': 'Spain'}]",2023,"[16, 12, 14, 10751]",Mummies,4275970.0,6623.0,Warner Bros.,4275970.0,4275970.0,"Animation,Adventure,Fantasy,Family",['ES'],0,0,0,0,0,1,0,0,0,0,0,0,1,0,0,0,0,0,1,0,0,0,0,1,1,1,0,0,0,0,0,0,0,0,1,Animation,4,2,February,Winter,0,0,0,1,Presidents Day,9.0,0,0,0,0,1,4,214504909,0,High,1,1,0,0,0,0,0,0,0,mummies,,,,,0,0,0,0,0,0,13,0,0,0,1
False,/olwNdhuypfQruJzrgC6qdvpZHfO.jpg,"[10402, 18, 36]",812635,en,Chevalier,"The illegitimate son of an African slave and a French plantation owner, Joseph Bologne rises to improbable heights in French society as a celebrated violinist-composer and fencer, complete with an ill-fated love affair and a falling out with Marie Antoinette and her court.",3.9876,/iLhp2fqA0VDIhnC20QHDnw5Yrcf.jpg,2023-04-21,Chevalier,False,6.3,120,"[{'iso_3166_1': 'IE', 'name': 'Ireland'}, {'iso_3166_1': 'US', 'name': 'United States of America'}]",2023,"[10402, 18, 36]",Chevalier,3541159.0,6924.0,Walt Disney Studios Motion Pictures,3541159.0,3541159.0,"Music,Drama,History","['US', 'IE']",1,1,0,1,1,0,0,0,0,0,0,0,1,1,1,0,0,0,0,0,0,0,0,0,0,0,0,1,1,0,0,0,0,0,0,Music,3,4,April,Spring,0,0,0,0,,,0,0,0,0,1,2,358995815,0,Medium,1,1,0,0,0,0,0,0,0,chevalier,,,,,0,0,0,0,0,0,13,0,0,0,1
False,/bWmMLl3codxRsykbkmXcmjrmy4c.jpg,"[35, 18]",830721,en,The Miracle Club,"Three close friends who have never left the outskirts of Dublin (much less Ireland) get the journey of a lifetime — a visit to Lourdes, the picturesque French town and place of miracles.",5.3245,/5MOOL38IZTylA7K04FvJ4PaklaI.jpg,2023-07-14,The Miracle Club,False,6.314,132,"[{'iso_3166_1': 'IE', 'name': 'Ireland'}, {'iso_3166_1': 'GB', 'name': 'United Kingdom'}, {'iso_3166_1': 'US', 'name': 'United States of America'}]",2023,"[35, 18]",The Miracle Club,2402780.0,7506.0,Sony Pictures Releasing,2402780.0,2402780.0,"Comedy,Drama","['GB', 'US', 'IE']",1,1,0,1,0,0,0,1,0,0,0,0,1,1,1,1,0,0,0,0,0,0,0,0,0,0,0,0,0,0,0,0,0,0,0,Comedy,2,7,July,Summer,1,0,0,1,Independence Day,10.0,0,0,1,0,1,7,636238421,4,High,1,1,0,0,0,0,0,0,0,miracle club,,,,,0,0,0,0,0,0,13,0,0,0,1
False,/bLZ1WGb59JXFRYRFgknOwwiPJ0l.jpg,"[18, 35]",800787,en,A Good Person,Allison's life falls apart following her involvement in a fatal accident. The unlikely relationship she forms with her would-be father-in-law helps her live a life worth living.,3.0879,/dhejMQdsqPtTTCKIkyoJ5FLfC3F.jpg,2023-03-24,A Good Person,False,7.1,408,"[{'iso_3166_1': 'CA', 'name': 'Canada'}, {'iso_3166_1': 'US', 'name': 'United States of America'}, {'iso_3166_1': 'GB', 'name': 'United Kingdom'}]",2023,"[18, 35]",A Good Person,2210465.0,7632.0,United Artists Releasing,2210465.0,2210465.0,"Drama,Comedy","['CA', 'GB', 'US']",1,1,1,1,0,0,0,0,0,0,1,0,1,1,1,1,0,0,0,0,0,0,0,0,0,0,0,0,0,0,0,0,0,0,0,Drama,2,3,March,Spring,0,0,0,0,,,0,0,0,0,1,6,574934330,0,High,1,1,0,0,0,0,0,0,0,good person,,,,,0,0,0,0,0,0,13,0,0,0,1
False,/c7MRmF3LMiBWokedmdQl3roTUv2.jpg,"[53, 80, 9648]",798362,en,The Marsh King's Daughter,"Helena, a woman living a seemingly ordinary life, hides a dark secret—her father is the infamous 'Marsh King', the man who kept her and her mother captive in the wilderness for years. After a lifetime of trying to escape her past, Helena is forced to face her demons when her father unexpectedly escapes from prison.",4.4876,/bcuEjrwhp5HgEUnFe5lc4xpEqzt.jpg,2023-11-03,The Marsh King's Daughter,False,6.386,367,"[{'iso_3166_1': 'US', 'name': 'United States of America'}]",2023,"[53, 80, 9648]",The Marsh King's Daughter,1792905.0,7964.0,Lionsgate,1792905.0,1792905.0,"Thriller,Crime,Mystery",['US'],1,0,0,1,0,0,0,0,0,0,0,1,1,1,0,0,0,1,0,0,0,0,1,0,0,0,1,0,0,0,0,0,0,0,0,Thriller,3,11,November,Fall,0,1,1,1,Veterans Day,8.0,0,0,0,0,1,5,166350594,7,High,0,1,0,0,0,0,0,0,0,marsh king,,,,,0,0,0,0,0,0,13,0,0,0,1
False,/p5ozvmdgsmbWe0H8Xk7Rc8SCwAB.jpg,"[16, 12, 35, 10751]",1022789,en,Inside Out 2,"Teenager Riley's mind headquarters is undergoing a sudden demolition to make room for something entirely unexpected: new Emotions! Joy, Sadness, Anger, Fear and Disgust, who’ve long been running a successful operation by all accounts, aren’t sure how to feel when Anxiety shows up. And it looks like she’s not alone.",23.0608,/vpnVM9B6NMmQpWeZvzLvDESb2QY.jpg,2024-06-14,Inside Out 2,False,7.548,6315,"[{'iso_3166_1': 'US', 'name': 'United States of America'}]",2024,"[16, 12, 35, 10751]",Inside Out 2,652980194.0,11.0,Walt Disney Studios Motion Pictures,652980194.0,652980194.0,"Animation,Adventure,Comedy,Family",['US'],1,0,0,1,1,0,0,0,0,0,0,0,1,1,0,1,0,0,1,0,0,0,0,1,0,1,0,0,0,0,0,0,0,0,1,Animation,4,6,June,Summer,1,0,0,0,,,0,0,0,0,1,2,193573217,7,Medium,0,1,0,0,0,0,0,0,1,inside out,356461711.0,356461711.0,356461711.0,1.0,0,0,0,0,0,0,14,0,0,0,1
False,/ufpeVEM64uZHPpzzeiDNIAdaeOD.jpg,"[28, 35, 878]",533535,en,Deadpool & Wolverine,"A listless Wade Wilson toils away in civilian life with his days as the morally flexible mercenary, Deadpool, behind him. But when his homeworld faces an existential threat, Wade must reluctantly suit-up again with an even more reluctant Wolverine.",27.4658,/8cdWjvZQUExUUTzyp4t6EDMubfO.jpg,2024-07-26,Deadpool & Wolverine,False,7.566,8043,"[{'iso_3166_1': 'US', 'name': 'United States of America'}]",2024,"[28, 35, 878]",Deadpool and Wolverine,636745858.0,12.0,Walt Disney Studios Motion Pictures,636745858.0,636745858.0,"Action,Comedy,Science Fiction",['US'],1,0,0,1,1,0,0,0,0,0,0,0,1,1,0,1,1,0,0,0,1,0,0,0,0,0,0,0,0,0,0,0,1,0,0,Action,3,7,July,Summer,1,0,0,0,,,0,0,0,0,1,3,267762265,7,High,1,1,1,0,0,0,0,0,0,deadpool wolverine,,,,,0,0,1,0,0,1,14,0,0,0,1
False,/w22GVYotTIVC1dUd58mRhwPqiS.jpg,"[18, 10749, 14]",402431,en,Wicked,"In the land of Oz, ostracized and misunderstood green-skinned Elphaba is forced to share a room with the popular aristocrat Glinda at Shiz University, and the two's unlikely friendship is tested as they begin to fulfill their respective destinies as Glinda the Good and the Wicked Witch of the West.",27.6669,/xDGbZ0JJ3mYaGKy4Nzd9Kph6M9L.jpg,2024-11-22,Wicked,False,6.929,2714,"[{'iso_3166_1': 'US', 'name': 'United States of America'}]",2024,"[18, 10749, 14]",Wicked,474983975.0,26.0,Universal Pictures,474983975.0,474983975.0,"Drama,Romance,Fantasy",['US'],1,0,0,1,0,0,1,0,0,0,0,0,1,1,1,0,0,0,0,1,0,0,0,0,1,0,0,0,0,0,0,0,0,0,0,Drama,3,11,November,Fall,0,1,1,1,Thanksgiving,3.0,0,1,0,0,1,3,460405297,0,High,1,1,0,0,0,0,0,1,1,wicked,0.0,,,0.0,0,0,0,0,0,1,14,0,0,0,1
False,/zo8CIjJ2nfNOevqNajwMRO6Hwka.jpg,"[10751, 35, 12, 16, 14]",1241982,en,Moana 2,"After receiving an unexpected call from her wayfinding ancestors, Moana journeys alongside Maui and a new crew to the far seas of Oceania and into dangerous, long-lost waters for an adventure unlike anything she's ever faced.",25.2778,/aLVkiINlIeCkcZIzb7XHzPYgO6L.jpg,2024-11-27,Moana 2,False,7.016,2835,"[{'iso_3166_1': 'CA', 'name': 'Canada'}, {'iso_3166_1': 'US', 'name': 'United States of America'}]",2024,"[10751, 35, 12, 16, 14]",Moana 2,460405297.0,28.0,Walt Disney Studios Motion Pictures,460405297.0,460405297.0,"Family,Comedy,Adventure,Animation,Fantasy","['CA', 'US']",1,0,1,1,1,0,0,0,0,0,0,0,1,1,0,1,0,0,1,0,0,0,0,1,1,1,0,0,0,0,0,0,0,0,1,Family,5,11,November,Fall,0,1,1,1,Thanksgiving,2.0,0,1,0,0,1,3,474983975,5,High,1,1,0,0,0,0,0,0,1,moana 2,0.0,,,0.0,1,0,0,0,1,1,14,0,0,0,1
False,/twsxsfao6ZOVvT8LfudH603MMi6.jpg,"[10751, 35, 16, 878]",519182,en,Despicable Me 4,"Gru and Lucy and their girls—Margo, Edith and Agnes—welcome a new member to the Gru family, Gru Jr., who is intent on tormenting his dad. Gru also faces a new nemesis in Maxime Le Mal and his femme fatale girlfriend Valentina, forcing the family to go on the run.",22.3938,/wWba3TaojhK7NdycRhoQpsG0FaH.jpg,2024-07-03,Despicable Me 4,False,7.005,3001,"[{'iso_3166_1': 'US', 'name': 'United States of America'}]",2024,"[10751, 35, 16, 878]",Despicable Me 4,361004205.0,69.0,Universal Pictures,361004205.0,361004205.0,"Family,Comedy,Animation,Science Fiction",['US'],1,0,0,1,0,0,1,0,0,0,0,0,1,1,0,1,0,0,0,0,1,0,0,1,0,1,0,0,0,0,0,0,0,0,1,Family,4,7,July,Summer,1,0,0,1,Independence Day,1.0,0,0,1,0,1,2,139051884,5,Medium,0,1,0,0,0,0,0,0,1,despicable me,884373500.0,264624300.0,294791166.6666667,3.0,0,1,0,0,1,1,14,0,0,0,1
False,/kF8ljC7Y4p1UsmKBi2LxelZpqw.jpg,"[35, 14, 27]",917496,en,Beetlejuice Beetlejuice,"After a family tragedy, three generations of the Deetz family return home to Winter River. Still haunted by Betelgeuse, Lydia's life is turned upside down when her teenage daughter, Astrid, accidentally opens the portal to the Afterlife.",9.8911,/kKgQzkUCnQmeTPkyIwHly2t6ZFI.jpg,2024-09-06,Beetlejuice Beetlejuice,False,6.956,2895,"[{'iso_3166_1': 'US', 'name': 'United States of America'}]",2024,"[35, 14, 27]",Beetlejuice Beetlejuice,294100435.0,117.0,Warner Bros.,294100435.0,294100435.0,"Comedy,Fantasy,Horror",['US'],1,0,0,1,0,1,0,0,0,0,0,0,1,1,0,1,0,0,0,0,0,1,0,0,1,0,0,0,0,0,0,0,0,0,0,Comedy,3,9,September,Fall,0,0,0,1,Labor Day,5.0,0,0,0,1,1,1,59098421,14,Medium,0,0,0,0,0,0,0,1,1,beetlejuice beetlejuice,0.0,,,0.0,0,0,0,0,0,1,14,0,0,0,1
False,/xOMo8BRK7PfcJv9JCnx7s5hj0PX.jpg,"[878, 12]",693134,en,Dune: Part Two,"Follow the mythic journey of Paul Atreides as he unites with Chani and the Fremen while on a path of revenge against the conspirators who destroyed his family. Facing a choice between the love of his life and the fate of the known universe, Paul endeavors to prevent a terrible future only he can foresee.",23.52,/1pdfLvkbY9ohJlCjQH2CZjjYVvJ.jpg,2024-03-01,Dune: Part Two,False,8.133,7303,"[{'iso_3166_1': 'US', 'name': 'United States of America'}]",2024,"[878, 12]",Dune: Part Two,282144358.0,130.0,Warner Bros.,282144358.0,282144358.0,"Science Fiction,Adventure",['US'],1,0,0,1,0,1,0,0,0,0,0,0,1,1,0,0,0,0,1,0,1,0,0,0,0,0,0,0,0,0,0,0,0,0,0,Science Fiction,2,3,March,Spring,0,0,0,0,,,0,0,0,0,1,1,193590620,7,Medium,0,1,0,0,0,0,0,0,1,dune,0.0,,,0.0,0,0,0,0,0,0,14,0,0,0,1
False,/58D6ZAvOKxlHjyX9S8qNKSBE9Y.jpg,"[28, 53]",718821,en,Twisters,"As storm season intensifies, the paths of former storm chaser Kate Carter and reckless social-media superstar Tyler Owens collide when terrifying phenomena never seen before are unleashed. The pair and their competing teams find themselves squarely in the paths of multiple storm systems converging over central Oklahoma in the fight of their lives.",6.796,/pjnD08FlMAIXsfOLKQbvmO0f0MD.jpg,2024-07-19,Twisters,False,6.794,2740,"[{'iso_3166_1': 'US', 'name': 'United States of America'}]",2024,"[28, 53]",Twisters,267762265.0,144.0,Universal Pictures,267762265.0,267762265.0,"Action,Thriller",['US'],1,0,0,1,0,0,1,0,0,0,0,0,1,1,0,0,1,1,0,0,0,0,0,0,0,0,0,0,0,0,0,0,0,0,0,Action,2,7,July,Summer,1,0,0,0,,,0,0,0,0,1,2,636745858,7,Medium,1,1,0,0,0,0,0,1,1,twisters,0.0,,,0.0,0,0,0,0,0,1,14,0,0,0,1
False,/1w8kutrRucTd3wlYyu5QlUDMiG1.jpg,"[12, 10751, 16]",762509,en,Mufasa: The Lion King,"Mufasa, a cub lost and alone, meets a sympathetic lion named Taka, the heir to a royal bloodline. The chance meeting sets in motion an expansive journey of a group of misfits searching for their destiny.",18.8485,/lurEK87kukWNaHd0zYnsi3yzJrs.jpg,2024-12-20,Mufasa: The Lion King,False,7.337,2471,"[{'iso_3166_1': 'US', 'name': 'United States of America'}]",2024,"[12, 10751, 16]",Mufasa: The Lion King,254567693.0,158.0,Walt Disney Studios Motion Pictures,254567693.0,254567693.0,"Adventure,Family,Animation",['US'],1,0,0,1,1,0,0,0,0,0,0,0,1,1,0,0,0,0,1,0,0,0,0,1,0,1,0,0,0,0,0,0,0,0,1,Adventure,3,12,December,Winter,0,1,1,1,Christmas,5.0,1,0,0,0,1,3,236115100,0,High,1,1,0,0,0,0,0,0,1,mufasa,0.0,,,0.0,1,0,0,0,1,1,14,0,0,0,1
False,/zOpe0eHsq0A2NvNyBbtT6sj53qV.jpg,"[28, 878, 35, 10751]",939243,en,Sonic the Hedgehog 3,"Sonic, Knuckles, and Tails reunite against a powerful new adversary, Shadow, a mysterious villain with powers unlike anything they have faced before. With their abilities outmatched in every way, Team Sonic must seek out an unlikely alliance in hopes of stopping Shadow and protecting the planet.",21.7907,/d8Ryb8AunYAuycVKDp5HpdWPKgC.jpg,2024-12-20,Sonic the Hedgehog 3,False,7.641,3063,"[{'iso_3166_1': 'US', 'name': 'United States of America'}, {'iso_3166_1': 'JP', 'name': 'Japan'}]",2024,"[28, 878, 35, 10751]",Sonic the Hedgehog 3,236115100.0,179.0,Paramount Pictures,236115100.0,236115100.0,"Action,Science Fiction,Comedy,Family","['US', 'JP']",1,0,0,1,0,0,0,0,1,0,0,0,1,1,0,1,1,0,0,0,1,0,0,1,0,0,0,0,0,0,0,0,1,0,0,Action,4,12,December,Winter,0,1,1,1,Christmas,5.0,1,0,0,0,1,3,254567693,0,High,1,1,0,0,0,0,0,0,1,sonic hedgehog,339847569.0,190872904.0,169923784.5,2.0,0,1,0,0,1,1,14,0,0,0,1
False,/veIyxxi5Gs8gvztLEW1Ysb8rrzs.jpg,"[28, 12, 878]",823464,en,Godzilla x Kong: The New Empire,"Following their explosive showdown, Godzilla and Kong must reunite against a colossal undiscovered threat hidden within our world, challenging their very existence – and our own.",15.7764,/z1p34vh7dEOnLDmyCrlUVLuoDzd.jpg,2024-03-29,Godzilla x Kong: The New Empire,False,7.07,4432,"[{'iso_3166_1': 'US', 'name': 'United States of America'}]",2024,"[28, 12, 878]",Godzilla x Kong: The New Empire,196350016.0,265.0,Warner Bros.,196350016.0,196350016.0,"Action,Adventure,Science Fiction",['US'],1,0,0,1,0,1,0,0,0,0,0,0,1,1,0,0,1,0,1,0,1,0,0,0,0,0,0,0,0,0,0,1,1,0,0,Action,3,3,March,Spring,0,0,0,0,,,0,0,0,0,1,2,113376590,7,Medium,0,1,0,0,0,0,0,0,1,godzilla x,0.0,,,0.0,0,0,0,0,0,0,14,0,0,0,1
False,/3ffPx9jqg0yj9y1KWeagT7D20CB.jpg,"[16, 10751, 28, 35, 12, 14]",1011985,en,Kung Fu Panda 4,"Po is gearing up to become the spiritual leader of his Valley of Peace, but also needs someone to take his place as Dragon Warrior. As such, he will train a new kung fu practitioner for the spot and will encounter a villain called the Chameleon who conjures villains from the past.",14.3153,/kDp1vUBnMpe8ak4rjgl3cLELqjU.jpg,2024-03-08,Kung Fu Panda 4,False,7.022,3314,"[{'iso_3166_1': 'US', 'name': 'United States of America'}]",2024,"[16, 10751, 28, 35, 12, 14]",Kung Fu Panda 4,193590620.0,271.0,Universal Pictures,193590620.0,193590620.0,"Animation,Family,Action,Comedy,Adventure,Fantasy",['US'],1,0,0,1,0,0,1,0,0,0,0,0,1,1,0,1,1,0,1,0,0,0,0,1,1,1,0,0,0,0,0,1,0,0,1,Animation,6,3,March,Spring,0,0,0,0,,,0,0,0,0,1,2,282144358,7,Medium,1,1,0,0,0,0,0,0,1,kung fu,308777682.0,143528619.0,154388841.0,2.0,0,0,0,0,0,0,14,0,0,0,1
False,/3q01ACG0MWm0DekhvkPFCXyPZSu.jpg,"[28, 35, 80, 53, 12]",573435,en,Bad Boys: Ride or Die,"After their late former Captain is framed, Lowrey and Burnett try to clear his name, only to end up on the run themselves.",14.8067,/oGythE98MYleE6mZlGs5oBGkux1.jpg,2024-06-07,Bad Boys: Ride or Die,False,7.344,3144,"[{'iso_3166_1': 'US', 'name': 'United States of America'}]",2024,"[28, 35, 80, 53, 12]",Bad Boys: Ride or Die,193573217.0,272.0,Sony Pictures Releasing,193573217.0,193573217.0,"Action,Comedy,Crime,Thriller,Adventure",['US'],1,0,0,1,0,0,0,1,0,0,0,0,1,1,0,1,1,1,1,0,0,0,1,0,0,0,0,0,0,0,0,1,0,0,0,Action,5,6,June,Summer,1,0,0,0,,,0,0,0,0,1,3,652980194,7,High,1,1,0,0,0,0,0,0,1,bad boys,206305244.0,206305244.0,206305244.0,1.0,0,0,0,0,0,0,14,0,0,0,1
False,/euYIwmwkmz95mnXvufEmbL6ovhZ.jpg,"[28, 12, 18]",558449,en,Gladiator II,"Years after witnessing the death of the revered hero Maximus at the hands of his uncle, Lucius is forced to enter the Colosseum after his home is conquered by the tyrannical Emperors who now lead Rome with an iron fist. With rage in his heart and the future of the Empire at stake, Lucius must look to his past to find strength and honor to return the glory of Rome to its people.",14.0909,/2cxhvwyEwRlysAmRH4iodkvo0z5.jpg,2024-11-22,Gladiator II,False,6.647,4063,"[{'iso_3166_1': 'US', 'name': 'United States of America'}]",2024,"[28, 12, 18]",Gladiator II,172438016.0,348.0,Paramount Pictures,172438016.0,172438016.0,"Action,Adventure,Drama",['US'],1,0,0,1,0,0,0,0,1,0,0,0,1,1,1,0,1,0,1,0,0,0,0,0,0,0,0,0,0,0,0,1,0,0,0,Action,3,11,November,Fall,0,1,1,1,Thanksgiving,3.0,0,1,0,0,1,3,474983975,0,High,1,1,0,0,0,0,0,0,1,gladiator ii,0.0,,,0.0,0,0,0,0,0,0,14,0,0,0,1
False,/iHYh4cdO8ylA3W0dUxTDVdyJ5G9.jpg,"[878, 12, 28]",653346,en,Kingdom of the Planet of the Apes,"Several generations following Caesar's reign, apes – now the dominant species – live harmoniously while humans have been reduced to living in the shadows. As a new tyrannical ape leader builds his empire, one young ape undertakes a harrowing journey that will cause him to question all he's known about the past and to make choices that will define a future for apes and humans alike.",12.2145,/gKkl37BQuKTanygYQG1pyYgLVgf.jpg,2024-05-10,Kingdom of the Planet of the Apes,False,7.057,4012,"[{'iso_3166_1': 'US', 'name': 'United States of America'}]",2024,"[878, 12, 28]",Kingdom of the Planet of the Apes,171130165.0,353.0,20th Century Studios,171130165.0,171130165.0,"Science Fiction,Adventure,Action",['US'],1,0,0,1,0,0,0,0,0,1,0,0,1,1,0,0,1,0,1,0,1,0,0,0,0,0,0,0,0,0,0,1,1,0,0,Science Fiction,3,5,May,Spring,1,0,0,0,,,0,0,0,0,1,5,111375918,7,High,0,1,0,0,0,0,0,1,1,kingdom planet,0.0,,,0.0,0,0,0,0,0,1,14,0,0,0,1
False,/8yPSYhooj8nyBbmV3GVdLDwuE7e.jpg,"[18, 10749]",1079091,en,It Ends with Us,"When a woman's first love suddenly reenters her life, her relationship with a charming, but abusive neurosurgeon is upended, and she realizes she must learn to rely on her own strength to make an impossible choice for her future.",5.2249,/AjV6jFJ2YFIluYo4GQf13AA1tqu.jpg,2024-08-09,It Ends with Us,False,6.967,1775,"[{'iso_3166_1': 'US', 'name': 'United States of America'}]",2024,"[18, 10749]",It Ends with Us,148518266.0,450.0,Sony Pictures Releasing,148518266.0,148518266.0,"Drama,Romance",['US'],1,0,0,1,0,0,0,1,0,0,0,0,1,1,1,0,0,0,0,1,0,0,0,0,0,0,0,0,0,0,0,0,0,0,0,Drama,2,8,August,Summer,1,0,0,0,,,0,0,0,0,1,2,636745858,7,Medium,1,1,0,0,0,0,0,0,0,it ends,,,,,0,0,0,0,0,0,14,0,0,0,1
False,/1pmXyN3sKeYoUhu5VBZiDU4BX21.jpg,"[16, 878, 10751, 12, 18]",1184918,en,The Wild Robot,"After a shipwreck, an intelligent robot called Roz is stranded on an uninhabited island. To survive the harsh environment, Roz bonds with the island's animals and cares for an orphaned baby goose.",16.983,/wTnV3PCVW5O92JMrFvvrRcV39RU.jpg,2024-09-27,The Wild Robot,False,8.317,5569,"[{'iso_3166_1': 'US', 'name': 'United States of America'}]",2024,"[16, 878, 10751, 12, 18]",The Wild Robot,143901945.0,476.0,Universal Pictures,143901945.0,143901945.0,"Animation,Science Fiction,Family,Adventure,Drama",['US'],1,0,0,1,0,0,1,0,0,0,0,0,1,1,1,0,0,0,1,0,1,0,0,1,0,1,0,0,0,0,0,0,0,0,1,Animation,5,9,September,Fall,0,0,0,0,,,0,0,0,0,1,3,59098421,7,High,0,1,0,0,0,0,0,0,0,wild robot,,,,,0,0,0,0,0,0,14,0,0,0,1
False,/3V4kLQg0kSqPLctI5ziYWabAZYF.jpg,"[28, 878, 12]",912649,en,Venom: The Last Dance,"Eddie and Venom are on the run. Hunted by both of their worlds and with the net closing in, the duo are forced into a devastating decision that will bring the curtains down on Venom and Eddie's last dance.",18.6197,/1RaSkWakWBxxYOWRrqmwo2my5zg.jpg,2024-10-25,Venom: The Last Dance,False,6.673,3916,"[{'iso_3166_1': 'US', 'name': 'United States of America'}]",2024,"[28, 878, 12]",Venom: The Last Dance,139755882.0,499.0,Sony Pictures Releasing,139755882.0,139755882.0,"Action,Science Fiction,Adventure",['US'],1,0,0,1,0,0,0,1,0,0,0,0,1,1,0,0,1,0,1,0,1,0,0,0,0,0,0,0,0,0,0,1,1,0,0,Action,3,10,October,Fall,0,0,1,0,,,0,0,0,0,1,2,69012586,7,Medium,0,1,0,0,0,0,0,0,1,venom,427065872.0,213550366.0,213532936.0,2.0,0,0,1,0,0,1,14,0,0,0,1
False,/6XjMwQTvnICBz6TguiDKkDVHvgS.jpg,"[27, 878, 53]",762441,en,A Quiet Place: Day One,"As New York City is invaded by alien creatures who hunt by sound, a woman named Sam fights to survive with her cat.",9.5692,/hU42CRk14JuPEdqZG3AWmagiPAP.jpg,2024-06-28,A Quiet Place: Day One,False,6.68,3073,"[{'iso_3166_1': 'US', 'name': 'United States of America'}]",2024,"[27, 878, 53]",A Quiet Place: Day One,139051884.0,503.0,Paramount Pictures,139051884.0,139051884.0,"Horror,Science Fiction,Thriller",['US'],1,0,0,1,0,0,0,0,1,0,0,0,1,1,0,0,0,1,0,0,1,1,0,0,0,0,0,0,0,0,0,0,0,0,0,Horror,3,6,June,Summer,1,0,0,1,Independence Day,6.0,0,0,1,0,1,3,652980194,5,High,1,1,0,0,0,0,0,0,1,quiet place,348096622.0,160072261.0,174048311.0,2.0,0,0,0,0,0,0,14,0,0,0,1
False,/5cCfqeUH2f5Gnu7Lh9xepY9TB6x.jpg,"[14, 12, 35]",967847,en,Ghostbusters: Frozen Empire,"When the discovery of an ancient artifact unleashes an evil force, Ghostbusters new and old must join forces to protect their home and save the world from a second Ice Age.",7.1232,/e1J2oNzSBdou01sUvriVuoYp0pJ.jpg,2024-03-22,Ghostbusters: Frozen Empire,False,6.477,1996,"[{'iso_3166_1': 'US', 'name': 'United States of America'}]",2024,"[14, 12, 35]",Ghostbusters: Frozen Empire,113376590.0,697.0,Sony Pictures Releasing,113376590.0,113376590.0,"Fantasy,Adventure,Comedy",['US'],1,0,0,1,0,0,0,1,0,0,0,0,1,1,0,1,0,0,1,0,0,0,0,0,1,0,0,0,0,0,0,0,0,0,0,Fantasy,3,3,March,Spring,0,0,0,0,,,0,0,0,0,1,2,196350016,7,Medium,0,1,0,0,0,0,0,0,1,ghostbusters,257822441.0,129471867.0,128911220.5,2.0,0,0,0,0,0,0,14,0,0,0,1
False,/nxxCPRGTzxUH8SFMrIsvMmdxHti.jpg,"[35, 14, 10751]",639720,en,IF,"After discovering she can see everyone's imaginary friends, a girl embarks on a magical adventure to reconnect forgotten imaginary friends with their kids.",9.0768,/xbKFv4KF3sVYuWKllLlwWDmuZP7.jpg,2024-05-17,IF,False,7.012,1494,"[{'iso_3166_1': 'US', 'name': 'United States of America'}]",2024,"[35, 14, 10751]",IF,111375918.0,715.0,Paramount Pictures,111375918.0,111375918.0,"Comedy,Fantasy,Family",['US'],1,0,0,1,0,0,0,0,1,0,0,0,1,1,0,1,0,0,0,0,0,0,0,1,1,0,0,0,0,0,0,0,0,0,0,Comedy,3,5,May,Spring,1,0,0,1,Memorial Day,8.0,0,0,0,1,1,4,171130165,7,High,0,1,0,0,0,0,0,0,0,if,,,,,0,0,0,0,0,0,14,0,0,0,1
False,/9SSEUrSqhljBMzRe4aBTh17rUaC.jpg,"[27, 878]",945961,en,Alien: Romulus,"While scavenging the deep ends of a derelict space station, a group of young space colonizers come face to face with the most terrifying life form in the universe.",14.6239,/2uSWRTtCG336nuBiG8jOTEUKSy8.jpg,2024-08-16,Alien: Romulus,False,7.176,4153,"[{'iso_3166_1': 'US', 'name': 'United States of America'}]",2024,"[27, 878]",Alien: Romulus,105313091.0,773.0,20th Century Studios,105313091.0,105313091.0,"Horror,Science Fiction",['US'],1,0,0,1,0,0,0,0,0,1,0,0,1,1,0,0,0,0,0,0,1,1,0,0,0,0,0,0,0,0,0,0,0,0,0,Horror,2,8,August,Summer,1,0,0,0,,,0,0,0,0,1,1,148518266,7,Medium,0,1,0,0,0,0,0,0,1,alien,74262031.0,74262031.0,74262031.0,1.0,0,0,0,0,0,0,14,0,0,0,1
False,/rOmUuQEZfPXglwFs5ELLLUDKodL.jpg,"[28, 35, 14]",845781,en,Red One,"After Santa Claus (codename: Red One) is kidnapped, the North Pole's Head of Security must team up with the world's most infamous tracker in a globe-trotting, action-packed mission to save Christmas.",36.0202,/cdqLnri3NEGcmfnqwk2TSIYtddg.jpg,2024-11-15,Red One,False,7.0,2817,"[{'iso_3166_1': 'US', 'name': 'United States of America'}]",2024,"[28, 35, 14]",Red One,97000759.0,879.0,Amazon MGM Studios,97000759.0,97000759.0,"Action,Comedy,Fantasy",['US'],1,0,0,1,0,0,0,0,0,0,1,0,1,1,0,1,1,0,0,0,0,0,0,0,1,0,0,0,0,0,0,0,0,0,0,Action,3,11,November,Fall,0,1,1,1,Veterans Day,4.0,0,0,0,0,1,3,474983975,7,High,1,1,0,0,0,0,0,0,0,red one,,,,,0,0,0,0,0,0,14,0,0,0,1
False,/H5HjE7Xb9N09rbWn1zBfxgI8uz.jpg,"[28, 35, 10749]",746036,en,The Fall Guy,"Fresh off an almost career-ending accident, stuntman Colt Seavers has to track down a missing movie star, solve a conspiracy and try to win back the love of his life while still doing his day job.",9.69,/e7olqFmzcIX5c23kX4zSmLPJi8c.jpg,2024-05-03,The Fall Guy,False,6.977,3396,"[{'iso_3166_1': 'US', 'name': 'United States of America'}]",2024,"[28, 35, 10749]",The Fall Guy,92900355.0,932.0,Universal Pictures,92900355.0,92900355.0,"Action,Comedy,Romance",['US'],1,0,0,1,0,0,1,0,0,0,0,0,1,1,0,1,1,0,0,1,0,0,0,0,0,0,0,0,0,0,0,0,0,1,0,Action,3,5,May,Spring,1,0,0,0,,,0,0,0,0,1,3,171130165,7,High,0,1,0,0,0,0,0,0,0,fall guy,,,,,0,0,0,0,0,0,14,0,0,0,1
False,/P82NAcEsLIYgQtrtn36tYsj41m.jpg,"[10751, 35, 12, 16]",748783,en,The Garfield Movie,"Garfield, the world-famous, Monday-hating, lasagna-loving indoor cat, is about to have a wild outdoor adventure! After an unexpected reunion with his long-lost father – scruffy street cat Vic – Garfield and his canine friend Odie are forced from their perfectly pampered life into joining Vic in a hilarious, high-stakes heist.",12.0119,/xYduFGuch9OwbCOEUiamml18ZoB.jpg,2024-05-24,The Garfield Movie,False,7.017,1369,"[{'iso_3166_1': 'HK', 'name': 'Hong Kong'}, {'iso_3166_1': 'GB', 'name': 'United Kingdom'}, {'iso_3166_1': 'US', 'name': 'United States of America'}]",2024,"[10751, 35, 12, 16]",The Garfield Movie,91956547.0,941.0,Sony Pictures Releasing,91956547.0,91956547.0,"Family,Comedy,Adventure,Animation","['HK', 'GB', 'US']",1,1,0,1,0,0,0,1,0,0,0,0,1,1,0,1,0,0,1,0,0,0,0,1,0,1,0,0,0,0,0,0,0,0,1,Family,4,5,May,Spring,1,0,0,1,Memorial Day,1.0,0,0,0,1,1,4,193573217,0,High,0,1,0,0,0,0,0,0,0,garfield movie,,,,,0,1,0,0,1,1,14,0,0,0,1
False,/accTIUygtg24TM7wT7uQMMdvYUW.jpg,[35],673593,en,Mean Girls,"New student Cady Heron is welcomed into the top of the social food chain by the elite group of popular girls called ‘The Plastics,’ ruled by the conniving queen bee Regina George and her minions Gretchen and Karen. However, when Cady makes the major misstep of falling for Regina’s ex-boyfriend Aaron Samuels, she finds herself prey in Regina’s crosshairs. As Cady sets to take down the group’s apex predator with the help of her outcast friends Janis and Damian, she must learn how to stay true to herself while navigating the most cutthroat jungle of all: high school.",4.8803,/fbbj3viSUDEGT1fFFMNpHP1iUjw.jpg,2024-01-12,Mean Girls,False,5.928,676,"[{'iso_3166_1': 'US', 'name': 'United States of America'}]",2024,[35],Mean Girls,72581770.0,1255.0,Paramount Pictures,72581770.0,72581770.0,Comedy,['US'],1,0,0,1,0,0,0,0,1,0,0,0,1,1,0,1,0,0,0,0,0,0,0,0,0,0,0,0,0,0,0,0,0,0,0,Comedy,1,1,January,Winter,0,0,0,1,Martin Luther King Jr. Day,3.0,0,0,0,0,1,1,66220535,0,Medium,0,1,0,0,0,0,0,0,0,mean girls,,,,,0,0,0,0,0,0,14,0,0,0,1
False,/iR79ciqhtaZ9BE7YFA1HpCHQgX4.jpg,"[27, 9648]",1100782,en,Smile 2,"About to embark on a new world tour, global pop sensation Skye Riley begins experiencing increasingly terrifying and inexplicable events. Overwhelmed by the escalating horrors and the pressures of fame, Skye is forced to face her dark past to regain control of her life before it spirals out of control.",12.9454,/ht8Uv9QPv9y7K0RvUyJIaXOZTfd.jpg,2024-10-18,Smile 2,False,6.59,1924,"[{'iso_3166_1': 'US', 'name': 'United States of America'}]",2024,"[27, 9648]",Smile 2,69012586.0,1339.0,Paramount Pictures,69012586.0,69012586.0,"Horror,Mystery",['US'],1,0,0,1,0,0,0,0,1,0,0,0,1,1,0,0,0,0,0,0,0,1,0,0,0,0,1,0,0,0,0,0,0,0,0,Horror,2,10,October,Fall,0,0,1,1,Columbus Day,8.0,0,0,0,0,1,3,139755882,7,High,0,1,0,0,0,0,0,0,1,smile 2,0.0,,,0.0,0,0,0,0,0,0,14,0,0,0,1
False,/wNAhuOZ3Zf84jCIlrcI6JhgmY5q.jpg,"[28, 878, 12]",786892,en,Furiosa: A Mad Max Saga,"As the world falls, young Furiosa is snatched from the Green Place of Many Mothers into the hands of a great biker horde led by the warlord Dementus. Sweeping through the wasteland, they encounter the citadel presided over by Immortan Joe. The two tyrants wage war for dominance, and Furiosa must survive many trials as she puts together the means to find her way home.",24.6326,/iADOJ8Zymht2JPMoy3R7xceZprc.jpg,2024-05-24,Furiosa: A Mad Max Saga,False,7.459,4564,"[{'iso_3166_1': 'AU', 'name': 'Australia'}, {'iso_3166_1': 'US', 'name': 'United States of America'}]",2024,"[28, 878, 12]",Furiosa: A Mad Max Saga,67475791.0,1366.0,Warner Bros.,67475791.0,67475791.0,"Action,Science Fiction,Adventure","['US', 'AU']",1,0,0,1,0,1,0,0,0,0,0,0,1,1,0,0,1,0,1,0,1,0,0,0,0,0,0,0,0,0,0,1,1,0,0,Action,3,5,May,Spring,1,0,0,1,Memorial Day,1.0,0,0,0,1,1,4,193573217,0,High,0,1,0,0,0,0,0,0,1,furiosa,0.0,,,0.0,0,0,0,0,0,0,14,0,0,0,1
False,/4MCKNAc6AbWjEsM2h9Xc29owo4z.jpg,"[28, 80, 53]",866398,en,The Beekeeper,One man's campaign for vengeance takes on national stakes after he is revealed to be a former operative of a powerful and clandestine organization known as Beekeepers.,14.353,/A7EByudX0eOzlkQ2FIbogzyazm2.jpg,2024-01-12,The Beekeeper,False,7.266,3923,"[{'iso_3166_1': 'GB', 'name': 'United Kingdom'}, {'iso_3166_1': 'US', 'name': 'United States of America'}]",2024,"[28, 80, 53]",The Beekeeper,66220535.0,1407.0,Metro-Goldwyn-Mayer (MGM),66220535.0,66220535.0,"Action,Crime,Thriller","['GB', 'US']",1,1,0,1,0,0,0,0,0,0,1,0,1,1,0,0,1,1,0,0,0,0,1,0,0,0,0,0,0,0,0,0,0,0,0,Action,3,1,January,Winter,0,0,0,1,Martin Luther King Jr. Day,3.0,0,0,0,0,1,1,72581770,0,Medium,0,1,0,0,0,0,0,0,0,beekeeper,,,,,0,0,0,0,0,0,14,0,0,0,1
False,/cMfokHWle5lfCreoV08cbmkKv6G.jpg,"[16, 878, 12, 10751]",698687,en,Transformers One,"The untold origin story of Optimus Prime and Megatron, better known as sworn enemies, but once were friends bonded like brothers who changed the fate of Cybertron forever.",9.0895,/iRCgqpdVE4wyLQvGYU3ZP7pAtUc.jpg,2024-09-20,Transformers One,False,8.021,1464,"[{'iso_3166_1': 'US', 'name': 'United States of America'}]",2024,"[16, 878, 12, 10751]",Transformers One,59098421.0,1599.0,Paramount Pictures,59098421.0,59098421.0,"Animation,Science Fiction,Adventure,Family",['US'],1,0,0,1,0,0,0,0,1,0,0,0,1,1,0,0,0,0,1,0,1,0,0,1,0,1,0,0,0,0,0,0,0,0,1,Animation,4,9,September,Fall,0,0,0,0,,,0,0,0,0,1,3,294100435,7,High,1,1,0,0,0,0,0,0,0,transformers one,,,,,0,1,0,0,1,1,14,0,0,0,1
False,/AVWlQpVhpudyFsSh3OQIieHHYf.jpg,"[18, 80, 53]",889737,en,Joker: Folie à Deux,"While struggling with his dual identity, Arthur Fleck not only stumbles upon true love, but also finds the music that's always been inside him.",8.9394,/if8QiqCI7WAGImKcJCfzp6VTyKA.jpg,2024-10-04,Joker: Folie à Deux,False,5.408,2709,"[{'iso_3166_1': 'US', 'name': 'United States of America'}]",2024,"[18, 80, 53]",Joker: Folie à Deux,58300287.0,1626.0,Warner Bros.,58300287.0,58300287.0,"Drama,Crime,Thriller",['US'],1,0,0,1,0,1,0,0,0,0,0,0,1,1,1,0,0,1,0,0,0,0,1,0,0,0,0,0,0,0,0,0,0,0,0,Drama,3,10,October,Fall,0,0,1,1,Columbus Day,6.0,0,0,0,0,1,4,143901945,7,High,0,1,0,1,0,0,0,0,1,joker,335477657.0,335477657.0,335477657.0,1.0,0,0,1,0,0,1,14,0,0,0,1
False,/4CcUgdiGe83MeqJW1NyJVmZqRrF.jpg,"[18, 10749]",937287,en,Challengers,"Tennis player turned coach Tashi has taken her husband, Art, and transformed him into a world-famous Major champion. To jolt him out of his recent losing streak, she signs him up for a ""Challenger"" event — close to the lowest level of pro tournament — where he finds himself standing across the net from his former best friend and Tashi's former boyfriend.",8.862,/H6vke7zGiuLsz4v4RPeReb9rsv.jpg,2024-04-26,Challengers,False,6.928,2480,"[{'iso_3166_1': 'IT', 'name': 'Italy'}, {'iso_3166_1': 'US', 'name': 'United States of America'}]",2024,"[18, 10749]",Challengers,50119408.0,1924.0,Amazon MGM Studios,50119408.0,50119408.0,"Drama,Romance","['IT', 'US']",1,0,0,1,0,0,0,0,0,0,1,0,1,1,1,0,0,0,0,1,0,0,0,0,0,0,0,0,0,0,0,0,0,0,0,Drama,2,4,April,Spring,0,0,0,0,,,0,0,0,0,1,3,171130165,7,High,0,1,0,0,0,0,0,0,0,challengers,,,,,0,0,0,0,0,0,14,0,0,0,1
False,/mY3CRicUMaX3Btxv8yspud75UJu.jpg,"[28, 12, 35]",848538,en,Argylle,"When the plots of reclusive author Elly Conway's fictional espionage novels begin to mirror the covert actions of a real-life spy organization, quiet evenings at home become a thing of the past. Accompanied by her cat Alfie and Aidan, a cat-allergic spy, Elly races across the world to stay one step ahead of the killers as the line between Conway's fictional world and her real one begins to blur.",5.4586,/siduVKgOnABO4WH4lOwPQwaGwJp.jpg,2024-02-02,Argylle,False,6.014,1629,"[{'iso_3166_1': 'GB', 'name': 'United Kingdom'}, {'iso_3166_1': 'US', 'name': 'United States of America'}]",2024,"[28, 12, 35]",Argylle,45207275.0,2118.0,Universal Pictures,45207275.0,45207275.0,"Action,Adventure,Comedy","['GB', 'US']",1,1,0,1,0,0,1,0,0,0,0,0,1,1,0,1,1,0,1,0,0,0,0,0,0,0,0,0,0,0,0,1,0,0,0,Action,3,2,February,Winter,0,0,0,0,,,0,0,0,0,0,0,0,,Low,0,0,0,0,0,0,0,0,0,argylle,,,,,0,0,0,0,0,0,14,0,0,0,1
False,/pwGmXVKUgKN13psUjlhC9zBcq1o.jpg,"[28, 14]",634492,en,Madame Web,"Forced to confront revelations about her past, paramedic Cassandra Webb forges a relationship with three young women destined for powerful futures...if they can all survive a deadly present.",7.789,/rULWuutDcN5NvtiZi4FRPzRYWSh.jpg,2024-02-14,Madame Web,False,5.315,2424,"[{'iso_3166_1': 'US', 'name': 'United States of America'}]",2024,"[28, 14]",Madame Web,43817106.0,2183.0,Columbia Pictures,43817106.0,43817106.0,"Action,Fantasy",['US'],1,0,0,1,0,0,0,1,0,0,0,0,1,1,0,0,1,0,0,0,0,0,0,0,1,0,0,0,0,0,0,0,0,0,0,Action,2,2,February,Winter,0,0,0,1,Presidents Day,1.0,0,0,0,0,0,0,0,,Low,0,0,0,0,0,0,0,0,0,madame web,,,,,0,0,1,0,0,1,14,0,0,0,1
False,/nra0mwygGORHlD0Rd84DhQ9jkdf.jpg,"[80, 53]",1032823,en,Trap,"A father and teen daughter attend a pop concert, where they realize they're at the center of a dark and sinister event.",11.8192,/jwoaKYVqPgYemFpaANL941EF94R.jpg,2024-08-02,Trap,False,6.25,2561,"[{'iso_3166_1': 'US', 'name': 'United States of America'}]",2024,"[80, 53]",Trap,42777281.0,2231.0,Warner Bros.,42777281.0,42777281.0,"Crime,Thriller",['US'],1,0,0,1,0,1,0,0,0,0,0,0,1,1,0,0,0,1,0,0,0,0,1,0,0,0,0,0,0,0,0,0,0,0,0,Crime,2,8,August,Summer,1,0,0,0,,,0,0,0,0,1,4,636745858,7,High,1,1,0,0,0,0,0,0,0,trap,,,,,0,0,0,0,0,0,14,0,0,0,1
False,/w6nMvaWa3DcPTCNAb7SVNpBlvWh.jpg,"[35, 18, 10751]",1206617,en,The Best Christmas Pageant Ever,"The Herdman kids are undeniably the worst kids in the history of the world. They lie, steal, cheat, bully and overall terrorize their small community. But this Christmas, they're taking over their local church Pageant – and they just might unwittingly teach a shocked little town the true meaning of Christmas.",4.8174,/3sSXrvJPXjUCncgFDU6BkIVjNRA.jpg,2024-11-08,The Best Christmas Pageant Ever,False,6.801,103,"[{'iso_3166_1': 'US', 'name': 'United States of America'}]",2024,"[35, 18, 10751]",The Best Christmas Pageant Ever,40048808.0,2374.0,Lionsgate,40048808.0,40048808.0,"Comedy,Drama,Family",['US'],1,0,0,1,0,0,0,0,0,0,0,1,1,1,1,1,0,0,0,0,0,0,0,1,0,0,0,0,0,0,0,0,0,0,0,Comedy,3,11,November,Fall,0,1,1,1,Veterans Day,3.0,0,0,0,0,1,4,474983975,7,High,1,1,0,0,0,0,0,0,0,best christmas,,,,,0,0,0,0,0,0,14,0,0,0,1
False,/1fL2S8LKxCVE9KoPRBXeagmBtex.jpg,"[27, 53]",1114513,en,Speak No Evil,"When an American family is invited to spend the weekend at the idyllic country estate of a charming British family they befriended on vacation, what begins as a dream holiday soon warps into a snarled psychological nightmare.",8.1625,/dA4N6uWOnEMgbxXwFX7qX7adzs8.jpg,2024-09-13,Speak No Evil,False,7.178,1837,"[{'iso_3166_1': 'US', 'name': 'United States of America'}]",2024,"[27, 53]",Speak No Evil,36931420.0,2544.0,Universal Pictures,36931420.0,36931420.0,"Horror,Thriller",['US'],1,0,0,1,0,0,1,0,0,0,0,0,1,1,0,0,0,1,0,0,0,1,0,0,0,0,0,0,0,0,0,0,0,0,0,Horror,2,9,September,Fall,0,0,0,0,,,0,0,0,0,1,3,294100435,7,High,1,1,0,0,0,0,0,0,0,speak no,,,,,0,0,0,0,0,0,14,0,0,0,1
False,/59AJ2w9tKRSbBpnxKfB5UyIg6Jf.jpg,"[27, 53]",1010600,en,The Strangers: Chapter 1,"After their car breaks down in an eerie small town, a young couple are forced to spend the night in a remote cabin. Panic ensues as they are terrorized by three masked strangers who strike with no mercy and seemingly no motives.",4.3214,/oYsCNpW4k7Pd7ac3uQfBhr2ihtW.jpg,2024-05-17,The Strangers: Chapter 1,False,5.631,647,"[{'iso_3166_1': 'GB', 'name': 'United Kingdom'}, {'iso_3166_1': 'US', 'name': 'United States of America'}]",2024,"[27, 53]",The Strangers: Chapter 1,35202562.0,2652.0,Lionsgate,35202562.0,35202562.0,"Horror,Thriller","['GB', 'US']",1,1,0,1,0,0,0,0,0,0,0,1,1,1,0,0,0,1,0,0,0,1,0,0,0,0,0,0,0,0,0,0,0,0,0,Horror,2,5,May,Spring,1,0,0,1,Memorial Day,8.0,0,0,0,1,1,5,171130165,0,High,0,1,0,0,0,0,0,0,1,strangers,24586708.0,24586708.0,24586708.0,1.0,0,0,0,0,0,0,14,0,0,0,1
False,/aZ8dBIvpDFp9cp23MfBiY5mWfuy.jpg,"[27, 9648]",1072342,en,Night Swim,"Forced into early retirement by a degenerative illness, former baseball player Ray Waller moves into a new house with his wife and two children. He hopes that the backyard swimming pool will be fun for the kids and provide physical therapy for himself. However, a dark secret from the home's past soon unleashes a malevolent force that drags the family into the depths of inescapable terror.",3.7847,/gSkfBGdxdialBMM7P02V4hcI6Ij.jpg,2024-01-05,Night Swim,False,5.518,793,"[{'iso_3166_1': 'US', 'name': 'United States of America'}]",2024,"[27, 9648]",Night Swim,32494740.0,2834.0,Universal Pictures,32494740.0,32494740.0,"Horror,Mystery",['US'],1,0,0,1,0,0,1,0,0,0,0,0,1,1,0,0,0,0,0,0,0,1,0,0,0,0,1,0,0,0,0,0,0,0,0,Horror,2,1,January,Winter,0,0,0,1,New Year's Day,4.0,1,0,0,0,1,6,127630880,7,High,0,1,0,0,0,0,0,0,0,night swim,,,,,0,0,0,0,0,0,14,0,0,0,1
False,/TGsfNWkASegCfAn6ED1b08a9O6.jpg,"[27, 9648]",1125311,en,Imaginary,"When Jessica moves back into her childhood home with her family, her youngest stepdaughter Alice develops an eerie attachment to a stuffed bear named Chauncey she finds in the basement. Alice starts playing games with Chauncey that begin playful and become increasingly sinister. As Alice’s behavior becomes more and more concerning, Jessica intervenes only to realize Chauncey is much more than the stuffed toy bear she believed him to be.",3.4762,/bPCxkrCEGJmaYfvdXj0x3mCLbGr.jpg,2024-03-08,Imaginary,False,5.938,649,"[{'iso_3166_1': 'US', 'name': 'United States of America'}]",2024,"[27, 9648]",Imaginary,28009161.0,3142.0,Lionsgate,28009161.0,28009161.0,"Horror,Mystery",['US'],1,0,0,1,0,0,0,0,0,0,0,1,1,1,0,0,0,0,0,0,0,1,0,0,0,0,1,0,0,0,0,0,0,0,0,Horror,2,3,March,Spring,0,0,0,0,,,0,0,0,0,1,3,282144358,0,High,1,1,0,0,0,0,0,0,0,imaginary,,,,,0,0,0,0,0,0,14,0,0,0,1
False,/2TPoqmatGDfBOiRxqNoL11ncCJe.jpg,"[27, 53, 80]",1111873,en,Abigail,"A group of criminals kidnap a teenage ballet dancer, the daughter of a notorious gang leader, in order to obtain a ransom of $50 million, but over time, they discover that she is not just an ordinary girl. After the kidnappers begin to diminish, one by one, they discover, to their increasing horror, that they are locked inside with no normal little girl.",13.9278,/5gKKSoD3iezjoL7YqZONjmyAiRA.jpg,2024-04-19,Abigail,False,6.707,1831,"[{'iso_3166_1': 'US', 'name': 'United States of America'}]",2024,"[27, 53, 80]",Abigail,25867515.0,3298.0,Universal Pictures,25867515.0,25867515.0,"Horror,Thriller,Crime",['US'],1,0,0,1,0,0,1,0,0,0,0,0,1,1,0,0,0,1,0,0,0,1,1,0,0,0,0,0,0,0,0,0,0,0,0,Horror,3,4,April,Spring,0,0,0,0,,,0,0,0,0,1,3,92900355,7,High,0,1,0,0,0,0,0,0,0,abigail,,,,,0,0,0,0,0,0,14,0,0,0,1
False,/lA6KdSkCTxwzvqzPqxch997RabQ.jpg,"[28, 53]",560016,en,Monkey Man,"Kid is an anonymous young man who ekes out a meager living in an underground fight club where, night after night, wearing a gorilla mask, he is beaten bloody by more popular fighters for cash. After years of suppressed rage, Kid discovers a way to infiltrate the enclave of the city’s sinister elite. As his childhood trauma boils over, his mysteriously scarred hands unleash an explosive campaign of retribution to settle the score with the men who took everything from him.",4.8018,/4lhR4L2vzzjl68P1zJyCH755Oz4.jpg,2024-04-05,Monkey Man,False,6.891,1281,"[{'iso_3166_1': 'CA', 'name': 'Canada'}, {'iso_3166_1': 'SG', 'name': 'Singapore'}, {'iso_3166_1': 'US', 'name': 'United States of America'}]",2024,"[28, 53]",Monkey Man,25116955.0,3366.0,Universal Pictures,25116955.0,25116955.0,"Action,Thriller","['CA', 'US', 'SG']",1,0,1,1,0,0,1,0,0,0,0,0,1,1,0,0,1,1,0,0,0,0,0,0,0,0,0,0,0,0,0,0,0,0,0,Action,2,4,April,Spring,0,0,0,0,,,0,0,0,0,1,3,196350016,7,High,0,1,0,0,0,0,0,0,0,monkey man,,,,,0,0,0,0,0,0,14,0,0,0,1
False,/jw4SNkaSgbrO7VJPsZUZqbBg1Ph.jpg,"[12, 18]",618588,en,Arthur the King,"Over the course of ten days and 435 miles, an unbreakable bond is forged between pro adventure racer Michael Light and a scrappy street dog companion dubbed Arthur. As the team is pushed to their outer limits of endurance in the race, Arthur redefines what victory, loyalty and friendship truly mean.",3.4045,/zkKB3kOun5DKAkm61pHvLbrjxfa.jpg,2024-03-15,Arthur the King,False,7.579,876,"[{'iso_3166_1': 'CA', 'name': 'Canada'}, {'iso_3166_1': 'US', 'name': 'United States of America'}]",2024,"[12, 18]",Arthur the King,25049006.0,3380.0,Lionsgate,25049006.0,25049006.0,"Adventure,Drama","['CA', 'US']",1,0,1,1,0,0,0,0,0,0,0,1,1,1,1,0,0,0,1,0,0,0,0,0,0,0,0,0,0,0,0,0,0,0,0,Adventure,2,3,March,Spring,0,0,0,0,,,0,0,0,0,1,4,282144358,7,High,1,1,0,0,0,0,0,0,0,arthur king,,,,,0,0,0,0,0,0,14,0,0,0,1
False,/bGGjyPqtNc8hhGkPo8W8D8t90bW.jpg,"[28, 12, 53]",539972,en,Kraven the Hunter,"Kraven Kravinoff's complex relationship with his ruthless gangster father, Nikolai, starts him down a path of vengeance with brutal consequences, motivating him to become not only the greatest hunter in the world, but also one of its most feared.",18.184,/i47IUSsN126K11JUzqQIOi1Mg1M.jpg,2024-12-13,Kraven the Hunter,False,6.462,2132,"[{'iso_3166_1': 'US', 'name': 'United States of America'}]",2024,"[28, 12, 53]",Kraven the Hunter,25026310.0,3383.0,Sony Pictures Releasing,25026310.0,25026310.0,"Action,Adventure,Thriller",['US'],1,0,0,1,0,0,0,1,0,0,0,0,1,1,0,0,1,1,1,0,0,0,0,0,0,0,0,0,0,0,0,1,0,0,0,Action,3,12,December,Winter,0,1,1,0,,,0,0,0,0,1,4,254567693,7,High,1,1,0,0,0,0,0,0,0,kraven hunter,,,,,0,0,1,0,0,1,14,0,0,0,1
False,/NqqLef2ITlK8olXT4iFuUXFwSh.jpg,"[9648, 53]",840705,en,Blink Twice,"When tech billionaire Slater King meets cocktail waitress Frida at his fundraising gala, he invites her to join him and his friends on a dream vacation on his private island. But despite the epic setting, beautiful people, ever-flowing champagne, and late-night dance parties, Frida can sense that there’s something sinister hiding beneath the island’s lush façade.",5.9616,/lZGOK0I2DJSRlEPNOAFTSNxSjDD.jpg,2024-08-23,Blink Twice,False,6.689,1703,"[{'iso_3166_1': 'US', 'name': 'United States of America'}]",2024,"[9648, 53]",Blink Twice,23093906.0,3522.0,Amazon MGM Studios,23093906.0,23093906.0,"Mystery,Thriller",['US'],1,0,0,1,0,0,0,0,0,0,1,0,1,1,0,0,0,1,0,0,0,0,0,0,0,0,1,0,0,0,0,0,0,0,0,Mystery,2,8,August,Summer,1,0,0,1,Labor Day,9.0,0,0,0,1,1,3,294100435,7,High,1,1,0,0,0,0,0,0,0,blink twice,,,,,0,0,0,0,0,0,14,0,0,0,1
False,/AfKwzRBXyzcalN5Kaw6hhEZj7cl.jpg,"[28, 35, 10752]",799583,en,The Ministry of Ungentlemanly Warfare,"During World War II, the British Army assigns a group of competent soldiers to carry out a mission against the Nazi forces behind enemy lines... A true story about a secret British WWII organization — the Special Operations Executive. Founded by Winston Churchill, their irregular warfare against the Germans helped to change the course of the war, and gave birth to modern black operations.",6.7187,/8aF0iAKH9MJMYAZdi0Slg77RYa2.jpg,2024-04-19,The Ministry of Ungentlemanly Warfare,False,7.029,1703,"[{'iso_3166_1': 'GB', 'name': 'United Kingdom'}, {'iso_3166_1': 'US', 'name': 'United States of America'}]",2024,"[28, 35, 10752]",The Ministry of Ungentlemanly Warfare,20535053.0,3787.0,Lionsgate,20535053.0,20535053.0,"Action,Comedy,War","['GB', 'US']",1,1,0,1,0,0,0,0,0,0,0,1,1,1,0,1,1,0,0,0,0,0,0,0,0,0,0,0,0,1,0,0,0,0,0,Action,3,4,April,Spring,0,0,0,0,,,0,0,0,0,1,3,92900355,7,High,0,1,0,0,0,0,0,0,0,ministry ungentlemanly,,,,,0,0,0,0,0,0,14,0,0,0,1
False,/4ItXEyVPj6wb9AdhsltcqYE6f5f.jpg,"[10749, 35]",956842,en,Fly Me to the Moon,"Sparks fly in all directions as marketing maven Kelly Jones, brought in to fix NASA's public image, wreaks havoc on Apollo 11 launch director Cole Davis' already difficult task of putting a man on the moon. When the White House deems the mission too important to fail, Jones is directed to stage a fake moon landing as backup, and the countdown truly begins.",3.7459,/gjk8YdXpItoC1in53FCrZMFIuBx.jpg,2024-07-12,Fly Me to the Moon,False,6.8,1051,"[{'iso_3166_1': 'US', 'name': 'United States of America'}]",2024,"[10749, 35]",Fly Me to the Moon,20532222.0,3789.0,Columbia Pictures,20532222.0,20532222.0,"Romance,Comedy",['US'],1,0,0,1,0,0,0,1,0,0,0,0,1,1,0,1,0,0,0,1,0,0,0,0,0,0,0,0,0,0,0,0,0,1,0,Romance,2,7,July,Summer,1,0,0,1,Independence Day,8.0,0,0,1,0,1,5,636745858,0,High,1,1,0,0,0,0,0,0,0,fly me,,,,,0,0,0,0,0,0,14,0,0,0,1
False,/aBoo55Vl58NCo8D8BPykolQ8y86.jpg,[27],437342,en,The First Omen,"When a young American woman is sent to Rome to begin a life of service to the church, she encounters a darkness that causes her to question her own faith and uncovers a terrifying conspiracy that hopes to bring about the birth of evil incarnate.",6.6199,/cIzk6GhxEZuweekGFXWEoAyuaMX.jpg,2024-04-05,The First Omen,False,6.844,1215,"[{'iso_3166_1': 'US', 'name': 'United States of America'}]",2024,[27],The First Omen,20092802.0,3852.0,20th Century Studios,20092802.0,20092802.0,Horror,['US'],1,0,0,1,0,0,0,0,0,1,0,0,1,1,0,0,0,0,0,0,0,1,0,0,0,0,0,0,0,0,0,0,0,0,0,Horror,1,4,April,Spring,0,0,0,0,,,0,0,0,0,1,3,196350016,7,High,0,1,0,0,0,0,0,0,0,first omen,,,,,0,0,0,0,0,0,14,0,0,0,1
False,/whnFKx0Y54Ktg6o2TiwbnQfXdZf.jpg,"[14, 27, 9648]",1086747,en,The Watchers,"A young artist gets stranded in an extensive, immaculate forest in western Ireland, where, after finding shelter, she becomes trapped alongside three strangers, stalked by mysterious creatures each night.",5.0077,/vZVEUPychdvZLrTNwWErr9xZFmu.jpg,2024-06-07,The Watchers,False,6.375,1448,"[{'iso_3166_1': 'US', 'name': 'United States of America'}, {'iso_3166_1': 'IE', 'name': 'Ireland'}]",2024,"[14, 27, 9648]",The Watchers,19071404.0,3953.0,Warner Bros.,19071404.0,19071404.0,"Fantasy,Horror,Mystery","['US', 'IE']",1,1,0,1,0,1,0,0,0,0,0,0,1,1,0,0,0,0,0,0,0,1,0,0,1,0,1,0,0,0,0,0,0,0,0,Fantasy,3,6,June,Summer,1,0,0,0,,,0,0,0,0,1,4,652980194,0,High,1,1,0,0,0,0,0,0,0,watchers,,,,,0,0,0,0,0,0,14,0,0,0,1
False,/otfoeC96neoOdA4HqsX06OWuzE9.jpg,[27],719221,en,Tarot,"When a group of friends recklessly violate the sacred rule of Tarot readings, they unknowingly unleash an unspeakable evil trapped within the cursed cards. One by one, they come face to face with fate and end up in a race against death.",4.2678,/gAEUXC37vl1SnM7PXsHTF23I2vq.jpg,2024-05-03,Tarot,False,6.402,1312,"[{'iso_3166_1': 'US', 'name': 'United States of America'}]",2024,[27],Tarot,18771004.0,3984.0,Screen Gems,18771004.0,18771004.0,Horror,['US'],1,0,0,1,0,0,0,1,0,0,0,0,1,1,0,0,0,0,0,0,0,1,0,0,0,0,0,0,0,0,0,0,0,0,0,Horror,1,5,May,Spring,1,0,0,0,,,0,0,0,0,1,4,171130165,0,High,0,1,0,0,0,0,0,0,0,tarot,,,,,0,0,0,0,0,0,14,0,0,0,1
False,/biMJPdS7bGW7HQTQrHvXxMqOqdC.jpg,"[10751, 35, 12, 14]",826510,en,Harold and the Purple Crayon,"Inside of his book, adventurous Harold can make anything come to life simply by drawing it. After he grows up and draws himself off the book's pages and into the physical world, Harold finds he has a lot to learn about real life.",6.2677,/qtW6bWUEqfPLaD6KnetIlSG4adf.jpg,2024-08-02,Harold and the Purple Crayon,False,6.683,328,"[{'iso_3166_1': 'US', 'name': 'United States of America'}]",2024,"[10751, 35, 12, 14]",Harold and the Purple Crayon,17640924.0,4104.0,Columbia Pictures,17640924.0,17640924.0,"Family,Comedy,Adventure,Fantasy",['US'],1,0,0,1,0,0,0,1,0,0,0,0,1,1,0,1,0,0,1,0,0,0,0,1,1,0,0,0,0,0,0,0,0,0,0,Family,4,8,August,Summer,1,0,0,0,,,0,0,0,0,1,4,636745858,7,High,1,1,0,0,0,0,0,0,0,harold purple,,,,,0,0,0,0,0,0,14,0,0,0,1
False,/mKOBdgaEFguADkJhfFslY7TYxIh.jpg,"[28, 878, 35]",365177,en,Borderlands,"Returning to her home planet, an infamous bounty hunter forms an unexpected alliance with a team of unlikely heroes. Together, they battle monsters and dangerous bandits to protect a young girl who holds the key to unimaginable power.",6.2461,/4JGoZu1ZKFpMJTWAP35PCfkMgu8.jpg,2024-08-09,Borderlands,False,5.608,1360,"[{'iso_3166_1': 'US', 'name': 'United States of America'}, {'iso_3166_1': 'LU', 'name': 'Luxembourg'}]",2024,"[28, 878, 35]",Borderlands,15482668.0,4402.0,Lionsgate,15482668.0,15482668.0,"Action,Science Fiction,Comedy","['US', 'LU']",1,0,0,1,0,0,0,0,0,0,0,1,1,1,0,1,1,0,0,0,1,0,0,0,0,0,0,0,0,0,0,0,1,0,0,Action,3,8,August,Summer,1,0,0,0,,,0,0,0,0,1,3,636745858,0,High,1,1,0,0,0,0,0,0,0,borderlands,,,,,0,0,0,0,0,0,14,0,0,0,1
False,/rXYejcyn762o3cjp9OYfyVR3QpY.jpg,[18],940139,en,Here,"An odyssey through time and memory, centered on a place in New Jersey where—from wilderness, and then, later, from a home—love, loss, struggle, hope and legacy play out between couples and families over generations.",3.2499,/79euHUJJtfgeGU63ef38KtNjXEn.jpg,2024-11-01,Here,False,6.539,584,"[{'iso_3166_1': 'US', 'name': 'United States of America'}]",2024,[18],Here,12237270.0,4888.0,Sony Pictures Releasing,12237270.0,12237270.0,Drama,['US'],1,0,0,1,0,0,0,1,0,0,0,0,1,1,1,0,0,0,0,0,0,0,0,0,0,0,0,0,0,0,0,0,0,0,0,Drama,1,11,November,Fall,0,1,1,1,Veterans Day,10.0,0,0,0,0,1,3,139755882,7,High,0,1,0,0,0,0,0,0,0,here,,,,,0,0,0,0,0,0,14,0,0,0,1
False,/fquVJ2v5NAW96sRfFAw4vXR5zla.jpg,[27],814889,en,Never Let Go,"As an evil takes over the world beyond their front doorstep, the only protection for a mother and her twin sons is their house and their family’s protective bond.",3.8756,/iwUoM3y77fov7bKyFMwpGMzRHyn.jpg,2024-09-20,Never Let Go,False,6.112,539,"[{'iso_3166_1': 'US', 'name': 'United States of America'}, {'iso_3166_1': 'CA', 'name': 'Canada'}, {'iso_3166_1': 'FR', 'name': 'France'}]",2024,[27],Never Let Go,10306106.0,5202.0,Lionsgate,10306106.0,10306106.0,Horror,"['CA', 'FR', 'US']",1,0,1,1,0,0,0,0,0,0,0,1,1,1,0,0,0,0,0,0,0,1,0,0,0,0,0,0,0,0,0,0,0,0,0,Horror,1,9,September,Fall,0,0,0,0,,,0,0,0,0,1,4,294100435,0,High,1,1,0,0,0,0,0,0,0,never let,,,,,0,0,0,0,0,0,14,0,0,0,1
False,/9ewYb0LIBJNds8ZMoobKYUd647g.jpg,"[35, 18]",1120911,en,Saturday Night,"At 11:30pm on October 11, 1975, a ferocious troupe of young comedians and writers changed television forever. This is the story of what happened behind the scenes in the 90 minutes leading up to the first broadcast of Saturday Night Live.",3.3497,/oCf5O6uxooTvRwKVnLHwGqZUifq.jpg,2024-09-27,Saturday Night,False,6.67,312,"[{'iso_3166_1': 'US', 'name': 'United States of America'}]",2024,"[35, 18]",Saturday Night,9511315.0,5345.0,Sony Pictures Releasing,9511315.0,9511315.0,"Comedy,Drama",['US'],1,0,0,1,0,0,0,1,0,0,0,0,1,1,1,1,0,0,0,0,0,0,0,0,0,0,0,0,0,0,0,0,0,0,0,Comedy,2,9,September,Fall,0,0,0,0,,,0,0,0,0,1,4,143901945,0,High,0,1,0,0,0,0,0,0,0,saturday night,,,,,0,0,0,0,0,0,14,0,0,0,1
False,/503LUrI9juBk1rktOPzxyMUTDEu.jpg,"[28, 14, 27]",957452,en,The Crow,"Soulmates Eric and Shelly are brutally murdered when the demons of her dark past catch up with them. Given the chance to save his true love by sacrificing himself, Eric sets out to seek merciless revenge on their killers, traversing the worlds of the living and the dead to put the wrong things right.",6.7843,/g8TbOXrNMuqq7AaKqdvqS2oG4ob.jpg,2024-08-23,The Crow,False,5.812,1177,"[{'iso_3166_1': 'FR', 'name': 'France'}, {'iso_3166_1': 'DE', 'name': 'Germany'}, {'iso_3166_1': 'GB', 'name': 'United Kingdom'}, {'iso_3166_1': 'US', 'name': 'United States of America'}]",2024,"[28, 14, 27]",The Crow,9275659.0,5374.0,Lionsgate,9275659.0,9275659.0,"Action,Fantasy,Horror","['GB', 'FR', 'US', 'DE']",1,1,0,1,0,0,0,0,0,0,0,1,1,1,0,0,1,0,0,0,0,1,0,0,1,0,0,0,0,0,0,0,0,0,0,Action,3,8,August,Summer,1,0,0,1,Labor Day,9.0,0,0,0,1,1,3,294100435,7,High,1,1,0,0,0,0,0,0,0,crow,,,,,0,0,0,0,0,0,14,0,0,0,1
False,/ie8OSgIHEl6yQiGJ90dsyBWOpQA.jpg,"[16, 14, 12, 28]",839033,en,The Lord of the Rings: The War of the Rohirrim,"A sudden attack by Wulf, a clever and traitorous lord of Rohan seeking vengeance for the death of his father, forces Helm Hammerhand, the King of Rohan, and his people to make a daring last stand in the ancient stronghold of the Hornburg.",6.1867,/hE9SAMyMSUGAPsHUGdyl6irv11v.jpg,2024-12-13,The Lord of the Rings: The War of the Rohirrim,False,6.552,746,"[{'iso_3166_1': 'JP', 'name': 'Japan'}, {'iso_3166_1': 'NZ', 'name': 'New Zealand'}, {'iso_3166_1': 'US', 'name': 'United States of America'}]",2024,"[16, 14, 12, 28]",The Lord of the Rings: The War of the Rohirrim,9158572.0,5402.0,Warner Bros.,9158572.0,9158572.0,"Animation,Fantasy,Adventure,Action","['NZ', 'US', 'JP']",1,0,0,1,0,1,0,0,0,0,0,0,1,1,0,0,1,0,1,0,0,0,0,0,1,1,0,0,0,0,0,1,0,0,0,Animation,4,12,December,Winter,0,1,1,0,,,0,0,0,0,1,4,254567693,7,High,1,1,0,0,0,0,0,0,1,lord rings,0.0,,,0.0,0,0,0,0,0,0,14,0,0,0,1
False,/1DHbZ1XRvdeXbD2P7W1OJbxqN9b.jpg,"[878, 18, 14]",592831,en,Megalopolis,"In a futuristic New York known as New Rome, visionary architect Cesar Catilina dreams of building ""Megalopolis,"" a utopian city that redefines society’s limits. Opposing him is the corrupt Mayor Franklyn Cicero, who clings to power and profit. Between them stands Julia, the mayor’s daughter, whose love for Cesar forces her to choose between loyalty, ambition, and the fate of humanity.",3.8794,/8Sok3HNA3r1GHnK2lCytHyBz1A.jpg,2024-09-27,Megalopolis,False,5.174,918,"[{'iso_3166_1': 'US', 'name': 'United States of America'}]",2024,"[878, 18, 14]",Megalopolis,7629085.0,5685.0,Lionsgate,7629085.0,7629085.0,"Science Fiction,Drama,Fantasy",['US'],1,0,0,1,0,0,0,0,0,0,0,1,1,1,1,0,0,0,0,0,1,0,0,0,1,0,0,0,0,0,0,0,0,0,0,Science Fiction,3,9,September,Fall,0,0,0,0,,,0,0,0,0,1,4,143901945,0,High,0,1,0,0,0,0,0,0,0,megalopolis,,,,,0,0,0,0,0,0,14,0,0,0,1
False,/zu4m80pS1EBqDd000xD6exSyHp4.jpg,"[27, 878, 53]",1062215,en,Afraid,Curtis Pike and his family are selected to test a new home device: a digital assistant called AIA. AIA observes the family's behaviors and begins to anticipate their needs. And she can – and will – make sure nothing – and no one – gets in her family's way.,2.853,/gUREuXCnJLVHsvKXDH9fgIcfM6e.jpg,2024-08-30,Afraid,False,5.927,463,"[{'iso_3166_1': 'US', 'name': 'United States of America'}]",2024,"[27, 878, 53]",Afraid,6725687.0,5899.0,Sony Pictures Releasing,6725687.0,6725687.0,"Horror,Science Fiction,Thriller",['US'],1,0,0,1,0,0,0,1,0,0,0,0,1,1,0,0,0,1,0,0,1,1,0,0,0,0,0,0,0,0,0,0,0,0,0,Horror,3,8,August,Summer,1,0,0,1,Labor Day,2.0,0,0,0,1,1,2,294100435,7,Medium,1,1,0,0,0,0,0,0,0,afraid,,,,,0,0,0,0,0,0,14,0,0,0,1
False,/zGLQmrmIB56kMZPnzqReIOBay1B.jpg,"[28, 35, 53]",507241,en,The Killer's Game,"When top hitman Joe Flood is diagnosed with a terminal illness, he decides to take matters into his own hands – by taking a hit out on himself. But when the very hitmen he hired also target his ex-girlfriend, he must fend off an army of assassin colleagues and win back the love of his life before it's too late.",7.1874,/4bKlTeOUr5AKrLky8mwWvlQqyVd.jpg,2024-09-13,The Killer's Game,False,6.4,492,"[{'iso_3166_1': 'US', 'name': 'United States of America'}, {'iso_3166_1': 'GB', 'name': 'United Kingdom'}, {'iso_3166_1': 'ES', 'name': 'Spain'}, {'iso_3166_1': 'HU', 'name': 'Hungary'}]",2024,"[28, 35, 53]",The Killer's Game,5404378.0,6273.0,Lionsgate,5404378.0,5404378.0,"Action,Comedy,Thriller","['GB', 'US', 'ES', 'HU']",1,1,0,1,0,0,0,0,0,0,0,1,1,1,0,1,1,1,0,0,0,0,0,0,0,0,0,0,0,0,0,0,0,0,0,Action,3,9,September,Fall,0,0,0,0,,,0,0,0,0,1,3,294100435,7,High,1,1,0,0,0,0,0,0,0,killer s,,,,,0,0,0,0,0,0,14,0,0,0,1
False,/sp99ZzKz6Zv7nX95XDJmhNA4LVI.jpg,"[35, 18, 9648]",975773,en,Wicked Little Letters,"When the denizens of Littlehampton – including conservative Edith – begin receiving letters full of hilarious profanities, rowdy Irish migrant Rose is charged with the crime. Suspecting something amiss, the town's women band together to investigate.",4.3985,/scAU7YudKNVeZlOfgSEWntAUSJ.jpg,2024-03-29,Wicked Little Letters,False,6.951,584,"[{'iso_3166_1': 'GB', 'name': 'United Kingdom'}, {'iso_3166_1': 'FR', 'name': 'France'}]",2024,"[35, 18, 9648]",Wicked Little Letters,5008179.0,6381.0,Sony Pictures Releasing,5008179.0,5008179.0,"Comedy,Drama,Mystery","['GB', 'FR']",0,1,0,1,0,0,0,1,0,0,0,0,1,1,1,1,0,0,0,0,0,0,0,0,0,0,1,0,0,0,0,0,0,0,0,Comedy,3,3,March,Spring,0,0,0,0,,,0,0,0,0,1,3,196350016,0,High,0,1,0,0,0,0,0,0,0,wicked little,,,,,0,0,0,0,0,0,14,0,0,0,1
False,/hlfu6g0h0D65SjkVhQBU20zePTl.jpg,"[28, 12, 14, 16]",1357633,ja,俺だけレベルアップな件 -ReAwakening-,"Over a decade after 'gates' connecting worlds appeared, awakening 'hunters' with superpowers, weakest hunter Sung Jinwoo encounters a double dungeon and accepts a mysterious quest, becoming the only one able to level up, changing his fate. A catch-up recap of the first season coupled with an exclusive sneak peek of the first two episodes of the highly anticipated second season in one momentous theatrical fan experience.",10.8287,/dblIFen0bNZAq8icJXHwrjfymDW.jpg,2024-12-06,Solo Leveling -ReAwakening-,False,7.038,248,"[{'iso_3166_1': 'JP', 'name': 'Japan'}]",2024,"[28, 12, 14, 16]",Solo Leveling -ReAwakening-,3350693.0,6997.0,Sony Pictures Releasing,3350693.0,3350693.0,"Action,Adventure,Fantasy,Animation",['JP'],0,0,0,0,0,0,0,1,0,0,0,0,1,0,0,0,1,0,1,0,0,0,0,0,1,1,0,0,0,0,0,1,0,0,0,Action,4,12,December,Winter,0,1,1,0,,,0,0,0,0,1,5,474983975,9,High,1,0,0,0,0,0,0,0,0,solo leveling,,,,,0,0,0,0,0,0,14,0,0,0,1
False,/pbmlCNeOwvCqum8yvMERbgnrSr7.jpg,"[80, 53, 28]",413846,en,1992,"In 1992, Mercer is desperately trying to rebuild his life and his relationship with his son amidst the turbulent Los Angeles uprising following the Rodney King verdict. Across town, another father and son put their own strained relationship to the test as they plot a dangerous heist to steal catalytic converters, which contain valuable platinum from the factory where Mercer works. As tensions rise and chaos erupts, both families reach their boiling points when their worlds collide.",5.6447,/tPvFmQZM5HMspryyYbrtW02NR0G.jpg,2024-08-30,1992,False,6.897,190,"[{'iso_3166_1': 'US', 'name': 'United States of America'}]",2024,"[80, 53, 28]",1992,2906073.0,7212.0,Lionsgate,2906073.0,2906073.0,"Crime,Thriller,Action",['US'],1,0,0,1,0,0,0,0,0,0,0,1,1,1,0,0,1,1,0,0,0,0,1,0,0,0,0,0,0,0,0,0,0,0,0,Crime,3,8,August,Summer,1,0,0,1,Labor Day,2.0,0,0,0,1,1,2,294100435,7,Medium,1,1,0,0,0,0,0,0,0,1992,,,,,0,0,0,0,0,0,14,0,0,0,1
False,/2Nti3gYAX513wvhp8IiLL6ZDyOm.jpg,"[10751, 14, 35, 12, 28]",950387,en,A Minecraft Movie,"Four misfits find themselves struggling with ordinary problems when they are suddenly pulled through a mysterious portal into the Overworld: a bizarre, cubic wonderland that thrives on imagination. To get back home, they'll have to master this world while embarking on a magical quest with an unexpected, expert crafter, Steve.",27.9156,/yFHHfHcUgGAxziP1C3lLt0q2T4s.jpg,2025-04-04,A Minecraft Movie,False,6.317,2600,"[{'iso_3166_1': 'SE', 'name': 'Sweden'}, {'iso_3166_1': 'US', 'name': 'United States of America'}]",2025,"[10751, 14, 35, 12, 28]",A Minecraft Movie,423949195.0,38.0,Warner Bros.,423949195.0,423949195.0,"Family,Fantasy,Comedy,Adventure,Action","['SE', 'US']",1,0,0,1,0,1,0,0,0,0,0,0,1,1,0,1,1,0,1,0,0,0,0,1,1,0,0,0,0,0,0,1,0,0,0,Family,5,4,April,Spring,0,0,0,0,,,0,0,0,0,1,3,279653537,7,High,1,1,0,0,0,0,0,0,0,minecraft movie,,,,,0,1,0,0,1,1,15,0,0,0,1
False,/7Zx3wDG5bBtcfk8lcnCWDOLM4Y4.jpg,"[10751, 878, 35]",552524,en,Lilo & Stitch,The wildly funny and touching story of a lonely Hawaiian girl and the fugitive alien who helps to mend her broken family.,31.2278,/ckQzKpQJO4ZQDCN5evdpKcfm7Ys.jpg,2025-05-23,Lilo & Stitch,False,7.247,1905,"[{'iso_3166_1': 'US', 'name': 'United States of America'}]",2025,"[10751, 878, 35]",Lilo and Stitch,423778855.0,39.0,Walt Disney Studios Motion Pictures,423778855.0,423778855.0,"Family,Science Fiction,Comedy",['US'],1,0,0,1,1,0,0,0,0,0,0,0,1,1,0,1,0,0,0,0,1,0,0,1,0,0,0,0,0,0,0,0,0,0,0,Family,3,5,May,Spring,1,0,0,1,Memorial Day,2.0,0,0,0,1,1,4,197413515,0,High,0,1,0,0,0,0,0,0,0,lilo stitch,,,,,1,0,0,0,1,1,15,0,0,0,1
False,/yRBc6WY3r1Fz5Cjd6DhSvzqunED.jpg,"[878, 12, 28]",1061474,en,Superman,"Superman, a journalist in Metropolis, embarks on a journey to reconcile his Kryptonian heritage with his human upbringing as Clark Kent.",54.616,/ldyfo0BKmz5rWtJJKCvwaNS4cJT.jpg,2025-07-11,Superman,False,7.393,4028,"[{'iso_3166_1': 'US', 'name': 'United States of America'}]",2025,"[878, 12, 28]",Superman,354184465.0,73.0,Warner Bros.,354184465.0,354184465.0,"Science Fiction,Adventure,Action",['US'],1,0,0,1,0,1,0,0,0,0,0,0,1,1,0,0,1,0,1,0,1,0,0,0,0,0,0,0,0,0,0,1,1,0,0,Science Fiction,3,7,July,Summer,1,0,0,1,Independence Day,7.0,0,0,1,0,1,1,339640400,9,Medium,1,0,0,1,0,0,0,0,0,superman,,,,,0,0,1,0,0,1,15,0,0,0,1
False,/fQOV47FHTJdaSuSUNlzP3zXUZWE.jpg,"[878, 12, 28]",1234821,en,Jurassic World Rebirth,"Five years after the events of Jurassic World Dominion, covert operations expert Zora Bennett is contracted to lead a skilled team on a top-secret mission to secure genetic material from the world's three most massive dinosaurs. When Zora's operation intersects with a civilian family whose boating expedition was capsized, they all find themselves stranded on an island where they come face-to-face with a sinister, shocking discovery that's been hidden from the world for decades.",45.6692,/1RICxzeoNCAO5NpcRMIgg1XT6fm.jpg,2025-07-02,Jurassic World Rebirth,False,6.372,2640,"[{'iso_3166_1': 'US', 'name': 'United States of America'}]",2025,"[878, 12, 28]",Jurassic World Rebirth,339640400.0,80.0,Universal Pictures,339640400.0,339640400.0,"Science Fiction,Adventure,Action",['US'],1,0,0,1,0,0,1,0,0,0,0,0,1,1,0,0,1,0,1,0,1,0,0,0,0,0,0,0,0,0,0,1,1,0,0,Science Fiction,3,7,July,Summer,1,0,0,1,Independence Day,2.0,0,0,1,0,1,3,354184465,9,High,1,0,0,0,0,0,0,0,0,jurassic world,,,,,0,1,0,0,1,1,15,0,0,0,1
False,/l8pwO23MCvqYumzozpxynCNfck1.jpg,"[14, 12, 10749]",967941,en,Wicked: For Good,"As an angry mob rises against the Wicked Witch, Glinda and Elphaba will need to come together one final time. With their singular friendship now the fulcrum of their futures, they will need to truly see each other, with honesty and empathy, if they are to change themselves, and all of Oz, for good.",56.3483,/si9tolnefLSUKaqQEGz1bWArOaL.jpg,2025-11-20,Wicked: For Good,False,6.758,480,"[{'iso_3166_1': 'US', 'name': 'United States of America'}]",2025,"[14, 12, 10749]",Wicked: For Good,322429685.0,96.0,Universal Pictures,322429685.0,322429685.0,"Fantasy,Adventure,Romance",['US'],1,0,0,1,0,0,1,0,0,0,0,0,1,1,0,0,0,0,1,1,0,0,0,0,1,0,0,0,0,0,0,0,0,0,0,Fantasy,3,11,November,Fall,0,1,1,1,Veterans Day,9.0,0,0,0,0,1,3,287506867,6,High,1,1,0,0,0,0,0,1,1,wicked,474983975.0,474983975.0,474983975.0,1.0,0,0,0,0,0,1,15,0,0,0,1
False,/5h2EsPKNDdB3MAtOk9MB9Ycg9Rz.jpg,"[16, 35, 12, 10751, 9648]",1084242,en,Zootopia 2,"After cracking the biggest case in Zootopia's history, rookie cops Judy Hopps and Nick Wilde find themselves on the twisting trail of a great mystery when Gary De'Snake arrives and turns the animal metropolis upside down. To crack the case, Judy and Nick must go undercover to unexpected new parts of town, where their growing partnership is tested like never before.",329.3201,/oJ7g2CifqpStmoYQyaLQgEU32qO.jpg,2025-11-26,Zootopia 2,False,7.662,710,"[{'iso_3166_1': 'US', 'name': 'United States of America'}]",2025,"[16, 35, 12, 10751, 9648]",Zootopia 2,287506867.0,128.0,Walt Disney Studios Motion Pictures,287506867.0,287506867.0,"Animation,Comedy,Adventure,Family,Mystery",['US'],1,0,0,1,1,0,0,0,0,0,0,0,1,1,0,1,0,0,1,0,0,0,0,1,0,1,1,0,0,0,0,0,0,0,1,Animation,5,11,November,Fall,0,1,1,1,Thanksgiving,1.0,0,1,0,0,1,3,322429685,6,High,1,1,0,0,0,0,0,0,1,zootopia 2,0.0,,,0.0,0,0,0,0,0,0,15,0,0,0,1
False,/nAxGnGHOsfzufThz20zgmRwKur3.jpg,"[27, 28, 53]",1233413,en,Sinners,"Trying to leave their troubled lives behind, twin brothers return to their hometown to start again, only to discover that an even greater evil is waiting to welcome them back.",33.6791,/qTvFWCGeGXgBRaINLY1zqgTPSpn.jpg,2025-04-18,Sinners,False,7.504,3053,"[{'iso_3166_1': 'US', 'name': 'United States of America'}]",2025,"[27, 28, 53]",Sinners,279653537.0,135.0,Warner Bros.,279653537.0,279653537.0,"Horror,Action,Thriller",['US'],1,0,0,1,0,1,0,0,0,0,0,0,1,1,0,0,1,1,0,0,0,1,0,0,0,0,0,0,0,0,0,0,0,0,0,Horror,3,4,April,Spring,0,0,0,0,,,0,0,0,0,1,3,423949195,7,High,1,1,0,0,0,0,0,0,0,sinners,,,,,0,0,0,0,0,0,15,0,0,0,1
False,/vHTFrcqJoCi1is3XN0PZe2LSnI2.jpg,"[14, 10751, 28, 12]",1087192,en,How to Train Your Dragon,"On the rugged isle of Berk, where Vikings and dragons have been bitter enemies for generations, Hiccup stands apart, defying centuries of tradition when he befriends Toothless, a feared Night Fury dragon. Their unlikely bond reveals the true nature of dragons, challenging the very foundations of Viking society.",33.9995,/q5pXRYTycaeW6dEgsCrd4mYPmxM.jpg,2025-06-13,How to Train Your Dragon,False,7.976,2278,"[{'iso_3166_1': 'US', 'name': 'United States of America'}]",2025,"[14, 10751, 28, 12]",How to Train Your Dragon,262958100.0,147.0,Universal Pictures International (UPI),262958100.0,262958100.0,"Fantasy,Family,Action,Adventure",['US'],1,0,0,1,0,0,1,0,0,0,0,0,1,1,0,0,1,0,1,0,0,0,0,1,1,0,0,0,0,0,0,1,0,0,0,Fantasy,4,6,June,Summer,1,0,0,0,,,0,0,0,0,1,4,72987454,7,High,0,1,0,0,0,0,0,0,0,how to,,,,,1,0,0,0,1,1,15,0,0,0,1
False,/8eifdha9GQeZAkexgtD45546XKx.jpg,"[28, 53, 878]",822119,en,Captain America: Brave New World,"After meeting with newly elected U.S. President Thaddeus Ross, Sam finds himself in the middle of an international incident. He must discover the reason behind a nefarious global plot before the true mastermind has the entire world seeing red.",20.3018,/pzIddUEMWhWzfvLI3TwxUG2wGoi.jpg,2025-02-14,Captain America: Brave New World,False,5.994,2808,"[{'iso_3166_1': 'US', 'name': 'United States of America'}]",2025,"[28, 53, 878]",Captain America: Brave New World,200500001.0,256.0,Walt Disney Studios Motion Pictures,200500001.0,200500001.0,"Action,Thriller,Science Fiction",['US'],1,0,0,1,1,0,0,0,0,0,0,0,1,1,0,0,1,1,0,0,1,0,0,0,0,0,0,0,0,0,0,0,1,0,0,Action,3,2,February,Winter,0,0,0,1,Presidents Day,1.0,0,0,0,0,1,1,97970355,14,Medium,0,0,1,0,0,0,0,0,1,captain america,844505426.0,408084349.0,281501808.6666667,3.0,0,0,1,0,0,1,15,0,0,0,1
False,/xPNDRM50a58uvv1il2GVZrtWjkZ.jpg,"[28, 53, 12]",575265,en,Mission: Impossible - The Final Reckoning,"Ethan Hunt and team continue their search for the terrifying AI known as the Entity — which has infiltrated intelligence networks all over the globe — with the world's governments and a mysterious ghost from Hunt's past on their trail. Joined by new allies and armed with the means to shut the Entity down for good, Hunt is in a race against time to prevent the world as we know it from changing forever.",61.1509,/z53D72EAOxGRqdr7KXXWp9dJiDe.jpg,2025-05-23,Mission: Impossible - The Final Reckoning,False,7.242,2236,"[{'iso_3166_1': 'US', 'name': 'United States of America'}]",2025,"[28, 53, 12]",Mission: Impossible - The Final Reckoning,197413515.0,262.0,Paramount Pictures International,197413515.0,197413515.0,"Action,Thriller,Adventure",['US'],1,0,0,1,0,0,0,0,1,0,0,0,1,1,0,0,1,1,1,0,0,0,0,0,0,0,0,0,0,0,0,1,0,0,0,Action,3,5,May,Spring,1,0,0,1,Memorial Day,2.0,0,0,0,1,1,4,423778855,0,High,1,1,0,0,0,0,0,1,1,mission,797240364.0,172640980.0,199310091.0,4.0,0,0,0,0,0,1,15,0,0,0,1
False,/wSdWEc1G3OUWg8HAzNLqOZ9Gd43.jpg,"[28, 878, 12]",986056,en,Thunderbolts*,"After finding themselves ensnared in a death trap, seven disillusioned castoffs must embark on a dangerous mission that will force them to confront the darkest corners of their pasts.",24.1838,/hqcexYHbiTBfDIdDWxrxPtVndBX.jpg,2025-05-02,Thunderbolts*,False,7.312,3003,"[{'iso_3166_1': 'US', 'name': 'United States of America'}]",2025,"[28, 878, 12]",Thunderbolts*,190274328.0,277.0,Walt Disney Studios Motion Pictures,190274328.0,190274328.0,"Action,Science Fiction,Adventure",['US'],1,0,0,1,1,0,0,0,0,0,0,0,1,1,0,0,1,0,1,0,1,0,0,0,0,0,0,0,0,0,0,1,1,0,0,Action,3,5,May,Spring,1,0,0,0,,,0,0,0,0,1,2,279653537,14,Medium,1,0,1,0,0,0,0,0,0,thunderbolts,,,,,0,0,1,0,0,1,15,0,0,0,1
False,/tcBX2dtkNozZ0uDLVaxXrE6rqyN.jpg,[27],1038392,en,The Conjuring: Last Rites,Paranormal investigators Ed and Lorraine Warren take on one last terrifying case involving mysterious entities they must confront.,35.1604,/byWgphT74ClOVa8EOGzYDkl8DVL.jpg,2025-09-05,The Conjuring: Last Rites,False,6.945,1474,"[{'iso_3166_1': 'US', 'name': 'United States of America'}]",2025,[27],The Conjuring: Last Rites,177753512.0,320.0,Warner Bros.,177753512.0,177753512.0,Horror,['US'],1,0,0,1,0,1,0,0,0,0,0,0,1,1,0,0,0,0,0,0,0,1,0,0,0,0,0,0,0,0,0,0,0,0,0,Horror,1,9,September,Fall,0,0,0,1,Labor Day,4.0,0,0,0,1,1,1,134434100,7,Medium,0,1,0,0,0,0,0,0,1,conjuring,203077418.0,65631050.0,101538709.0,2.0,0,0,0,0,0,0,15,0,0,0,1
False,/yKWZIDo4ixcDUeelk2QGVA1EVmC.jpg,"[27, 9648]",1078605,en,Weapons,"When all but one child from the same class mysteriously vanish on the same night at exactly the same time, a community is left questioning who or what is behind their disappearance.",25.7604,/cpf7vsRZ0MYRQcnLWteD5jK9ymT.jpg,2025-08-08,Weapons,False,7.304,2546,"[{'iso_3166_1': 'US', 'name': 'United States of America'}]",2025,"[27, 9648]",Weapons,151550044.0,434.0,Warner Bros.,151550044.0,151550044.0,"Horror,Mystery",['US'],1,0,0,1,0,1,0,0,0,0,0,0,1,1,0,0,0,0,0,0,0,1,0,0,0,0,1,0,0,0,0,0,0,0,0,Horror,2,8,August,Summer,1,0,0,0,,,0,0,0,0,1,3,94186236,0,High,0,1,0,0,0,0,0,0,0,weapons,,,,,0,0,0,0,0,0,15,0,0,0,1
False,/uIpJPDNFoeX0TVml9smPrs9KUVx.jpg,"[27, 9648]",574475,en,Final Destination Bloodlines,"Plagued by a violent recurring nightmare, college student Stefanie heads home to track down the one person who might be able to break the cycle and save her family from the grisly demise that inevitably awaits them all.",23.6319,/6WxhEvFsauuACfv8HyoVX6mZKFj.jpg,2025-05-16,Final Destination Bloodlines,False,7.101,2468,"[{'iso_3166_1': 'US', 'name': 'United States of America'}]",2025,"[27, 9648]",Final Destination Bloodlines,138130814.0,511.0,Warner Bros.,138130814.0,138130814.0,"Horror,Mystery",['US'],1,0,0,1,0,1,0,0,0,0,0,0,1,1,0,0,0,0,0,0,0,1,0,0,0,0,1,0,0,0,0,0,0,0,0,Horror,2,5,May,Spring,1,0,0,1,Memorial Day,9.0,0,0,0,1,1,4,423778855,7,High,1,1,0,0,0,0,0,0,0,final destination,,,,,0,0,0,0,0,0,15,0,0,0,1
False,/1RgPyOhN4DRs225BGTlHJqCudII.jpg,"[16, 28, 14]",1311031,ja,劇場版「鬼滅の刃」無限城編 第一章 猗窩座再来,"The Demon Slayer Corps are drawn into the Infinity Castle, where Tanjiro, Nezuko, and the Hashira face terrifying Upper Rank demons in a desperate fight as the final battle against Muzan Kibutsuji begins.",90.872,/fWVSwgjpT2D78VUh6X8UBd2rorW.jpg,2025-09-12,Demon Slayer: Kimetsu no Yaiba Infinity Castle,False,7.634,610,"[{'iso_3166_1': 'JP', 'name': 'Japan'}]",2025,"[16, 28, 14]",Demon Slayer: Kimetsu no Yaiba Infinity Castle,134434100.0,535.0,Sony Pictures Releasing,134434100.0,134434100.0,"Animation,Action,Fantasy",['JP'],0,0,0,0,0,0,0,1,0,0,0,0,1,0,0,0,1,0,0,0,0,0,0,0,1,1,0,0,0,0,0,0,0,0,0,Animation,3,9,September,Fall,0,0,0,0,,,0,0,0,0,1,2,177753512,7,Medium,0,1,0,0,0,0,0,0,1,demon slayer,49888550.0,49888550.0,49888550.0,1.0,0,0,0,0,0,0,15,0,0,0,1
False,/bZlismAr366jWFiZNKzY3x3AN5X.jpg,"[27, 53]",1228246,en,Five Nights at Freddy's 2,"One year since the supernatural nightmare at Freddy Fazbear's Pizza, the stories about what transpired there have been twisted into a campy local legend, inspiring the town's first ever Fazfest. With the truth kept from her, Abby sneaks out to reconnect with Freddy, Bonnie, Chica, and Foxy, setting into motion a terrifying series of events that will reveal dark secrets about the real origin of Freddy's, and unleash a decades-hidden horror.",249.8545,/udAxQEORq2I5wxI97N2TEqdhzBE.jpg,2025-12-05,Five Nights at Freddy's 2,False,6.3,220,"[{'iso_3166_1': 'US', 'name': 'United States of America'}]",2025,"[27, 53]",Five Nights at Freddy's 2,111020240.0,719.0,Universal Pictures International (UPI),111020240.0,111020240.0,"Horror,Thriller",['US'],1,0,0,1,0,0,1,0,0,0,0,0,1,1,0,0,0,1,0,0,0,1,0,0,0,0,0,0,0,0,0,0,0,0,0,Horror,2,12,December,Winter,0,1,1,1,Thanksgiving,10.0,0,1,0,0,1,2,287506867,9,Medium,1,0,0,0,0,0,0,0,1,five nights,137275620.0,137275620.0,137275620.0,1.0,0,0,0,0,0,0,15,0,0,0,1
False,/iN41Ccw4DctL8npfmYg1j5Tr1eb.jpg,"[878, 12, 14]",83533,en,Avatar: Fire and Ash,"In the wake of the devastating war against the RDA and the loss of their eldest son, Jake Sully and Neytiri face a new threat on Pandora: the Ash People, a violent and power-hungry Na'vi tribe led by the ruthless Varang. Jake's family must fight for their survival and the future of Pandora in a conflict that pushes them to their emotional and physical limits.",559.9652,/gDVgC9jd917NdAcqBdRRDUYi4Tq.jpg,2025-12-19,Avatar: Fire and Ash,False,7.362,537,"[{'iso_3166_1': 'US', 'name': 'United States of America'}]",2025,"[878, 12, 14]",Avatar: Fire and Ash,102483177.0,809.0,20th Century Studios,102483177.0,102483177.0,"Science Fiction,Adventure,Fantasy",['US'],1,0,0,1,0,0,0,0,0,1,0,0,1,1,0,0,0,0,1,0,1,0,0,0,1,0,0,0,0,0,0,0,0,0,0,Science Fiction,3,12,December,Winter,0,1,1,1,Christmas,6.0,1,0,0,0,1,1,111020240,14,Medium,0,0,0,0,0,0,0,0,1,avatar,688459501.0,688459501.0,688459501.0,1.0,0,0,0,0,0,0,15,0,0,0,1
False,/iXU87IdtNsYt7n6OigPJBDdbFf1.jpg,"[10751, 35, 12, 16, 28]",774370,en,Dog Man,"When a faithful police dog and his human police officer owner are injured together on the job, a harebrained but life-saving surgery fuses the two of them together and Dog Man is born. Dog Man is sworn to protect and serve—and fetch, sit and roll over. As Dog Man embraces his new identity and strives to impress his Chief, he must stop the pretty evil plots of feline supervillain Petey the Cat.",6.7957,/89wNiexZdvLQ41OQWIsQy4O6jAQ.jpg,2025-01-31,Dog Man,False,7.625,313,"[{'iso_3166_1': 'US', 'name': 'United States of America'}]",2025,"[10751, 35, 12, 16, 28]",Dog Man,97970355.0,872.0,Universal Pictures,97970355.0,97970355.0,"Family,Comedy,Adventure,Animation,Action",['US'],1,0,0,1,0,0,1,0,0,0,0,0,1,1,0,1,1,0,1,0,0,0,0,1,0,1,0,0,0,0,0,1,0,0,1,Family,5,1,January,Winter,0,0,0,0,,,0,0,0,0,1,2,200500001,14,Medium,1,0,0,0,0,0,0,0,0,dog man,,,,,0,0,0,0,0,0,15,0,0,0,1
False,/yQy9Y3p5INwkfTuHSnzYnz4MCV3.jpg,"[35, 14, 10751]",1125257,en,Freakier Friday,"Years after Tess and Anna endured an identity crisis, Anna now has a daughter of her own and a soon-to-be stepdaughter. As they navigate the myriad challenges that come when two families merge, Tess and Anna discover lightning might indeed strike twice.",17.5201,/9wV65OmsjLAqBfDnYTkMPutXH8j.jpg,2025-08-08,Freakier Friday,False,6.829,523,"[{'iso_3166_1': 'US', 'name': 'United States of America'}]",2025,"[35, 14, 10751]",Freakier Friday,94186236.0,908.0,Walt Disney Studios Motion Pictures,94186236.0,94186236.0,"Comedy,Fantasy,Family",['US'],1,0,0,1,1,0,0,0,0,0,0,0,1,1,0,1,0,0,0,0,0,0,0,1,1,0,0,0,0,0,0,0,0,0,0,Comedy,3,8,August,Summer,1,0,0,0,,,0,0,0,0,1,3,151550044,0,High,0,1,0,0,0,0,0,0,0,freakier friday,,,,,0,0,0,0,0,0,15,0,0,0,1
False,/ebyxeBh56QNXxSJgTnmz7fXAlwk.jpg,"[28, 878, 12]",1242898,en,Predator: Badlands,"Cast out from his clan, a young Predator finds an unlikely ally in a damaged android and embarks on a treacherous journey in search of the ultimate adversary.",96.0706,/pHpq9yNUIo6aDoCXEBzjSolywgz.jpg,2025-11-07,Predator: Badlands,False,7.3,671,"[{'iso_3166_1': 'US', 'name': 'United States of America'}]",2025,"[28, 878, 12]",Predator: Badlands,90687363.0,957.0,20th Century Studios,90687363.0,90687363.0,"Action,Science Fiction,Adventure",['US'],1,0,0,1,0,0,0,0,0,1,0,0,1,1,0,0,1,0,1,0,1,0,0,0,0,0,0,0,0,0,0,1,1,0,0,Action,3,11,November,Fall,0,1,1,1,Veterans Day,4.0,0,0,0,0,1,2,322429685,7,Medium,1,1,0,0,0,0,0,0,1,predator,51024708.0,51024708.0,51024708.0,1.0,0,0,0,0,0,0,15,0,0,0,1
False,/tyfO9jHgkhypUFizRVYD0bytPjP.jpg,"[10751, 14]",447273,en,Snow White,"Following the benevolent King's disappearance, the Evil Queen dominated the once fair land with a cruel streak. Princess Snow White flees the castle when the Queen, in her jealousy over Snow White's inner beauty, tries to kill her. Deep into the dark woods, she stumbles upon seven magical dwarves and a young bandit named Jonathan. Together, they strive to survive the Queen's relentless pursuit and aspire to take back the kingdom.",15.9841,/xWWg47tTfparvjK0WJNX4xL8lW2.jpg,2025-03-21,Snow White,False,4.297,1471,"[{'iso_3166_1': 'US', 'name': 'United States of America'}]",2025,"[10751, 14]",Snow White,87203963.0,996.0,Walt Disney Studios Motion Pictures,87203963.0,87203963.0,"Family,Fantasy",['US'],1,0,0,1,1,0,0,0,0,0,0,0,1,1,0,0,0,0,0,0,0,0,0,1,1,0,0,0,0,0,0,0,0,0,0,Family,2,3,March,Spring,0,0,0,0,,,0,0,0,0,1,1,423949195,14,Medium,1,0,0,0,0,0,0,0,0,snow white,,,,,1,0,0,0,1,1,15,0,0,0,1
False,/lB96EMr5A7Og81UhyldJvvy35r.jpg,"[10751, 35, 80, 12, 16]",1175942,en,The Bad Guys 2,"The now-reformed Bad Guys are trying (very, very hard) to be good, but instead find themselves hijacked into a high-stakes, globe-trotting heist, masterminded by a new team of criminals they never saw coming: The Bad Girls.",25.9972,/c1msaKf1wyuKcmLjjJd6rIBPFcd.jpg,2025-08-01,The Bad Guys 2,False,7.725,580,"[{'iso_3166_1': 'US', 'name': 'United States of America'}]",2025,"[10751, 35, 80, 12, 16]",The Bad Guys 2,82593605.0,1074.0,Universal Pictures,82593605.0,82593605.0,"Family,Comedy,Crime,Adventure,Animation",['US'],1,0,0,1,0,0,1,0,0,0,0,0,1,1,0,1,0,0,1,0,0,0,1,1,0,1,0,0,0,0,0,0,0,0,1,Family,5,8,August,Summer,1,0,0,0,,,0,0,0,0,1,3,151550044,0,High,0,1,0,0,0,0,0,0,1,bad guys,97459240.0,97459240.0,97459240.0,1.0,0,0,0,0,0,0,15,0,0,0,1
False,/6zKjoOOb3OZnZuiHtQZn4Kd69Gq.jpg,"[27, 53]",1197137,en,Black Phone 2,"Four years after escaping The Grabber, Finney Blake is struggling with his life after captivity. When his sister Gwen begins receiving calls in her dreams from the black phone and seeing disturbing visions of three boys being stalked at a winter camp, the siblings become determined to solve the mystery and confront a killer who has grown more powerful in death and more significant to them than either could imagine.",45.1333,/gFddBLQ8wj9M9O82iPzgX5KVNHz.jpg,2025-10-17,Black Phone 2,False,6.862,732,"[{'iso_3166_1': 'US', 'name': 'United States of America'}]",2025,"[27, 53]",Black Phone 2,77378880.0,1159.0,Universal Pictures,77378880.0,77378880.0,"Horror,Thriller",['US'],1,0,0,1,0,0,1,0,0,0,0,0,1,1,0,0,0,1,0,0,0,1,0,0,0,0,0,0,0,0,0,0,0,0,0,Horror,2,10,October,Fall,0,0,1,1,Columbus Day,7.0,0,0,0,0,0,0,0,,Low,0,0,0,0,0,0,0,0,1,black phone,90123230.0,90123230.0,90123230.0,1.0,0,0,0,0,0,0,15,0,0,0,1
False,/ukPu5xYOBAnh5H46uK4aQOirW2b.jpg,"[10751, 35, 12, 16, 878]",1022787,en,Elio,"Elio, a space fanatic with an active imagination, finds himself on a cosmic misadventure where he must form new bonds with eccentric alien lifeforms, navigate a crisis of intergalactic proportions and somehow discover who he is truly meant to be.",36.0401,/7z8jDiTZZco9moIKpTUImFtTy7o.jpg,2025-06-20,Elio,False,6.981,726,"[{'iso_3166_1': 'US', 'name': 'United States of America'}]",2025,"[10751, 35, 12, 16, 878]",Elio,72987454.0,1248.0,Walt Disney Studios Motion Pictures,72987454.0,72987454.0,"Family,Comedy,Adventure,Animation,Science Fiction",['US'],1,0,0,1,1,0,0,0,0,0,0,0,1,1,0,1,0,0,1,0,1,0,0,1,0,1,0,0,0,0,0,0,0,0,1,Family,5,6,June,Summer,1,0,0,0,,,0,0,0,0,1,4,339640400,0,High,1,1,0,0,0,0,0,0,0,elio,,,,,0,0,0,0,0,0,15,0,0,0,1
False,/wxxSyWPPgssnkO6FbCAVyntLLSr.jpg,"[27, 53, 878]",1100988,en,28 Years Later,"Twenty-eight years since the rage virus escaped a biological weapons laboratory, now, still in a ruthlessly enforced quarantine, some have found ways to exist amidst the infected. One such group lives on a small island connected to the mainland by a single, heavily-defended causeway. When one member departs on a mission into the dark heart of the mainland, he discovers secrets, wonders, and horrors that have mutated not only the infected but other survivors as well.",20.7696,/mIg1qCkVxnAlM2TK3RUF0tdEXlE.jpg,2025-06-20,28 Years Later,False,6.65,1813,"[{'iso_3166_1': 'GB', 'name': 'United Kingdom'}, {'iso_3166_1': 'US', 'name': 'United States of America'}]",2025,"[27, 53, 878]",28 Years Later,70446897.0,1304.0,Sony Pictures Releasing,70446897.0,70446897.0,"Horror,Thriller,Science Fiction","['GB', 'US']",1,1,0,1,0,0,0,1,0,0,0,0,1,1,0,0,0,1,0,0,1,1,0,0,0,0,0,0,0,0,0,0,0,0,0,Horror,3,6,June,Summer,1,0,0,0,,,0,0,0,0,1,4,339640400,0,High,1,1,0,0,0,0,0,1,1,28 years,0.0,,,0.0,0,0,0,0,0,1,15,0,0,0,1
False,/ufqytAlziHq5pljKByGJ8IKhtEZ.jpg,"[53, 80, 9648]",425274,en,Now You See Me: Now You Don't,"The original Four Horsemen reunite with a new generation of illusionists to take on powerful diamond heiress Veronika Vanderberg, who leads a criminal empire built on money laundering and trafficking. The new and old magicians must overcome their differences to work together on their most ambitious heist yet.",375.3153,/oD3Eey4e4Z259XLm3eD3WGcoJAh.jpg,2025-11-14,Now You See Me: Now You Don't,False,6.47,598,"[{'iso_3166_1': 'US', 'name': 'United States of America'}]",2025,"[53, 80, 9648]",Now You See Me: Now You Don't,61200387.0,1538.0,Lionsgate,61200387.0,61200387.0,"Thriller,Crime,Mystery",['US'],1,0,0,1,0,0,0,0,0,0,0,1,1,1,0,0,0,1,0,0,0,0,1,0,0,0,1,0,0,0,0,0,0,0,0,Thriller,3,11,November,Fall,0,1,1,1,Veterans Day,3.0,0,0,0,0,1,3,322429685,6,High,1,1,0,0,0,0,0,0,1,now you,182799529.0,65075540.0,91399764.5,2.0,0,0,0,0,0,0,15,0,0,0,1
False,/1yktYsxkmUtUFTUnCAUaqG6FEiz.jpg,"[28, 53, 80]",541671,en,Ballerina,"Taking place during the events of John Wick: Chapter 3 – Parabellum, Eve Macarro begins her training in the assassin traditions of the Ruska Roma.",28.4412,/2VUmvqsHb6cEtdfscEA6fqqVzLg.jpg,2025-06-06,Ballerina,False,7.304,2084,"[{'iso_3166_1': 'US', 'name': 'United States of America'}]",2025,"[28, 53, 80]",Ballerina,58051327.0,1635.0,Lionsgate,58051327.0,58051327.0,"Action,Thriller,Crime",['US'],1,0,0,1,0,0,0,0,0,0,0,1,1,1,0,0,1,1,0,0,0,0,1,0,0,0,0,0,0,0,0,0,0,0,0,Action,3,6,June,Summer,1,0,0,0,,,0,0,0,0,1,6,423778855,7,High,1,1,0,0,0,0,0,0,0,ballerina,,,,,0,0,0,0,0,0,15,0,0,0,1
False,/1wi1hcbl6KYqARjdQ4qrBWZdiau.jpg,"[28, 35, 80]",1035259,en,The Naked Gun,"Only one man has the particular set of skills... to lead Police Squad and save the world: Lt. Frank Drebin Jr. Following in his father's footsteps, he must solve a murder case to prevent Police Squad from closure.",23.8249,/rmwQ8GsdQ1M3LtemNWLErle2nBU.jpg,2025-08-01,The Naked Gun,False,6.456,1207,"[{'iso_3166_1': 'US', 'name': 'United States of America'}]",2025,"[28, 35, 80]",The Naked Gun,52647396.0,1819.0,Paramount Pictures International,52647396.0,52647396.0,"Action,Comedy,Crime",['US'],1,0,0,1,0,0,0,0,1,0,0,0,1,1,0,1,1,0,0,0,0,0,1,0,0,0,0,0,0,0,0,0,0,0,0,Action,3,8,August,Summer,1,0,0,0,,,0,0,0,0,1,3,151550044,0,High,0,1,0,0,0,0,0,0,0,naked gun,,,,,0,0,0,0,0,0,15,0,0,0,1
False,/7Q2CmqIVJuDAESPPp76rWIiA0AD.jpg,"[28, 12, 18]",1011477,en,Karate Kid: Legends,"After a family tragedy, kung fu prodigy Li Fong is uprooted from his home in Beijing and forced to move to New York City with his mother. When a new friend needs his help, Li enters a karate competition – but his skills alone aren't enough. Li's kung fu teacher Mr. Han enlists original Karate Kid Daniel LaRusso for help, and Li learns a new way to fight, merging their two styles into one for the ultimate martial arts showdown.",17.4651,/c90Lt7OQGsOmhv6x4JoFdoHzw5l.jpg,2025-05-30,Karate Kid: Legends,False,7.079,1019,"[{'iso_3166_1': 'US', 'name': 'United States of America'}]",2025,"[28, 12, 18]",Karate Kid: Legends,52547391.0,1823.0,Sony Pictures Releasing,52547391.0,52547391.0,"Action,Adventure,Drama",['US'],1,0,0,1,0,0,0,1,0,0,0,0,1,1,1,0,1,0,1,0,0,0,0,0,0,0,0,0,0,0,0,1,0,0,0,Action,3,5,May,Spring,1,0,0,1,Memorial Day,5.0,0,0,0,1,1,5,423778855,7,High,1,1,0,0,0,0,0,0,1,karate kid,176591618.0,176591618.0,176591618.0,1.0,0,0,0,0,0,0,15,0,0,0,1
False,/t25z4ggC2Uvs3EhI66lxVO2jDp5.jpg,[35],1280672,en,One of Them Days,"Best friends and roommates Dreux and Alyssa are about to have One of Them Days. When they discover Alyssa’s boyfriend has blown their rent money, the duo finds themselves going to extremes in a comical race against the clock to avoid eviction and keep their friendship intact.",6.1722,/ccn6bFUA5DECjA3Lo0CuJqGNQCv.jpg,2025-01-17,One of Them Days,False,6.656,234,"[{'iso_3166_1': 'US', 'name': 'United States of America'}]",2025,[35],One of Them Days,50054690.0,1930.0,Sony Pictures Releasing,50054690.0,50054690.0,Comedy,['US'],1,0,0,1,0,0,0,1,0,0,0,0,1,1,0,1,0,0,0,0,0,0,0,0,0,0,0,0,0,0,0,0,0,0,0,Comedy,1,1,January,Winter,0,0,0,1,Martin Luther King Jr. Day,2.0,0,0,0,0,1,1,97970355,14,Medium,0,0,0,0,0,0,0,0,0,one them,,,,,0,0,0,0,0,0,15,0,0,0,1
False,/m3WlBJJRbFPaut1QS0PbOG8Wezy.jpg,"[10749, 18]",1327862,en,Regretting You,"Morgan Grant and her daughter Clara explore what's left behind after a devastating accident reveals a shocking betrayal and forces them to confront family secrets, redefine love, and rediscover each other.",44.1601,/z4gVnxTaks3anTycwKjDmvQSuWt.jpg,2025-10-24,Regretting You,False,6.977,197,"[{'iso_3166_1': 'US', 'name': 'United States of America'}, {'iso_3166_1': 'DE', 'name': 'Germany'}]",2025,"[10749, 18]",Regretting You,48852948.0,1970.0,Paramount Pictures International,48852948.0,48852948.0,"Romance,Drama","['US', 'DE']",1,0,0,1,0,0,0,0,1,0,0,0,1,1,1,0,0,0,0,1,0,0,0,0,0,0,0,0,0,0,0,0,0,0,0,Romance,2,10,October,Fall,0,0,1,0,,,0,0,0,0,1,2,90687363,7,Medium,0,1,0,0,0,0,0,0,0,regretting you,,,,,0,0,0,0,0,0,15,0,0,0,1
False,/hGLywNhy1Fo1rNFHsNZsXGS69B8.jpg,"[878, 35, 12]",696506,en,Mickey 17,"Unlikely hero Mickey Barnes finds himself in the extraordinary circumstance of working for an employer who demands the ultimate commitment to the job… to die, for a living.",16.8003,/edKpE9B5qN3e559OuMCLZdW1iBZ.jpg,2025-03-07,Mickey 17,False,6.83,3025,"[{'iso_3166_1': 'US', 'name': 'United States of America'}, {'iso_3166_1': 'GB', 'name': 'United Kingdom'}]",2025,"[878, 35, 12]",Mickey 17,46047147.0,2082.0,Warner Bros.,46047147.0,46047147.0,"Science Fiction,Comedy,Adventure","['GB', 'US']",1,1,0,1,0,1,0,0,0,0,0,0,1,1,0,1,0,0,1,0,1,0,0,0,0,0,0,0,0,0,0,0,0,0,0,Science Fiction,3,3,March,Spring,0,0,0,0,,,0,0,0,0,1,1,87203963,14,Medium,0,0,0,0,0,0,0,0,0,mickey 17,,,,,0,0,0,0,0,0,15,0,0,0,1
False,/7N7CtZftqEvgojR3QloukU0oWPg.jpg,"[10751, 35, 12]",516729,en,Paddington in Peru,"Paddington travels to Peru to visit his beloved Aunt Lucy, who now resides at the Home for Retired Bears. With the Brown Family in tow, a thrilling adventure ensues when a mystery plunges them into an unexpected journey through the Amazon rainforest and up to the mountain peaks of Peru.",6.5755,/1ffZAucqfvQu36x1C49XfOdjuOG.jpg,2025-02-14,Paddington in Peru,False,6.832,579,"[{'iso_3166_1': 'GB', 'name': 'United Kingdom'}, {'iso_3166_1': 'JP', 'name': 'Japan'}]",2025,"[10751, 35, 12]",Paddington in Peru,45770312.0,2096.0,Sony Pictures Releasing,45770312.0,45770312.0,"Family,Comedy,Adventure","['GB', 'JP']",0,1,0,1,0,0,0,1,0,0,0,0,1,1,0,1,0,0,1,0,0,0,0,1,0,0,0,0,0,0,0,0,0,0,0,Family,3,2,February,Winter,0,0,0,1,Presidents Day,1.0,0,0,0,0,1,2,200500001,0,Medium,1,1,0,0,0,0,0,0,0,paddington in,,,,,0,0,0,0,0,0,15,0,0,0,1
False,/kfXgo2rMF1A19celCwLyQ4Xwpf8.jpg,"[16, 28, 10749, 14]",1218925,ja,劇場版 チェンソーマン レゼ篇,"In a brutal war between devils, hunters, and secret enemies, a mysterious girl named Reze has stepped into Denji's world, and he faces his deadliest battle yet, fueled by love in a world where survival knows no rules.",100.138,/pHyxb2RV5wLlboAwm9ZJ9qTVEDw.jpg,2025-10-24,Chainsaw Man - The Movie: Reze Arc,False,8.293,470,"[{'iso_3166_1': 'JP', 'name': 'Japan'}]",2025,"[16, 28, 10749, 14]",Chainsaw Man - The Movie: Reze Arc,43438461.0,2200.0,Sony Pictures Releasing,43438461.0,43438461.0,"Animation,Action,Romance,Fantasy",['JP'],0,0,0,0,0,0,0,1,0,0,0,0,1,0,0,0,1,0,0,1,0,0,0,0,1,1,0,0,0,0,0,0,0,0,0,Animation,4,10,October,Fall,0,0,1,0,,,0,0,0,0,1,2,90687363,7,Medium,0,1,0,0,0,0,0,0,1,chainsaw man,0.0,,,0.0,0,0,0,0,0,0,15,0,0,0,1
False,/aD7FXrm2GErTmzrIFBntPyhAqS9.jpg,"[53, 28]",1087891,en,The Amateur,"After his life is turned upside down when his wife is killed in a London terrorist attack, a brilliant but introverted CIA decoder takes matters into his own hands when his supervisors refuse to take action.",12.5338,/SNEoUInCa5fAgwuEBMIMBGvkkh.jpg,2025-04-11,The Amateur,False,6.977,1399,"[{'iso_3166_1': 'US', 'name': 'United States of America'}]",2025,"[53, 28]",The Amateur,40759635.0,2329.0,20th Century Studios,40759635.0,40759635.0,"Thriller,Action",['US'],1,0,0,1,0,0,0,0,0,1,0,0,1,1,0,0,1,1,0,0,0,0,0,0,0,0,0,0,0,0,0,0,0,0,0,Thriller,2,4,April,Spring,0,0,0,0,,,0,0,0,0,1,3,423949195,0,High,1,1,0,0,0,0,0,0,0,amateur,,,,,0,0,0,0,0,0,15,0,0,0,1
False,/aHj7d7wSLqrg5cjAcgHhiGr97Ih.jpg,"[28, 53, 878]",798645,en,The Running Man,"Desperate to save his sick daughter, working-class Ben Richards is convinced by The Running Man's charming but ruthless producer to enter the deadly competition game as a last resort. But Ben's defiance, instincts, and grit turn him into an unexpected fan favorite — and a threat to the entire system. As ratings skyrocket, so does the danger, and Ben must outwit not just the Hunters, but a nation addicted to watching him fall.",165.481,/dKL78O9zxczVgjtNcQ9UkbYLzqX.jpg,2025-11-14,The Running Man,False,6.835,726,"[{'iso_3166_1': 'US', 'name': 'United States of America'}, {'iso_3166_1': 'GB', 'name': 'United Kingdom'}]",2025,"[28, 53, 878]",The Running Man,37815641.0,2494.0,Paramount Pictures International,37815641.0,37815641.0,"Action,Thriller,Science Fiction","['GB', 'US']",1,1,0,1,0,0,0,0,1,0,0,0,1,1,0,0,1,1,0,0,1,0,0,0,0,0,0,0,0,0,0,0,1,0,0,Action,3,11,November,Fall,0,1,1,1,Veterans Day,3.0,0,0,0,0,1,4,322429685,0,High,1,1,0,0,0,0,0,0,0,running man,,,,,0,0,0,0,0,0,15,0,0,0,1
False,/fTrQsdMS2MUw00RnzH0r3JWHhts.jpg,"[28, 80, 53]",1197306,en,A Working Man,"Levon Cade left behind a decorated military career in the black ops to live a simple life working construction. But when his boss's daughter, who is like family to him, is taken by human traffickers, his search to bring her home uncovers a world of corruption far greater than he ever could have imagined.",27.5785,/6FRFIogh3zFnVWn7Z6zcYnIbRcX.jpg,2025-03-28,A Working Man,False,6.705,1687,"[{'iso_3166_1': 'GB', 'name': 'United Kingdom'}, {'iso_3166_1': 'US', 'name': 'United States of America'}]",2025,"[28, 80, 53]",A Working Man,37000711.0,2541.0,Amazon MGM Studios,37000711.0,37000711.0,"Action,Crime,Thriller","['GB', 'US']",1,1,0,1,0,0,0,0,0,0,1,0,1,1,0,0,1,1,0,0,0,0,1,0,0,0,0,0,0,0,0,0,0,0,0,Action,3,3,March,Spring,0,0,0,0,,,0,0,0,0,1,3,423949195,7,High,1,1,0,0,0,0,0,0,0,working man,,,,,0,0,0,0,0,0,15,0,0,0,1
False,/1mCEzHxDcJdkM3Ye7CTeZ04HVBB.jpg,"[28, 80, 53]",604685,en,Den of Thieves 2: Pantera,"Big Nick is back on the hunt in Europe and closing in on Donnie, who is embroiled in the treacherous and unpredictable world of diamond thieves and the infamous Panther mafia, as they plot a massive heist of the world's largest diamond exchange.",7.2927,/rxcyxxarD17xMliStDEhM6y2AYQ.jpg,2025-01-10,Den of Thieves 2: Pantera,False,6.6,695,"[{'iso_3166_1': 'CA', 'name': 'Canada'}, {'iso_3166_1': 'US', 'name': 'United States of America'}]",2025,"[28, 80, 53]",Den of Thieves 2: Pantera,36015016.0,2603.0,Lionsgate,36015016.0,36015016.0,"Action,Crime,Thriller","['CA', 'US']",1,0,1,1,0,0,0,0,0,0,0,1,1,1,0,0,1,1,0,0,0,0,1,0,0,0,0,0,0,0,0,0,0,0,0,Action,3,1,January,Winter,0,0,0,1,New Year's Day,9.0,1,0,0,0,1,1,50054690,7,Medium,0,1,0,0,0,0,0,0,1,den thieves,44947622.0,44947622.0,44947622.0,1.0,0,0,0,0,0,0,15,0,0,0,1
False,/pcJft6lFWsJxutwpLHVYfmZRPQp.jpg,"[27, 878, 53]",604079,en,The Long Walk,"In a dystopian, alternate-America ruled by a totalitarian regime, fifty teenage boys take part in a deadly annual walking contest, forced to maintain a minimum pace or be executed, until only one survivor remains.",26.7627,/wobVTa99eW0ht6c1rNNzLkazPtR.jpg,2025-09-12,The Long Walk,False,6.918,941,"[{'iso_3166_1': 'US', 'name': 'United States of America'}]",2025,"[27, 878, 53]",The Long Walk,35163573.0,2656.0,Lionsgate,35163573.0,35163573.0,"Horror,Science Fiction,Thriller",['US'],1,0,0,1,0,0,0,0,0,0,0,1,1,1,0,0,0,1,0,0,1,1,0,0,0,0,0,0,0,0,0,0,0,0,0,Horror,3,9,September,Fall,0,0,0,0,,,0,0,0,0,1,3,177753512,0,High,0,1,0,0,0,0,0,0,0,long walk,,,,,0,0,0,0,0,0,15,0,0,0,1
False,/gVPjIcYo1gTaACF43OMsralrcUS.jpg,"[27, 9648, 53]",1083433,en,I Know What You Did Last Summer,"When five friends inadvertently cause a deadly car accident, they cover up their involvement and make a pact to keep it a secret rather than face the consequences. A year later, their past comes back to haunt them and they're forced to confront a horrifying truth: someone knows what they did last summer…and is hell-bent on revenge.",14.3872,/8FP2ObEGIiQYQCf83gL4ZVzwZF8.jpg,2025-07-18,I Know What You Did Last Summer,False,5.8,569,"[{'iso_3166_1': 'US', 'name': 'United States of America'}]",2025,"[27, 9648, 53]",I Know What You Did Last Summer,32165634.0,2860.0,Sony Pictures Releasing,32165634.0,32165634.0,"Horror,Mystery,Thriller",['US'],1,0,0,1,0,0,0,1,0,0,0,0,1,1,0,0,0,1,0,0,0,1,0,0,0,0,1,0,0,0,0,0,0,0,0,Horror,3,7,July,Summer,1,0,0,0,,,0,0,0,0,1,3,354184465,7,High,1,1,0,0,0,0,0,0,0,i know,,,,,0,0,0,0,0,0,15,0,0,0,1
False,/MrcSSzWGsXf2IUJpjPPFLlNbjX.jpg,"[10751, 35, 12, 16]",1280282,en,Gabby's Dollhouse: The Movie,"Gabby heads out on a road trip with her Grandma Gigi to the urban wonderland of Cat Francisco. But when Gabby's dollhouse, her most prized possession, ends up in the hands of an eccentric cat lady named Vera, Gabby sets off on an adventure through the real world to get the Gabby Cats back together and save the dollhouse before it's too late.",16.8412,/t6LLguAmu6iZUN8pWhT7Q0IcaQ5.jpg,2025-09-26,Gabby's Dollhouse: The Movie,False,6.74,48,"[{'iso_3166_1': 'US', 'name': 'United States of America'}]",2025,"[10751, 35, 12, 16]",Gabby's Dollhouse: The Movie,32011820.0,2877.0,Universal Pictures International (UPI),32011820.0,32011820.0,"Family,Comedy,Adventure,Animation",['US'],1,0,0,1,0,0,1,0,0,0,0,0,1,1,0,1,0,0,1,0,0,0,0,1,0,1,0,0,0,0,0,0,0,0,1,Family,4,9,September,Fall,0,0,0,0,,,0,0,0,0,1,2,134434100,0,Medium,0,1,0,0,0,0,0,0,1,gabby s,0.0,,,0.0,0,0,0,0,0,0,15,0,0,0,1
False,/9whEVuKte4Qi0LI4TzPf7glinJW.jpg,"[16, 10751, 14]",936108,en,Smurfs,"When Papa Smurf is mysteriously taken by evil wizards, Razamel and Gargamel, Smurfette leads the Smurfs on a mission into the real world to save him. With the help of new friends, the Smurfs must discover what defines their destiny to save the universe.",18.9378,/8o6lkhL32xQJeB52IIG1us5BVey.jpg,2025-07-18,Smurfs,False,5.869,226,"[{'iso_3166_1': 'US', 'name': 'United States of America'}, {'iso_3166_1': 'BE', 'name': 'Belgium'}]",2025,"[16, 10751, 14]",Smurfs,31075170.0,2946.0,Paramount Pictures International,31075170.0,31075170.0,"Animation,Family,Fantasy","['US', 'BE']",1,0,0,1,0,0,0,0,1,0,0,0,1,1,0,0,0,0,0,0,0,0,0,1,1,1,0,0,0,0,0,0,0,0,1,Animation,3,7,July,Summer,1,0,0,0,,,0,0,0,0,1,3,354184465,7,High,1,1,0,0,0,0,0,0,0,smurfs,,,,,0,0,0,0,0,0,15,0,0,0,1
False,/psCkHIvTQ9b0w4tx1ALhzVCRiYP.jpg,"[27, 35, 10749]",1302916,en,Heart Eyes,"When the ""Heart Eyes Killer"" strikes Seattle, a pair of co-workers pulling overtime on Valentine's Day are mistaken for a couple by the elusive couple-hunting killer. Now, they must spend the most romantic night of the year running for their lives.",8.3215,/ebqttF1Vjgde6uSFBEw9mta7Hd3.jpg,2025-02-07,Heart Eyes,False,6.395,405,"[{'iso_3166_1': 'US', 'name': 'United States of America'}]",2025,"[27, 35, 10749]",Heart Eyes,30415738.0,2990.0,Sony Pictures Releasing,30415738.0,30415738.0,"Horror,Comedy,Romance",['US'],1,0,0,1,0,0,0,1,0,0,0,0,1,1,0,1,0,0,0,1,0,1,0,0,0,0,0,0,0,0,0,0,0,1,0,Horror,3,2,February,Winter,0,0,0,1,Presidents Day,8.0,0,0,0,0,1,2,200500001,7,Medium,1,1,0,0,0,0,0,0,0,heart eyes,,,,,0,0,0,0,0,0,15,0,0,0,1
False,/hwlyY7LJdEFbCPaGNXiskKKmJ5X.jpg,"[28, 53]",1126166,en,Flight Risk,"A U.S. Marshal escorts a government witness to trial after he's accused of getting involved with a mob boss, only to discover that the pilot who is transporting them is also a hitman sent to assassinate the informant. After they subdue him, they're forced to fly together after discovering that there are others attempting to eliminate them.",9.0424,/q0bCG4NX32iIEsRFZqRtuvzNCyZ.jpg,2025-01-24,Flight Risk,False,5.974,1053,"[{'iso_3166_1': 'US', 'name': 'United States of America'}]",2025,"[28, 53]",Flight Risk,29783527.0,3042.0,Lionsgate,29783527.0,29783527.0,"Action,Thriller",['US'],1,0,0,1,0,0,0,0,0,0,0,1,1,1,0,0,1,1,0,0,0,0,0,0,0,0,0,0,0,0,0,0,0,0,0,Action,2,1,January,Winter,0,0,0,1,Martin Luther King Jr. Day,9.0,0,0,0,0,1,2,97970355,7,Medium,0,1,0,0,0,0,0,0,0,flight risk,,,,,0,0,0,0,0,0,15,0,0,0,1
False,/cT9ZfwoPDk8JbgkessmQgxAWiaM.jpg,"[28, 878, 53]",1071585,en,M3GAN 2.0,"After the underlying tech for M3GAN is stolen and misused by a powerful defense contractor to create a military-grade weapon known as Amelia, M3GAN's creator Gemma realizes that the only option is to resurrect M3GAN and give her a few upgrades, making her faster, stronger, and more lethal.",17.9231,/4a63rQqIDTrYNdcnTXdPsQyxVLo.jpg,2025-06-27,M3GAN 2.0,False,7.368,1040,"[{'iso_3166_1': 'US', 'name': 'United States of America'}]",2025,"[28, 878, 53]",M3GAN 2.0,24101280.0,3452.0,Universal Pictures,24101280.0,24101280.0,"Action,Science Fiction,Thriller",['US'],1,0,0,1,0,0,1,0,0,0,0,0,1,1,0,0,1,1,0,0,1,0,0,0,0,0,0,0,0,0,0,0,1,0,0,Action,3,6,June,Summer,1,0,0,1,Independence Day,7.0,0,0,1,0,1,5,354184465,5,High,1,1,0,0,0,0,0,0,1,m3gan 2,0.0,,,0.0,0,0,0,0,0,0,15,0,0,0,1
False,/2YOnE2qmoyyOUqQsFit12gDSauk.jpg,"[80, 35, 18]",1242419,en,Roofman,"A former Army Ranger and struggling father turns to robbing McDonald’s restaurants by cutting holes in their roofs, earning him the nickname 'Roofman'. After escaping prison, he secretly lives inside a Toys “R” Us for six months, surviving undetected while planning his next move. But when he falls for a divorced mom drawn to his undeniable charm, his double life begins to unravel, setting off a compelling and suspenseful game of cat and mouse as his past closes in.",21.2572,/pUpFD3Oq1eN5mdF9MDwCwH874P8.jpg,2025-10-10,Roofman,False,7.237,321,"[{'iso_3166_1': 'US', 'name': 'United States of America'}]",2025,"[80, 35, 18]",Roofman,22739882.0,3560.0,Paramount Pictures International,22739882.0,22739882.0,"Crime,Comedy,Drama",['US'],1,0,0,1,0,0,0,0,1,0,0,0,1,1,1,1,0,0,0,0,0,0,1,0,0,0,0,0,0,0,0,0,0,0,0,Crime,3,10,October,Fall,0,0,1,1,Columbus Day,0.0,0,0,0,0,1,2,77378880,7,Medium,0,1,0,0,0,0,0,0,0,roofman,,,,,0,0,0,0,0,0,15,0,0,0,1
False,/oOczvrnhpXUmqCbyKYFj4FQExAo.jpg,"[18, 10402]",1230368,en,Springsteen: Deliver Me from Nowhere,"Bruce Springsteen, a young musician on the cusp of global superstardom, struggles to reconcile the pressures of success with the ghosts of his past.",42.8514,/csBV3eq4RDjNg1acNQ8kwOZyPlZ.jpg,2025-10-24,Springsteen: Deliver Me from Nowhere,False,7.0,124,"[{'iso_3166_1': 'US', 'name': 'United States of America'}]",2025,"[18, 10402]",Springsteen: Deliver Me from Nowhere,22638297.0,3565.0,20th Century Studios,22638297.0,22638297.0,"Drama,Music",['US'],1,0,0,1,0,0,0,0,0,1,0,0,1,1,1,0,0,0,0,0,0,0,0,0,0,0,0,0,1,0,0,0,0,0,0,Drama,2,10,October,Fall,0,0,1,0,,,0,0,0,0,1,2,90687363,7,Medium,0,1,0,0,0,0,0,0,1,springsteen,0.0,,,0.0,0,0,0,0,0,0,15,0,0,0,1
False,/ae0p8SqtMNNxbmbUHyCaE20D2aQ.jpg,"[9648, 53]",1368166,en,The Housemaid,"Trying to escape her past, Millie Calloway accepts a job as a live-in housemaid for the wealthy Nina and Andrew Winchester. But what begins as a dream job quickly unravels into something far more dangerous—a sexy, seductive game of secrets, scandal, and power.",80.5845,/cWsBscZzwu5brg9YjNkGewRUvJX.jpg,2025-12-19,The Housemaid,False,8.125,32,"[{'iso_3166_1': 'US', 'name': 'United States of America'}]",2025,"[9648, 53]",The Housemaid,22410430.0,3591.0,Lionsgate,22410430.0,22410430.0,"Mystery,Thriller",['US'],1,0,0,1,0,0,0,0,0,0,0,1,1,1,0,0,0,1,0,0,0,0,0,0,0,0,1,0,0,0,0,0,0,0,0,Mystery,2,12,December,Winter,0,1,1,1,Christmas,6.0,1,0,0,0,1,2,111020240,0,Medium,0,1,0,0,0,0,0,0,0,housemaid,,,,,0,0,0,0,0,0,15,0,0,0,1
False,/3lEV4CoKoeT2cZ4fbKEJugZcw6Z.jpg,"[27, 53]",1244944,en,The Woman in the Yard,"In the aftermath of her husband's death, widow Ramona's struggle to raise her two kids is hindered by the arrival of a mysterious woman with supernatural abilities.",4.7728,/n0WS2TsNcS6dtaZKzxipyO7LuCJ.jpg,2025-03-28,The Woman in the Yard,False,5.686,360,"[{'iso_3166_1': 'US', 'name': 'United States of America'}]",2025,"[27, 53]",The Woman in the Yard,22405985.0,3592.0,Universal Pictures,22405985.0,22405985.0,"Horror,Thriller",['US'],1,0,0,1,0,0,1,0,0,0,0,0,1,1,0,0,0,1,0,0,0,1,0,0,0,0,0,0,0,0,0,0,0,0,0,Horror,2,3,March,Spring,0,0,0,0,,,0,0,0,0,1,3,423949195,7,High,1,1,0,0,0,0,0,0,0,woman in,,,,,0,0,0,0,0,0,15,0,0,0,1
False,/82C04rTiXYZ7c8XZv91Nu53w82Y.jpg,"[28, 53]",1007734,en,Nobody 2,"Former assassin Hutch Mansell takes his family on a nostalgic vacation to a small-town theme park, only to be pulled back into violence when they clash with a corrupt operator, a crooked sheriff, and a ruthless crime boss.",28.1752,/iyxwxDZCpIm0vIORaHpmgJv2BGF.jpg,2025-08-15,Nobody 2,False,7.034,1095,"[{'iso_3166_1': 'US', 'name': 'United States of America'}]",2025,"[28, 53]",Nobody 2,21604985.0,3655.0,Universal Pictures International (UPI),21604985.0,21604985.0,"Action,Thriller",['US'],1,0,0,1,0,0,1,0,0,0,0,0,1,1,0,0,1,1,0,0,0,0,0,0,0,0,0,0,0,0,0,0,0,0,0,Action,2,8,August,Summer,1,0,0,0,,,0,0,0,0,1,4,151550044,7,High,0,1,0,0,0,0,0,0,1,nobody 2,0.0,,,0.0,0,0,0,0,0,0,15,0,0,0,1
False,/cZnJ3ABPvsWGqwPcu06Eda493F9.jpg,"[27, 878, 53]",1084199,en,Companion,"During a weekend getaway at a secluded lakeside estate, a group of friends finds themselves entangled in a web of secrets, deception, and advanced technology. As tensions rise and loyalties are tested, they uncover unsettling truths about themselves and the world around them.",18.8633,/oCoTgC3UyWGfyQ9thE10ulWR7bn.jpg,2025-01-31,Companion,False,7.042,1937,"[{'iso_3166_1': 'US', 'name': 'United States of America'}]",2025,"[27, 878, 53]",Companion,20809101.0,3761.0,Warner Bros.,20809101.0,20809101.0,"Horror,Science Fiction,Thriller",['US'],1,0,0,1,0,1,0,0,0,0,0,0,1,1,0,0,0,1,0,0,1,1,0,0,0,0,0,0,0,0,0,0,0,0,0,Horror,3,1,January,Winter,0,0,0,0,,,0,0,0,0,1,3,200500001,0,High,1,1,0,0,0,0,0,0,0,companion,,,,,0,0,0,0,0,0,15,0,0,0,1
False,/wwARk7hRIfHfh2n2ubN6N7lvTne.jpg,"[27, 53]",710295,en,Wolf Man,"With his marriage fraying, Blake persuades his wife Charlotte to take a break from the city and visit his remote childhood home in rural Oregon. As they arrive at the farmhouse in the dead of night, they're attacked by an unseen animal and barricade themselves inside the home as the creature prowls the perimeter. But as the night stretches on, Blake begins to behave strangely, transforming into something unrecognizable.",6.0536,/wpSDzTBfF0Eeo5lzu2w9FTujGqd.jpg,2025-01-17,Wolf Man,False,6.238,867,"[{'iso_3166_1': 'US', 'name': 'United States of America'}]",2025,"[27, 53]",Wolf Man,20707280.0,3774.0,Universal Pictures,20707280.0,20707280.0,"Horror,Thriller",['US'],1,0,0,1,0,0,1,0,0,0,0,0,1,1,0,0,0,1,0,0,0,1,0,0,0,0,0,0,0,0,0,0,0,0,0,Horror,2,1,January,Winter,0,0,0,1,Martin Luther King Jr. Day,2.0,0,0,0,0,1,2,97970355,0,Medium,0,1,0,0,0,0,0,0,0,wolf man,,,,,0,0,0,0,0,0,15,0,0,0,1
False,/vFJgEhYEjWWJ9JqmlMdDiKxE8JD.jpg,"[27, 9648]",1232546,en,Until Dawn,"One year after her sister Melanie mysteriously disappeared, Clover and her friends head into the remote valley where she vanished in search of answers. Exploring an abandoned visitor center, they find themselves stalked by a masked killer and horrifically murdered one by one...only to wake up and find themselves back at the beginning of the same evening.",8.4871,/bLY5yN4MKVynZ2HMZWElTOGBgBe.jpg,2025-04-25,Until Dawn,False,6.365,1210,"[{'iso_3166_1': 'US', 'name': 'United States of America'}]",2025,"[27, 9648]",Until Dawn,20172192.0,3841.0,Screen Gems,20172192.0,20172192.0,"Horror,Mystery",['US'],1,0,0,1,0,0,0,1,0,0,0,0,1,1,0,0,0,0,0,0,0,1,0,0,0,0,1,0,0,0,0,0,0,0,0,Horror,2,4,April,Spring,0,0,0,0,,,0,0,0,0,1,3,279653537,7,High,1,1,0,0,0,0,0,0,0,until dawn,,,,,0,0,0,0,0,0,15,0,0,0,1
False,/lyBH2mFFU6qrHwD5QKotL2JnEb6.jpg,"[28, 35, 53]",1195506,en,Novocaine,"When the girl of his dreams is kidnapped, everyman Nate turns his inability to feel pain into an unexpected strength in his fight to get her back.",7.8814,/xmMHGz9dVRaMY6rRAlEX4W0Wdhm.jpg,2025-03-14,Novocaine,False,6.842,1331,"[{'iso_3166_1': 'US', 'name': 'United States of America'}]",2025,"[28, 35, 53]",Novocaine,19861854.0,3877.0,Paramount Pictures International,19861854.0,19861854.0,"Action,Comedy,Thriller",['US'],1,0,0,1,0,0,0,0,1,0,0,0,1,1,0,1,1,1,0,0,0,0,0,0,0,0,0,0,0,0,0,0,0,0,0,Action,3,3,March,Spring,0,0,0,0,,,0,0,0,0,1,1,87203963,7,Medium,0,1,0,0,0,0,0,0,0,novocaine,,,,,0,0,0,0,0,0,15,0,0,0,1
False,/zWO3B2CTDguZqCrVQ2u5Xnp9VRS.jpg,"[80, 53, 35]",1245993,en,Caught Stealing,"Burned-out ex-baseball player Hank Thompson unexpectedly finds himself embroiled in a dangerous struggle for survival amidst the criminal underbelly of late 1990s New York City, forced to navigate a treacherous underworld he never imagined.",11.3591,/cvda8s5J8YaHjTyEyXQpvD6f3iV.jpg,2025-08-29,Caught Stealing,False,6.925,618,"[{'iso_3166_1': 'US', 'name': 'United States of America'}]",2025,"[80, 53, 35]",Caught Stealing,19005242.0,3960.0,Sony Pictures Releasing,19005242.0,19005242.0,"Crime,Thriller,Comedy",['US'],1,0,0,1,0,0,0,1,0,0,0,0,1,1,0,1,0,1,0,0,0,0,1,0,0,0,0,0,0,0,0,0,0,0,0,Crime,3,8,August,Summer,1,0,0,1,Labor Day,3.0,0,0,0,1,1,2,177753512,7,Medium,0,1,0,0,0,0,0,0,0,caught stealing,,,,,0,0,0,0,0,0,15,0,0,0,1
False,/kVSUUWiXoNwq2wVCZ4Mcqkniqvr.jpg,"[10751, 35, 12, 16]",991494,en,The SpongeBob Movie: Search for SquarePants,"Desperate to be a big guy, SpongeBob sets out to prove his bravery to Mr. Krabs by following The Flying Dutchman – a mysterious swashbuckling ghost pirate – on a seafaring adventure that takes him to the deepest depths of the deep sea, where no Sponge has gone before.",53.6244,/n92wqmgHhMU0Mzc49AzRUhyhQ65.jpg,2025-12-19,The SpongeBob Movie: Search for SquarePants,False,7.071,14,"[{'iso_3166_1': 'US', 'name': 'United States of America'}]",2025,"[10751, 35, 12, 16]",The SpongeBob Movie: Search for SquarePants,18436783.0,4022.0,Paramount Pictures International,18436783.0,18436783.0,"Family,Comedy,Adventure,Animation",['US'],1,0,0,1,0,0,0,0,1,0,0,0,1,1,0,1,0,0,1,0,0,0,0,1,0,1,0,0,0,0,0,0,0,0,1,Family,4,12,December,Winter,0,1,1,1,Christmas,6.0,1,0,0,0,1,2,111020240,0,Medium,0,1,0,0,0,0,0,0,1,spongebob movie,162994032.0,162994032.0,162994032.0,1.0,0,0,0,0,0,0,15,0,0,0,1
False,/n4R5Ad6rwf87lmllFNuYR3io30V.jpg,"[9648, 53]",1249213,en,Drop,"Violet, a widowed mother on her first date in years, arrives at an upscale restaurant where she is relieved that her date, Henry, is more charming and handsome than she expected. But their chemistry begins to curdle as Violet begins being irritated and then terrorized by a series of anonymous drops to her phone.",4.9317,/hSQPSW8aLjsMBfwqGjgJ6HozTkp.jpg,2025-04-11,Drop,False,6.364,684,"[{'iso_3166_1': 'US', 'name': 'United States of America'}, {'iso_3166_1': 'IE', 'name': 'Ireland'}]",2025,"[9648, 53]",Drop,16600805.0,4255.0,Universal Pictures International (UPI),16600805.0,16600805.0,"Mystery,Thriller","['US', 'IE']",1,1,0,1,0,0,1,0,0,0,0,0,1,1,0,0,0,1,0,0,0,0,0,0,0,0,1,0,0,0,0,0,0,0,0,Mystery,2,4,April,Spring,0,0,0,0,,,0,0,0,0,1,3,423949195,0,High,1,1,0,0,0,0,0,0,0,drop,,,,,0,0,0,0,0,0,15,0,0,0,1
False,/q2V1q2Xxwqg3uXQKufpdCtrnAdn.jpg,"[35, 14]",1114967,en,Good Fortune,A well-meaning but rather inept angel named Gabriel meddles in the lives of a struggling gig worker and a wealthy capitalist.,10.6389,/r83HIGA0mUiy7I9qVr17pF7SCDP.jpg,2025-10-17,Good Fortune,False,7.08,337,"[{'iso_3166_1': 'US', 'name': 'United States of America'}]",2025,"[35, 14]",Good Fortune,16585758.0,4258.0,Lionsgate,16585758.0,16585758.0,"Comedy,Fantasy",['US'],1,0,0,1,0,0,0,0,0,0,0,1,1,1,0,1,0,0,0,0,0,0,0,0,1,0,0,0,0,0,0,0,0,0,0,Comedy,2,10,October,Fall,0,0,1,1,Columbus Day,7.0,0,0,0,0,1,1,77378880,0,Medium,0,1,0,0,0,0,0,0,0,good fortune,,,,,0,0,0,0,0,0,15,0,0,0,1
False,/aGgr2Q07AcyiWPGODoofgZDUEHp.jpg,"[28, 35, 10749]",1226406,en,Love Hurts,"A realtor is pulled back into the life he left behind after his former partner-in-crime resurfaces with an ominous message. With his crime-lord brother also on his trail, he must confront his past and the history he never fully buried.",9.9465,/skPPVeHoTTVVSJlb0Ib5vrqiuA4.jpg,2025-02-07,Love Hurts,False,5.703,317,"[{'iso_3166_1': 'US', 'name': 'United States of America'}, {'iso_3166_1': 'JP', 'name': 'Japan'}]",2025,"[28, 35, 10749]",Love Hurts,15683090.0,4369.0,Universal Pictures,15683090.0,15683090.0,"Action,Comedy,Romance","['US', 'JP']",1,0,0,1,0,0,1,0,0,0,0,0,1,1,0,1,1,0,0,1,0,0,0,0,0,0,0,0,0,0,0,0,0,1,0,Action,3,2,February,Winter,0,0,0,1,Presidents Day,8.0,0,0,0,0,1,2,200500001,7,Medium,1,1,0,0,0,0,0,0,0,love hurts,,,,,0,0,0,0,0,0,15,0,0,0,1
False,/sSaUmM4bnZJ7PW5dlyRi7iONB65.jpg,"[27, 53]",1010756,en,The Strangers: Chapter 2,"When The Strangers learn that one of their victims, Maya, is still alive, they return to finish what they’ve started.",25.4838,/aEk9jLbiKTVssdATbrF879NvyyJ.jpg,2025-09-26,The Strangers: Chapter 2,False,6.03,168,"[{'iso_3166_1': 'GB', 'name': 'United Kingdom'}, {'iso_3166_1': 'US', 'name': 'United States of America'}]",2025,"[27, 53]",The Strangers: Chapter 2,15153346.0,4443.0,Lionsgate,15153346.0,15153346.0,"Horror,Thriller","['GB', 'US']",1,1,0,1,0,0,0,0,0,0,0,1,1,1,0,0,0,1,0,0,0,1,0,0,0,0,0,0,0,0,0,0,0,0,0,Horror,2,9,September,Fall,0,0,0,0,,,0,0,0,0,1,2,134434100,0,Medium,0,1,0,0,0,0,0,0,1,strangers,59789270.0,35202562.0,29894635.0,2.0,0,0,0,0,0,0,15,0,0,0,1
False,/ajzEWXl1z75Mx6lOj9lToHt5t6Z.jpg,"[36, 18]",1214931,en,Nuremberg,"In postwar Germany, an American psychiatrist must determine whether Nazi prisoners are fit to go on trial for war crimes, and finds himself in a complex battle of intellect and ethics with Hermann Göring, Hitler's right-hand man.",42.1306,/sxu8TsG7k06ymWL98ELEIE1EMZV.jpg,2025-11-07,Nuremberg,False,7.185,127,"[{'iso_3166_1': 'US', 'name': 'United States of America'}, {'iso_3166_1': 'HU', 'name': 'Hungary'}]",2025,"[36, 18]",Nuremberg,14094983.0,4613.0,Sony Pictures Classics,14094983.0,14094983.0,"History,Drama","['US', 'HU']",1,0,0,1,0,0,0,1,0,0,0,0,1,1,1,0,0,0,0,0,0,0,0,0,0,0,0,1,0,0,0,0,0,0,0,History,2,11,November,Fall,0,1,1,1,Veterans Day,4.0,0,0,0,0,1,3,322429685,0,High,1,1,0,0,0,0,0,0,0,nuremberg,,,,,0,0,0,0,0,0,15,0,0,0,1
False,/rUrOOrPZFY43F6TLpq1FoGs3pqN.jpg,[18],1325678,en,Sarah's Oil,"Sarah Rector, an African-American girl born in Oklahoma Indian Territory in the early 1900s, believes there is oil beneath the barren land she’s allotted, and her faith is proven right. As greedy oil sharks close in, Sarah turns to her family, friends, and some Texas wildcatters to maintain control of her oil-rich land, eventually becoming among the nation's first female African-American millionaires—at eleven years old.",10.8927,/Av1CK61z33v2OBFLD1yF5rdRxQ1.jpg,2025-11-07,Sarah's Oil,False,7.727,23,"[{'iso_3166_1': 'US', 'name': 'United States of America'}]",2025,[18],Sarah's Oil,11675627.0,4966.0,Amazon MGM Studios,11675627.0,11675627.0,Drama,['US'],1,0,0,1,0,0,0,0,0,0,1,0,1,1,1,0,0,0,0,0,0,0,0,0,0,0,0,0,0,0,0,0,0,0,0,Drama,1,11,November,Fall,0,1,1,1,Veterans Day,4.0,0,0,0,0,1,3,322429685,0,High,1,1,0,0,0,0,0,0,0,sarah s,,,,,0,0,0,0,0,0,15,0,0,0,1
False,/2ha0wAOqrUcLScStWQcgeOOXapQ.jpg,"[10749, 14, 18]",1241921,en,A Big Bold Beautiful Journey,"Sarah and David are single strangers who meet at a mutual friend’s wedding and soon, through a surprising twist of fate, find themselves on a funny, fantastical, sweeping adventure together where they get to re-live important moments from their respective pasts, illuminating how they got to where they are in the present... and possibly getting a chance to alter their futures.",12.5202,/uMAkmQlKthQpTMiyPAKOYK3JnMs.jpg,2025-09-19,A Big Bold Beautiful Journey,False,6.279,240,"[{'iso_3166_1': 'US', 'name': 'United States of America'}, {'iso_3166_1': 'IE', 'name': 'Ireland'}]",2025,"[10749, 14, 18]",A Big Bold Beautiful Journey,6671082.0,5911.0,Sony Pictures Releasing,6671082.0,6671082.0,"Romance,Fantasy,Drama","['US', 'IE']",1,1,0,1,0,0,0,1,0,0,0,0,1,1,1,0,0,0,0,1,0,0,0,0,1,0,0,0,0,0,0,0,0,0,0,Romance,3,9,September,Fall,0,0,0,0,,,0,0,0,0,1,3,177753512,7,High,0,1,0,0,0,0,0,0,0,big bold,,,,,0,0,0,0,0,0,15,0,0,0,1
False,/w93509Dz3Cq5hwlQ1UE9IpTNV5T.jpg,"[10751, 18]",765897,en,The Unbreakable Boy,"When Scott and Teresa LeRette learn that their son Austin is both autistic and has brittle bone disease, they initially worry for their son’s future. But with Scott’s growing faith and Austin’s incredible spirit, they become 'unbreakable', finding joy, gratitude, and courage even in the most trying times.",6.1343,/ob1cuQzzggELGtWx5TchixKsBVn.jpg,2025-02-21,The Unbreakable Boy,False,7.739,119,"[{'iso_3166_1': 'US', 'name': 'United States of America'}]",2025,"[10751, 18]",The Unbreakable Boy,6443813.0,5969.0,Lionsgate,6443813.0,6443813.0,"Family,Drama",['US'],1,0,0,1,0,0,0,0,0,0,0,1,1,1,1,0,0,0,0,0,0,0,0,1,0,0,0,0,0,0,0,0,0,0,0,Family,2,2,February,Winter,0,0,0,1,Presidents Day,6.0,0,0,0,0,1,1,200500001,7,Medium,1,1,0,0,0,0,0,0,0,unbreakable boy,,,,,0,0,0,0,0,0,15,0,0,0,1
False,/iveeHEGtkq0dBJZtOcoK650sZ6x.jpg,"[80, 18, 36]",1013601,en,The Alto Knights,"Two of New York's most notorious organized crime bosses, Frank Costello and Vito Genovese, vie for control of the city's streets. Once the best of friends, petty jealousies and a series of betrayals place them on a deadly collision course that will reshape the Mafia (and America) forever.",5.1147,/epGF8vv3caKLm6X8PKbD5xirFLa.jpg,2025-03-21,The Alto Knights,False,6.275,355,"[{'iso_3166_1': 'US', 'name': 'United States of America'}]",2025,"[80, 18, 36]",The Alto Knights,6103664.0,6057.0,Warner Bros.,6103664.0,6103664.0,"Crime,Drama,History",['US'],1,0,0,1,0,1,0,0,0,0,0,0,1,1,1,0,0,0,0,0,0,0,1,0,0,0,0,1,0,0,0,0,0,0,0,Crime,3,3,March,Spring,0,0,0,0,,,0,0,0,0,1,2,423949195,0,Medium,1,1,0,0,0,0,0,0,0,alto knights,,,,,0,0,0,0,0,0,15,0,0,0,1
False,/yCatt8lmp3oRFEcOZF8KHhsiASQ.jpg,"[28, 10752]",1223601,fi,Sisu 2,"Returning to the house where his family was brutally murdered during the war, ‘the man who refuses to die’ dismantles it, loads it on a truck, and is determined to rebuild it somewhere safe in their honor. When the commander who killed his family comes back hellbent on finishing the job, a relentless, eye-popping cross-country chase ensues.",326.0945,/jNsttCWZyPtW66MjhUozBzVsRb7.jpg,2025-11-21,Sisu: Road to Revenge,False,7.578,257,"[{'iso_3166_1': 'FI', 'name': 'Finland'}, {'iso_3166_1': 'GB', 'name': 'United Kingdom'}]",2025,"[28, 10752]",Sisu: Road to Revenge,4544481.0,6532.0,Sony Pictures Releasing,4544481.0,4544481.0,"Action,War","['GB', 'FI']",0,1,0,1,0,0,0,1,0,0,0,0,1,0,0,0,1,0,0,0,0,0,0,0,0,0,0,0,0,1,0,0,0,0,0,Action,2,11,November,Fall,0,1,1,1,Veterans Day,10.0,0,0,0,0,1,5,322429685,1,High,1,1,0,0,0,0,0,0,1,sisu,7265622.0,7265622.0,7265622.0,1.0,0,0,0,0,0,0,15,0,0,0,1
False,/lBsbWXGn9maPKGhN3fozTU3BH0r.jpg,"[28, 53]",757725,en,Shadow Force,"Kyrah and Isaac were once the leaders of a multinational special forces group called Shadow Force. They broke the rules by falling in love, and in order to protect their son, they go underground. With a large bounty on their heads, and the vengeful Shadow Force hot on their trail, one family's fight becomes all-out war.",5.8447,/9LCpHFXZgkqp2AWiYq0mGbfZauk.jpg,2025-05-09,Shadow Force,False,6.37,223,"[{'iso_3166_1': 'US', 'name': 'United States of America'}]",2025,"[28, 53]",Shadow Force,3933483.0,6761.0,Lionsgate,3933483.0,3933483.0,"Action,Thriller",['US'],1,0,0,1,0,0,0,0,0,0,0,1,1,1,0,0,1,1,0,0,0,0,0,0,0,0,0,0,0,0,0,0,0,0,0,Action,2,5,May,Spring,1,0,0,0,,,0,0,0,0,1,4,423778855,7,High,1,1,0,0,0,0,0,0,0,shadow force,,,,,0,0,0,0,0,0,15,0,0,0,1
False,/nKwZoaflB5VQNn0StOBAHDxU8YR.jpg,"[35, 18]",1206008,en,Ella McCay,"An idealistic young politician juggles familial issues and a challenging work life while preparing to take over the job of her mentor, the state’s longtime incumbent governor.",11.8331,/iQCtK477yqp6xnHHrQG2P0lXoow.jpg,2025-12-12,Ella McCay,False,5.1,20,"[{'iso_3166_1': 'US', 'name': 'United States of America'}]",2025,"[35, 18]",Ella McCay,3590133.0,6900.0,20th Century Studios,3590133.0,3590133.0,"Comedy,Drama",['US'],1,0,0,1,0,0,0,0,0,1,0,0,1,1,1,1,0,0,0,0,0,0,0,0,0,0,0,0,0,0,0,0,0,0,0,Comedy,2,12,December,Winter,0,1,1,0,,,0,0,0,0,1,2,111020240,7,Medium,0,1,0,0,0,0,0,0,0,ella mccay,,,,,0,0,0,0,0,0,15,0,0,0,1
False,/x0J0OMKwnX1eeVRQWeb2D05yd3K.jpg,[18],1265063,en,After the Hunt,"A college professor finds herself at a personal and professional crossroads when a star pupil levels an accusation against one of her colleagues, and a dark secret from her own past threatens to come to light.",13.0043,/ryF8QPGUGlo8gRB4OYKb4J0r3aJ.jpg,2025-10-10,After the Hunt,False,5.69,334,"[{'iso_3166_1': 'US', 'name': 'United States of America'}, {'iso_3166_1': 'IT', 'name': 'Italy'}]",2025,[18],After the Hunt,3258830.0,7043.0,Amazon MGM Studios,3258830.0,3258830.0,Drama,"['IT', 'US']",1,0,0,1,0,0,0,0,0,0,1,0,1,1,1,0,0,0,0,0,0,0,0,0,0,0,0,0,0,0,0,0,0,0,0,Drama,1,10,October,Fall,0,0,1,1,Columbus Day,0.0,0,0,0,0,1,2,77378880,7,Medium,0,1,0,0,0,0,0,0,0,after hunt,,,,,0,0,0,0,0,0,15,0,0,0,1
False,/Adg0gp8kGKXUSe8emJByRbvweGk.jpg,[18],1212271,en,Eleanor the Great,"94-year-old Eleanor Morgenstein tries to rebuild her life after the death of her best friend. As a result, she moves back to New York City after living in Florida for decades.",3.737,/9XTM42IJST6lwPxtK2iUwNaFvCT.jpg,2025-09-26,Eleanor the Great,False,6.948,67,"[{'iso_3166_1': 'US', 'name': 'United States of America'}]",2025,[18],Eleanor the Great,2607002.0,7368.0,Sony Pictures Classics,2607002.0,2607002.0,Drama,['US'],1,0,0,1,0,0,0,1,0,0,0,0,1,1,1,0,0,0,0,0,0,0,0,0,0,0,0,0,0,0,0,0,0,0,0,Drama,1,9,September,Fall,0,0,0,0,,,0,0,0,0,1,2,134434100,0,Medium,0,1,0,0,0,0,0,0,0,eleanor great,,,,,0,0,0,0,0,0,15,0,0,0,1
False,/tx6k24kEGxc4sEqxb7KJCJCHbj7.jpg,"[35, 10402]",1306400,en,Merrily We Roll Along,"Franklin Shepard is a talented Broadway composer who abandons his theater career and all his friends in New York in order to produce films in Los Angeles. The story begins at the height of his Hollywood fame and moves backwards in time, showing snapshots of the most important moments in Frank’s life that shaped the man he is today. A live recording of the 2024 Tony Award-winning Broadway revival of Stephen Sondheim and George Furth's musical, filmed at the Hudson Theatre in New York City.",3.2632,/8h3uNPMdQKr7ffwAjU0aURFqIK.jpg,2025-12-05,Merrily We Roll Along,False,8.2,5,"[{'iso_3166_1': 'US', 'name': 'United States of America'}, {'iso_3166_1': 'GB', 'name': 'United Kingdom'}]",2025,"[35, 10402]",Merrily We Roll Along,2418113.0,7489.0,Sony Pictures Classics,2418113.0,2418113.0,"Comedy,Music","['GB', 'US']",1,1,0,1,0,0,0,1,0,0,0,0,1,1,0,1,0,0,0,0,0,0,0,0,0,0,0,0,1,0,0,0,0,0,0,Comedy,2,12,December,Winter,0,1,1,1,Thanksgiving,10.0,0,1,0,0,1,3,287506867,0,High,1,1,0,0,0,0,0,0,0,merrily we,,,,,0,0,0,0,0,0,15,0,0,0,1
False,/1YeNl4OexgoTqCbwXEYg4ujZmYt.jpg,"[10749, 35, 53]",1339658,en,"Oh, Hi!","Iris and Isaac's first weekend away as a couple is going so well — until Isaac mentions he didn’t know they were a couple. Convinced she's met her perfect guy and that he's just confused, Iris goes to increasingly ridiculous and irrational lengths to prove to Isaac that they are meant to be together.",5.767,/8nBOFo78pKgzLipgGZhC8VA33wp.jpg,2025-07-25,"Oh, Hi!",False,6.253,95,"[{'iso_3166_1': 'US', 'name': 'United States of America'}]",2025,"[10749, 35, 53]","Oh, Hi!",2082113.0,7728.0,Sony Pictures Classics,2082113.0,2082113.0,"Romance,Comedy,Thriller",['US'],1,0,0,1,0,0,0,1,0,0,0,0,1,1,0,1,0,1,0,1,0,0,0,0,0,0,0,0,0,0,0,0,0,1,0,Romance,3,7,July,Summer,1,0,0,0,,,0,0,0,0,1,5,354184465,7,High,1,1,0,0,0,0,0,0,0,oh hi,,,,,0,0,0,0,0,0,15,0,0,0,1
False,/gdxYE9xSutccbpIBlyB4F7pl0gA.jpg,[18],1299655,en,Blue Moon,"On the evening of March 31, 1943, legendary lyricist Lorenz Hart confronts his shattered self-confidence in Sardi’s bar as his former collaborator Richard Rodgers celebrates the opening night of his ground-breaking hit musical “Oklahoma!”.",11.7141,/dVU7SNc6dgStTVdtbPLQncWxsyZ.jpg,2025-10-17,Blue Moon,False,6.886,83,"[{'iso_3166_1': 'IE', 'name': 'Ireland'}, {'iso_3166_1': 'US', 'name': 'United States of America'}]",2025,[18],Blue Moon,1996625.0,7825.0,Sony Pictures Classics,1996625.0,1996625.0,Drama,"['US', 'IE']",1,1,0,1,0,0,0,1,0,0,0,0,1,1,1,0,0,0,0,0,0,0,0,0,0,0,0,0,0,0,0,0,0,0,0,Drama,1,10,October,Fall,0,0,1,1,Columbus Day,7.0,0,0,0,0,1,1,77378880,0,Medium,0,1,0,0,0,0,0,0,0,blue moon,,,,,0,0,0,0,0,0,15,0,0,0,1
False,/tS3iQRpGvQOgTuz7xPXqSidi19B.jpg,"[35, 10749, 18]",1082424,fr,Jane Austen a gâché ma vie,An aspiring author looking to get more out of life takes up a writing residency and finds herself in the sort of romantic entanglements that could come from the pages of a Jane Austen novel.,3.6706,/2xxmiejiP664Pyyjdftx8BWzHDS.jpg,2025-05-16,Jane Austen Wrecked My Life,False,6.359,71,"[{'iso_3166_1': 'FR', 'name': 'France'}]",2025,"[35, 10749, 18]",Jane Austen Wrecked My Life,1900978.0,7879.0,Sony Pictures Classics,1900978.0,1900978.0,"Comedy,Romance,Drama",['FR'],0,0,0,0,0,0,0,1,0,0,0,0,1,0,1,1,0,0,0,1,0,0,0,0,0,0,0,0,0,0,0,0,0,1,0,Comedy,3,5,May,Spring,1,0,0,1,Memorial Day,9.0,0,0,0,1,1,5,423778855,0,High,1,1,0,0,0,0,0,0,0,jane austen,,,,,0,0,0,0,0,0,15,0,0,0,1
False,/xazotJbAZRlh5JYwBPXOzGgmD3l.jpg,[27],1315303,en,Primate,"Home from college, Lucy reunites with family including pet chimp Ben. Ben contracts rabies during a pool party and turns aggressive. Lucy and friends barricade in pool, devising ways to survive the vicious chimp.",8.286,/z97hrgI5wbGbZvSVkBfAeBnFKAg.jpg,2026-01-09,Primate,False,0.0,0,"[{'iso_3166_1': 'US', 'name': 'United States of America'}]",2026,[27],Primate,,,Paramount Pictures,,,Horror,['US'],1,0,0,1,0,0,0,0,1,0,0,0,1,1,0,0,0,0,0,0,0,1,0,0,0,0,0,0,0,0,0,0,0,0,0,Horror,1,1,January,Winter,0,0,0,1,New Year's Day,8.0,1,0,0,0,0,0,0,,Low,0,0,0,0,0,0,0,0,0,primate,,,,,0,0,0,0,0,0,16,0,0,0,1
False,,[18],1527019,de,Untitled,TBD,0.0,,2026-01-10,Untitled,False,0.0,0,"[{'iso_3166_1': 'CH', 'name': 'Switzerland'}, {'iso_3166_1': 'FR', 'name': 'France'}]",2026,[18],Untitled,,,Paramount Pictures,,,Drama,"['FR', 'CH']",0,0,0,0,0,0,0,0,1,0,0,0,1,0,1,0,0,0,0,0,0,0,0,0,0,0,0,0,0,0,0,0,0,0,0,Drama,1,1,January,Winter,0,0,0,1,New Year's Day,9.0,1,0,0,0,0,0,0,,Low,0,0,0,0,0,0,0,0,0,untitled,,,,,0,0,0,0,0,0,16,0,0,0,1
False,/uApLc1aWuzPW6g0J6jWdmHyewHM.jpg,"[18, 80, 9648]",1290432,fr,Vie privée,"Following the death of Paula, one of her long-time patients, psychiatrist Lilian Steiner becomes convinced that her supposed death by suicide is actually an unsolved murder.",5.3737,/AnZ9XzhouSSvQH337923RPFTaqK.jpg,2026-01-16,A Private Life,False,6.0,49,"[{'iso_3166_1': 'FR', 'name': 'France'}]",2026,"[18, 80, 9648]",A Private Life,,,Sony Pictures Releasing,,,"Drama,Crime,Mystery",['FR'],0,0,0,0,0,0,0,1,0,0,0,0,1,0,1,0,0,0,0,0,0,0,1,0,0,0,1,0,0,0,0,0,0,0,0,Drama,3,1,January,Winter,0,0,0,1,Martin Luther King Jr. Day,1.0,0,0,0,0,0,0,0,,Low,0,0,0,0,0,0,0,0,0,private life,,,,,0,0,0,0,0,0,16,0,0,0,1
False,/dT1p0K1szMAUBuE2bibouDQdNb8.jpg,"[27, 53, 878]",1272837,en,28 Years Later: The Bone Temple,Dr. Kelson finds himself in a shocking new relationship - with consequences that could change the world as they know it - and Spike's encounter with Jimmy Crystal becomes a nightmare he can't escape.,8.5826,/j44XuLdsoSnlSuMgdKmcju4vM95.jpg,2026-01-16,28 Years Later: The Bone Temple,False,0.0,0,"[{'iso_3166_1': 'GB', 'name': 'United Kingdom'}, {'iso_3166_1': 'US', 'name': 'United States of America'}]",2026,"[27, 53, 878]",28 Years Later: The Bone Temple,,,Sony Pictures Releasing,,,"Horror,Thriller,Science Fiction","['GB', 'US']",1,1,0,1,0,0,0,1,0,0,0,0,1,1,0,0,0,1,0,0,1,1,0,0,0,0,0,0,0,0,0,0,0,0,0,Horror,3,1,January,Winter,0,0,0,1,Martin Luther King Jr. Day,1.0,0,0,0,0,0,0,0,,Low,0,0,0,0,0,0,0,1,1,28 years,70446897.0,70446897.0,70446897.0,1.0,0,0,0,0,0,1,16,0,0,0,1
False,/6wp3f1ooedFBtFQdA0Qy8mKY56F.jpg,[18],1559189,ja,炎上,"When runaway teen Ju-Ju is embraced by a tribe of misfit youths in Kabukicho, she finds belonging for the first time — until betrayal and despair twist her haven into a prison, and she’s left with one way to take back control.",1.006,/fCcI42Lj9nT3ntUqn4np6kJsuZt.jpg,2026-01-25,BURN,False,0.0,0,"[{'iso_3166_1': 'JP', 'name': 'Japan'}]",2026,[18],BURN,,,Warner Bros.,,,Drama,['JP'],0,0,0,0,0,1,0,0,0,0,0,0,1,0,1,0,0,0,0,0,0,0,0,0,0,0,0,0,0,0,0,0,0,0,0,Drama,1,1,January,Winter,0,0,0,1,Martin Luther King Jr. Day,10.0,0,0,0,0,0,0,0,,Low,0,0,0,0,0,0,0,0,0,burn,,,,,0,0,0,0,0,0,16,0,0,0,1
False,,[],1599935,pt,Grão,,0.1437,,2026-01-27,Grão,False,0.0,0,"[{'iso_3166_1': 'BR', 'name': 'Brazil'}]",2026,[],Grão,,,Walt Disney Studios Motion Pictures,,,Unknown,['BR'],0,0,0,0,1,0,0,0,0,0,0,0,1,0,0,0,0,0,0,0,0,0,0,0,0,0,0,0,0,0,0,0,0,0,0,Unknown,1,1,January,Winter,0,0,0,0,,,0,0,0,0,0,0,0,,Low,0,0,0,0,0,0,0,0,0,gr o,,,,,0,0,0,0,0,0,16,0,0,0,1
False,/egPjVZQkex73piq0V3oF1MO5pzi.jpg,"[27, 53]",1198994,en,Send Help,"Two colleagues become stranded on a deserted island, the only survivors of a plane crash. On the island, they must overcome past grievances and work together to survive, but ultimately, it's a battle of wills and wits to make it out alive.",7.8052,/bCWAqx070MFaTJycvE6G5StRtYM.jpg,2026-01-30,Send Help,False,0.0,0,"[{'iso_3166_1': 'US', 'name': 'United States of America'}]",2026,"[27, 53]",Send Help,,,Walt Disney Studios Motion Pictures,,,"Horror,Thriller",['US'],1,0,0,1,1,0,0,0,0,0,0,0,1,1,0,0,0,1,0,0,0,1,0,0,0,0,0,0,0,0,0,0,0,0,0,Horror,2,1,January,Winter,0,0,0,0,,,0,0,0,0,0,0,0,,Low,0,0,0,0,0,0,0,0,0,send help,,,,,0,0,0,0,0,0,16,0,0,0,1
False,,[],1596436,en,Río,"“Río"" contemplates the interaction between the flow of a river, its wildlife and the sunlight. Although it is just a few inches deep, the river contains a busy and multilayered life.",0.0311,,2026-02-01,Río,False,0.0,0,[],2026,[],Río,,,Universal Pictures,,,Unknown,[],0,0,0,0,0,0,1,0,0,0,0,0,1,1,0,0,0,0,0,0,0,0,0,0,0,0,0,0,0,0,0,0,0,0,0,Unknown,1,2,February,Winter,0,0,0,0,,,0,0,0,0,0,0,0,,Low,0,0,0,0,0,0,0,0,0,r o,,,,,0,0,0,0,0,0,16,0,0,0,1
False,/h4joiL2rB1mgY7NA3OKHB2u4ARt.jpg,"[18, 9648, 27, 878]",1537673,en,Eve,"While visiting her father's apartment, a woman discovers that the man who raised her might be something less than human.",0.0357,/c11oAIi8qReZIgBN7gIbK5KvXTb.jpg,2026-02-01,Eve,False,0.0,0,"[{'iso_3166_1': 'US', 'name': 'United States of America'}]",2026,"[18, 9648, 27, 878]",Eve,,,Universal Pictures,,,"Drama,Mystery,Horror,Science Fiction",['US'],1,0,0,1,0,0,1,0,0,0,0,0,1,1,1,0,0,0,0,0,1,1,0,0,0,0,1,0,0,0,0,0,0,0,0,Drama,4,2,February,Winter,0,0,0,0,,,0,0,0,0,0,0,0,,Low,0,0,0,0,0,0,0,0,0,eve,,,,,0,0,0,0,0,0,16,0,0,0,1
False,/fIBtlFOodItS39EggIC49OfwQgK.jpg,"[18, 10749]",1316092,en,"""Wuthering Heights""","A passionate and tumultuous love story set against the backdrop of the Yorkshire moors, exploring the intense and destructive relationship between Heathcliff and Catherine Earnshaw.",3.713,/ywRO5dyE8RyyXJd6cvd69jLZeic.jpg,2026-02-13,"""Wuthering Heights""",False,0.0,0,"[{'iso_3166_1': 'US', 'name': 'United States of America'}, {'iso_3166_1': 'GB', 'name': 'United Kingdom'}]",2026,"[18, 10749]","""Wuthering Heights""",,,Warner Bros.,,,"Drama,Romance","['GB', 'US']",1,1,0,1,0,1,0,0,0,0,0,0,1,1,1,0,0,0,0,1,0,0,0,0,0,0,0,0,0,0,0,0,0,0,0,Drama,2,2,February,Winter,0,0,0,1,Presidents Day,2.0,0,0,0,0,0,0,0,,Low,0,0,0,0,0,0,0,0,0,wuthering heights,,,,,0,0,0,0,0,0,16,0,0,0,1
False,/kEr4SY8y4ZS8drASBLzLGbQ0Zkm.jpg,"[16, 10751, 35]",1297842,en,GOAT,"Will, a small goat with big dreams, gets a once-in-a-lifetime shot to join the pros and play roarball – a high-intensity, co-ed, full-contact sport dominated by the fastest, fiercest animals in the world. Will's new teammates aren't thrilled about having a little goat on their roster, but Will is determined to revolutionize the sport and prove once and for all that ""smalls can ball!"" He has to do something he has never done before.",6.136,/bEd8c3FrcNEjDgsniTfrtvYPDh7.jpg,2026-02-13,GOAT,False,0.0,0,"[{'iso_3166_1': 'US', 'name': 'United States of America'}]",2026,"[16, 10751, 35]",GOAT,,,Sony Pictures Releasing,,,"Animation,Family,Comedy",['US'],1,0,0,1,0,0,0,1,0,0,0,0,1,1,0,1,0,0,0,0,0,0,0,1,0,1,0,0,0,0,0,0,0,0,1,Animation,3,2,February,Winter,0,0,0,1,Presidents Day,2.0,0,0,0,0,0,0,0,,Low,0,0,0,0,0,0,0,0,0,goat,,,,,0,0,0,0,0,0,16,0,0,0,1
False,/jvsyLu1YnhIVnWSJbao6TFd44iN.jpg,"[18, 36]",1512841,sk,ON,"A feature film depicting the critical 24 hours in the life of the famous Slovak figure skater Ondrej Nepela; intense and intimate personal drama of a young man, who, after years of dutiful representation of his totalitarian homeland longs to leave the golden cage of Czechoslovakia and become free. He wants to live and love without fear, that the revelation of his sexual orientation will make him a deviant and destroy everything he dedicated his life to. However, the regime strengthens its pressure on him in the moment of his highest vulnerability, using the dirtiest methods to make Ondrej conform to its cruel ultimatum.",0.8639,/lbjiVNI9ixGCUNczXZdOrAUPbm6.jpg,2026-02-19,Him,False,0.0,0,"[{'iso_3166_1': 'SK', 'name': 'Slovakia'}, {'iso_3166_1': 'CZ', 'name': 'Czech Republic'}]",2026,"[18, 36]",Him,,,Universal Pictures,,,"Drama,History","['SK', 'CZ']",0,0,0,0,0,0,1,0,0,0,0,0,1,0,1,0,0,0,0,0,0,0,0,0,0,0,0,1,0,0,0,0,0,0,0,Drama,2,2,February,Winter,0,0,0,1,Presidents Day,4.0,0,0,0,0,0,0,0,,Low,0,0,0,0,0,0,0,0,0,him,,,,,0,0,0,0,0,0,16,0,0,0,1
False,/j1NCNvi9NWGrgAXaZKUANAcLjAT.jpg,"[80, 27, 53]",1107166,en,Psycho Killer,"Following the brutal murder of her husband, a Kansas highway patrol officer sets out on a journey to track down the perpetrator. As the hunt progresses, she comes to realize the man responsible is a sadistic serial killer, and the depth of his mental depravity and his sinister agenda is more twisted than anyone could have imagined.",1.2538,/zNfoMfpOgsfZ9axV0UzNFKVh0wG.jpg,2026-02-20,Psycho Killer,False,0.0,0,"[{'iso_3166_1': 'US', 'name': 'United States of America'}, {'iso_3166_1': 'DE', 'name': 'Germany'}]",2026,"[80, 27, 53]",Psycho Killer,,,20th Century Studios,,,"Crime,Horror,Thriller","['US', 'DE']",1,0,0,1,0,0,0,0,0,1,0,0,1,1,0,0,0,1,0,0,0,1,1,0,0,0,0,0,0,0,0,0,0,0,0,Crime,3,2,February,Winter,0,0,0,1,Presidents Day,5.0,0,0,0,0,0,0,0,,Low,0,0,0,0,0,0,0,0,0,psycho killer,,,,,0,0,0,0,0,0,16,0,0,0,1
False,/qHBnPZA3J6hSl9a3Q1JAQzDeo2L.jpg,"[18, 10402]",1405769,en,I Can Only Imagine 2,"After the breakout success of the song ""I Can Only Imagine,"" MercyMe's Bart Millard is living the dream—sold-out arenas, a devoted fan base, and a thriving career. But behind the spotlight, Bart's past threatens the family he's built, especially the fragile bond with his son, Sam. When hopeful newcomer Tim Timmons joins the band for their biggest tour yet, he unknowingly brings a renewed gratitude to Bart's life through their unlikely friendship. Bart soon discovers that Tim carries hardships—and secrets—of his own, forcing him to face his past and repair his relationships with Sam and his wife, Shannon, before fame costs him what matters most.",2.828,/qYBCs9nBmdNCLduw5BTlendq89z.jpg,2026-02-20,I Can Only Imagine 2,False,0.0,0,"[{'iso_3166_1': 'US', 'name': 'United States of America'}]",2026,"[18, 10402]",I Can Only Imagine 2,,,Lionsgate,,,"Drama,Music",['US'],1,0,0,1,0,0,0,0,0,0,0,1,1,1,1,0,0,0,0,0,0,0,0,0,0,0,0,0,1,0,0,0,0,0,0,Drama,2,2,February,Winter,0,0,0,1,Presidents Day,5.0,0,0,0,0,0,0,0,,Low,0,0,0,0,0,0,0,1,1,i can,83482352.0,83482352.0,83482352.0,1.0,0,0,0,0,0,1,16,0,0,0,1
False,/xXFtetuwZkI3Byl7qmQ8DZXQqY.jpg,"[27, 9648, 53]",1159559,en,Scream 7,"When a new Ghostface killer emerges in the quiet town where Sidney Prescott has built a new life, her darkest fears are realized as her daughter becomes the next target. Determined to protect her family, Sidney must face the horrors of her past to put an end to the bloodshed once and for all.",4.8836,/5sNoi4hm3KXawed937Weh3To8aP.jpg,2026-02-27,Scream 7,False,0.0,0,"[{'iso_3166_1': 'US', 'name': 'United States of America'}]",2026,"[27, 9648, 53]",Scream 7,,,Paramount Pictures,,,"Horror,Mystery,Thriller",['US'],1,0,0,1,0,0,0,0,1,0,0,0,1,1,0,0,0,1,0,0,0,1,0,0,0,0,1,0,0,0,0,0,0,0,0,Horror,3,2,February,Winter,0,0,0,0,,,0,0,0,0,0,0,0,,Low,0,0,0,0,0,0,0,1,1,scream 7,0.0,,,0.0,0,0,0,0,0,1,16,0,0,0,1
False,/2RrLuIfIzGWWIH8IAEo6o0IYHmx.jpg,"[10751, 35, 16, 878]",1327819,en,Hoppers,"Scientists have discovered how to ""hop"" human consciousness into lifelike robotic animals, allowing people to communicate with animals as animals. Animal lover Mabel seizes an opportunity to use the technology, uncovering mysteries within the animal world that are beyond anything she could have imagined.",5.4029,/12tvpCv413QvvJlZGf4lRq446tT.jpg,2026-03-06,Hoppers,False,0.0,0,"[{'iso_3166_1': 'US', 'name': 'United States of America'}]",2026,"[10751, 35, 16, 878]",Hoppers,,,Walt Disney Studios Motion Pictures,,,"Family,Comedy,Animation,Science Fiction",['US'],1,0,0,1,1,0,0,0,0,0,0,0,1,1,0,1,0,0,0,0,1,0,0,1,0,1,0,0,0,0,0,0,0,0,1,Family,4,3,March,Spring,0,0,0,0,,,0,0,0,0,0,0,0,,Low,0,0,0,0,0,0,0,0,0,hoppers,,,,,0,0,0,0,0,0,16,0,0,0,1
False,/gieecxMK6asXMYHeNiRjABzDkWr.jpg,"[16, 878]",999140,fr,Planètes,"Two dandelion balls are the only survivors of a series of nuclear explosions that are destroying the Earth. At the end of their odyssey, they will find a new soil for the survival of their species.",1.4584,/4brlVcs4DC2sHw5vhcBLlcb6thB.jpg,2026-03-11,Dandelion's Odyssey,False,0.0,0,"[{'iso_3166_1': 'BE', 'name': 'Belgium'}, {'iso_3166_1': 'FR', 'name': 'France'}]",2026,"[16, 878]",Dandelion's Odyssey,,,Universal Pictures,,,"Animation,Science Fiction","['FR', 'BE']",0,0,0,0,0,0,1,0,0,0,0,0,1,0,0,0,0,0,0,0,1,0,0,0,0,1,0,0,0,0,0,0,0,0,0,Animation,2,3,March,Spring,0,0,0,0,,,0,0,0,0,0,0,0,,Low,0,0,0,0,0,0,0,0,0,dandelion s,,,,,0,0,0,0,0,0,16,0,0,0,1
False,/epIN71wb1bZBPmPu0EV4z6ce5J8.jpg,"[35, 10751]",1440050,en,The Breadwinner,After his wife Katie lands a once-in-a-lifetime deal on Shark Tank that takes her on a prolonged business trip - lifelong breadwinner Nate Wilcox now has to fend for his family as a first-time stay-at-home dad.,5.6489,/yCtKumEDobgZ67L7YUgi9b6KJ2K.jpg,2026-03-13,The Breadwinner,False,0.0,0,"[{'iso_3166_1': 'US', 'name': 'United States of America'}]",2026,"[35, 10751]",The Breadwinner,,,Sony Pictures Releasing,,,"Comedy,Family",['US'],1,0,0,1,0,0,0,1,0,0,0,0,1,1,0,1,0,0,0,0,0,0,0,1,0,0,0,0,0,0,0,0,0,0,0,Comedy,2,3,March,Spring,0,0,0,0,,,0,0,0,0,0,0,0,,Low,0,0,0,0,0,0,0,0,0,breadwinner,,,,,0,0,0,0,0,0,16,0,0,0,1
False,/5U0tqruExz7ssDyr5pwiAGFzI8S.jpg,"[10751, 14, 35, 12, 16]",1226863,en,The Super Mario Galaxy Movie,A new movie based on the world of Super Mario Bros. that further broadens Mario's world with a bright and fun story. Plot TBA.,8.5567,/gZ3Tecr4QnM4RUIT7CVW3Q0s6tE.jpg,2026-04-03,The Super Mario Galaxy Movie,False,0.0,0,"[{'iso_3166_1': 'JP', 'name': 'Japan'}, {'iso_3166_1': 'US', 'name': 'United States of America'}]",2026,"[10751, 14, 35, 12, 16]",The Super Mario Galaxy Movie,,,Universal Pictures,,,"Family,Fantasy,Comedy,Adventure,Animation","['US', 'JP']",1,0,0,1,0,0,1,0,0,0,0,0,1,1,0,1,0,0,1,0,0,0,0,1,1,1,0,0,0,0,0,0,0,0,1,Family,5,4,April,Spring,0,0,0,0,,,0,0,0,0,0,0,0,,Low,0,0,0,0,0,0,0,1,1,super mario,574934330.0,574934330.0,574934330.0,1.0,0,1,0,0,1,1,16,0,0,0,1
False,/2cr7imTLVSSrzgL3bFKAMCMdgKw.jpg,"[18, 35]",1314481,en,The Devil Wears Prada 2,"Miranda Priestly navigates her career amid the decline of traditional magazine publishing. She faces off against Emily Charlton, her one-time assistant, now a high-powered executive for a luxury group, with advertising dollars that Priestly desperately needs.",3.7309,/DCeVQf830rhxqrDgz3qvk7U7s6.jpg,2026-05-01,The Devil Wears Prada 2,False,0.0,0,"[{'iso_3166_1': 'US', 'name': 'United States of America'}]",2026,"[18, 35]",The Devil Wears Prada 2,,,Walt Disney Studios Motion Pictures,,,"Drama,Comedy",['US'],1,0,0,1,1,0,0,0,0,0,0,0,1,1,1,1,0,0,0,0,0,0,0,0,0,0,0,0,0,0,0,0,0,0,0,Drama,2,5,May,Spring,1,0,0,0,,,0,0,0,0,0,0,0,,Low,0,0,0,0,0,0,0,1,1,devil wears,0.0,,,0.0,0,0,0,0,0,1,16,0,0,0,1
False,/saOOrZNqrL31H1MdMyUkYbB6F43.jpg,"[35, 27]",1273221,en,Scary Movie,The sixth installment in the franchise. Plot TBA.,2.0253,/8a1l2NgldyD1HME1sPYI3p8ASuJ.jpg,2026-06-12,Scary Movie 6,False,0.0,0,"[{'iso_3166_1': 'US', 'name': 'United States of America'}]",2026,"[35, 27]",Scary Movie,,,Paramount Pictures,,,"Comedy,Horror",['US'],1,0,0,1,0,0,0,0,1,0,0,0,1,1,0,1,0,0,0,0,0,1,0,0,0,0,0,0,0,0,0,0,0,0,0,Comedy,2,6,June,Summer,1,0,0,0,,,0,0,0,0,0,0,0,,Low,0,0,0,0,0,0,0,1,1,scary movie,32015787.0,32015787.0,32015787.0,1.0,0,0,0,0,0,1,16,0,0,0,1
False,/qrx28gxdzCzfYvgCBZ9RNTveAa2.jpg,"[16, 10751, 35]",1084244,en,Toy Story 5,"When Bonnie receives a Lilypad tablet as a gift and becomes obsessed, Buzz, Woody, Jessie and the rest of the gang's jobs become exponentially harder when they have to go head to head with the all-new threat to playtime.",5.8928,/aXRsPzBgZKRlRDParzxwQEgM8p2.jpg,2026-06-19,Toy Story 5,False,0.0,0,"[{'iso_3166_1': 'US', 'name': 'United States of America'}]",2026,"[16, 10751, 35]",Toy Story 5,,,Walt Disney Studios Motion Pictures,,,"Animation,Family,Comedy",['US'],1,0,0,1,1,0,0,0,0,0,0,0,1,1,0,1,0,0,0,0,0,0,0,1,0,1,0,0,0,0,0,0,0,0,1,Animation,3,6,June,Summer,1,0,0,0,,,0,0,0,0,0,0,0,,Low,0,0,0,0,0,0,0,1,1,toy story,849042888.0,434038008.0,424521444.0,2.0,0,0,0,0,0,1,16,0,0,0,1
False,/28PGUwfIkAByymJOb6KkJt5SgYw.jpg,"[28, 12, 878]",1081003,en,Supergirl,"While celebrating her 21st birthday, Kara Zor-El travels across the galaxy with her dog Krypto, during which she meets the young Ruthye Marye Knoll and goes on a ""murderous quest for revenge"".",10.6641,/niSvU02l2BONH9ivubV6K1a5QiK.jpg,2026-06-26,Supergirl,False,0.0,0,"[{'iso_3166_1': 'US', 'name': 'United States of America'}]",2026,"[28, 12, 878]",Supergirl,,,Warner Bros.,,,"Action,Adventure,Science Fiction",['US'],1,0,0,1,0,1,0,0,0,0,0,0,1,1,0,0,1,0,1,0,1,0,0,0,0,0,0,0,0,0,0,1,1,0,0,Action,3,6,June,Summer,1,0,0,1,Independence Day,8.0,0,0,1,0,0,0,0,,Low,0,0,0,0,0,0,0,0,0,supergirl,,,,,0,0,0,0,0,0,16,0,0,0,1
False,/xgEp9FPyNnvhpqXMXFUwVKioQBY.jpg,"[10751, 35, 16]",1315772,en,Minions 3,The third installment in the Minions spin-off franchise. Plot TBA.,4.8825,/z4U19BvdwjjmqzprVTuuHnhGyJR.jpg,2026-07-01,Minions 3,False,0.0,0,"[{'iso_3166_1': 'US', 'name': 'United States of America'}]",2026,"[10751, 35, 16]",Minions 3,,,Universal Pictures,,,"Family,Comedy,Animation",['US'],1,0,0,1,0,0,1,0,0,0,0,0,1,1,0,1,0,0,0,0,0,0,0,1,0,1,0,0,0,0,0,0,0,0,1,Family,3,7,July,Summer,1,0,0,1,Independence Day,3.0,0,0,1,0,0,0,0,,Low,0,0,0,0,0,0,0,1,1,minions 3,0.0,,,0.0,0,1,0,0,1,1,16,0,0,0,1
False,,[53],1290417,en,Shiver,Will center around a shark attack. Plot TBA.,1.9934,/vFb0qOHwV964oq5h7u4Yo7J8WV1.jpg,2026-07-03,Shiver,False,0.0,0,"[{'iso_3166_1': 'US', 'name': 'United States of America'}, {'iso_3166_1': 'AU', 'name': 'Australia'}]",2026,[53],Shiver,,,Sony Pictures Releasing,,,Thriller,"['US', 'AU']",1,0,0,1,0,0,0,1,0,0,0,0,1,1,0,0,0,1,0,0,0,0,0,0,0,0,0,0,0,0,0,0,0,0,0,Thriller,1,7,July,Summer,1,0,0,1,Independence Day,1.0,0,0,1,0,0,0,0,,Low,0,0,0,0,0,0,0,0,0,shiver,,,,,0,0,0,0,0,0,16,0,0,0,1
False,/ogv0eTxwCVcrfKYsl2GKH4hNHJL.jpg,"[10751, 14, 35, 12]",1108427,en,Moana,"In Ancient Polynesia, when a terrible curse incurred by Maui reaches the island of an impetuous Chieftain, his willful daughter answers the Ocean's call to seek out the demigod to set things right.",8.7344,/8Kpmnbbb8Rp1wG99thlcZ9JAUqo.jpg,2026-07-10,Moana,False,0.0,0,"[{'iso_3166_1': 'US', 'name': 'United States of America'}]",2026,"[10751, 14, 35, 12]",Moana,,,Walt Disney Studios Motion Pictures,,,"Family,Fantasy,Comedy,Adventure",['US'],1,0,0,1,1,0,0,0,0,0,0,0,1,1,0,1,0,0,1,0,0,0,0,1,1,0,0,0,0,0,0,0,0,0,0,Family,4,7,July,Summer,1,0,0,1,Independence Day,6.0,0,0,1,0,0,0,0,,Low,0,0,0,0,0,0,0,0,0,moana,,,,,1,0,0,0,1,1,16,0,0,0,1
False,,[35],1451148,en,Cut Off,"Two wealthy siblings suddenly find themselves cut off from their parents’ financial support, forced for the first time to navigate adult life on their own.",2.0943,,2026-07-17,Cut Off,False,0.0,0,"[{'iso_3166_1': 'US', 'name': 'United States of America'}]",2026,[35],Cut Off,,,Warner Bros.,,,Comedy,['US'],1,0,0,1,0,1,0,0,0,0,0,0,1,1,0,1,0,0,0,0,0,0,0,0,0,0,0,0,0,0,0,0,0,0,0,Comedy,1,7,July,Summer,1,0,0,0,,,0,0,0,0,0,0,0,,Low,0,0,0,0,0,0,0,0,0,cut off,,,,,0,0,0,0,0,0,16,0,0,0,1
False,/f5woP1q5t1ylKG5hQwUKKbbPxKL.jpg,[878],1588753,en,RISE,The year is 2099. With the evolution of AI bringing machines to a superior to human intelligence they have lived peacefully and in harmony together. Until now…,0.3263,/aNn1fNbHLb6B6FA2RSJD5vMf8kn.jpg,2026-07-26,RISE,False,0.0,0,"[{'iso_3166_1': 'GB', 'name': 'United Kingdom'}]",2026,[878],RISE,,,Lionsgate,,,Science Fiction,['GB'],0,1,0,1,0,0,0,0,0,0,0,1,1,1,0,0,0,0,0,0,1,0,0,0,0,0,0,0,0,0,0,0,0,0,0,Science Fiction,1,7,July,Summer,1,0,0,0,,,0,0,0,0,0,0,0,,Low,0,0,0,0,0,0,0,0,0,rise,,,,,0,0,0,0,0,0,16,0,0,0,1
False,/63JYqhefGrbVg0YqZ3xWqn0pwT2.jpg,"[878, 28, 12]",969681,en,Spider-Man: Brand New Day,The fourth installment in the Spider-Man franchise and part of Phase Six of the Marvel Cinematic Universe (MCU). Plot TBA.,11.7961,/9JCQtDCSpPR2ld55yNlEg1VwcQo.jpg,2026-07-31,Spider-Man: Brand New Day,False,0.0,0,"[{'iso_3166_1': 'US', 'name': 'United States of America'}]",2026,"[878, 28, 12]",Spider-Man: Brand New Day,,,Sony Pictures Releasing,,,"Science Fiction,Action,Adventure",['US'],1,0,0,1,0,0,0,1,0,0,0,0,1,1,0,0,1,0,1,0,1,0,0,0,0,0,0,0,0,0,0,1,1,0,0,Science Fiction,3,7,July,Summer,1,0,0,0,,,0,0,0,0,0,0,0,,Low,0,0,1,0,0,0,0,1,1,spider,2112938426.0,381593754.0,422587685.2,5.0,0,0,1,0,0,1,16,0,0,0,1
False,,[],1561333,tl,'a.ni.mal,Finalist for Cinemalaya 2026 Full-Length Feature.,0.0836,/ilpZbr4cjQEX32XuhLLxUlyVj1G.jpg,2026-08-07,'a.ni.mal,False,0.0,0,[],2026,[],'a.ni.mal,,,Sony Pictures Releasing,,,Unknown,[],0,0,0,0,0,0,0,1,0,0,0,0,1,0,0,0,0,0,0,0,0,0,0,0,0,0,0,0,0,0,0,0,0,0,0,Unknown,1,8,August,Summer,1,0,0,0,,,0,0,0,0,0,0,0,,Low,0,0,0,0,0,0,0,0,0,ni mal,,,,,0,0,0,0,0,0,16,0,0,0,1
False,/frG3IO5kCrnyXDt1q9x4JtToSw3.jpg,"[28, 80, 53]",1288445,en,Mutiny,"After his billionaire industrialist boss is murdered in front of him, Cole Reed is set up to take the fall for the crime — leaving him on the run as he works to uncover an international conspiracy.",3.0931,/o4fCyv6MPiBbI1W9vmmgqallGct.jpg,2026-08-21,Mutiny,False,0.0,0,"[{'iso_3166_1': 'GB', 'name': 'United Kingdom'}, {'iso_3166_1': 'US', 'name': 'United States of America'}]",2026,"[28, 80, 53]",Mutiny,,,Lionsgate,,,"Action,Crime,Thriller","['GB', 'US']",1,1,0,1,0,0,0,0,0,0,0,1,1,1,0,0,1,1,0,0,0,0,1,0,0,0,0,0,0,0,0,0,0,0,0,Action,3,8,August,Summer,1,0,0,0,,,0,0,0,0,0,0,0,,Low,0,0,0,0,0,0,0,0,0,mutiny,,,,,0,0,0,0,0,0,16,0,0,0,1
False,,"[878, 12]",1384216,en,The Dog Stars,"After the world's population has been ravaged by a pandemic, a man lives a lonesome existence in a Colorado airplane hangar with his dog and a dour gunman he has befriended. When a mysterious transmission comes through on the radio while he’s flying his old Cessna, it sparks a hunt for the provenance of the sound.",2.7997,/3KBGRPHhwSBXUixKeGhExfbBIzj.jpg,2026-08-28,The Dog Stars,False,0.0,0,"[{'iso_3166_1': 'US', 'name': 'United States of America'}]",2026,"[878, 12]",The Dog Stars,,,Walt Disney Studios Motion Pictures,,,"Science Fiction,Adventure",['US'],1,0,0,1,1,0,0,0,0,0,0,0,1,1,0,0,0,0,1,0,1,0,0,0,0,0,0,0,0,0,0,0,0,0,0,Science Fiction,2,8,August,Summer,1,0,0,1,Labor Day,4.0,0,0,0,1,0,0,0,,Low,0,0,0,0,0,0,0,0,0,dog stars,,,,,0,0,0,0,0,0,16,0,0,0,1
False,/pFLeuwKNJLC9ETW17uBaUwTWxWl.jpg,"[10751, 35, 16, 14]",1117898,en,The Cat in the Hat,"Doing what he does best, the Cat spreads joy to kids in his hilarious, signature, and singularly irreverent way, transporting them and audiences on a fantastical journey through a world they've never seen before. Our hero takes on his toughest assignment yet for the I.I.I.I. (Institute for the Institution of Imagination and Inspiration, LLC) to cheer up Gabby and Sebastian, a pair of siblings struggling to move to a new town. Known for taking things too far, this could be this agent of chaos' last chance to prove himself...or lose his magical hat!",2.5728,/tYH4rQZlHtuFSeDS0bsV17khvJC.jpg,2026-11-06,The Cat in the Hat,False,0.0,0,"[{'iso_3166_1': 'GB', 'name': 'United Kingdom'}, {'iso_3166_1': 'US', 'name': 'United States of America'}]",2026,"[10751, 35, 16, 14]",The Cat in the Hat,,,Warner Bros.,,,"Family,Comedy,Animation,Fantasy","['GB', 'US']",1,1,0,1,0,1,0,0,0,0,0,0,1,1,0,1,0,0,0,0,0,0,0,1,1,1,0,0,0,0,0,0,0,0,1,Family,4,11,November,Fall,0,1,1,1,Veterans Day,5.0,0,0,0,0,0,0,0,,Low,0,0,0,0,0,0,0,0,0,cat in,,,,,0,1,0,0,1,1,16,0,0,0,1
False,/78dChJs7doULSEhIiOvGUcXQRGU.jpg,"[28, 35, 14]",1078446,en,Violent Night 2,The sequel to the 2022 film. Plot TBA.,1.4119,/sI9m5PUoZT6upungDXVTSPTtfgX.jpg,2026-12-04,Violent Night 2,False,0.0,0,"[{'iso_3166_1': 'US', 'name': 'United States of America'}]",2026,"[28, 35, 14]",Violent Night 2,,,Universal Pictures,,,"Action,Comedy,Fantasy",['US'],1,0,0,1,0,0,1,0,0,0,0,0,1,1,0,1,1,0,0,0,0,0,0,0,1,0,0,0,0,0,0,0,0,0,0,Action,3,12,December,Winter,0,1,1,1,Thanksgiving,9.0,0,1,0,0,0,0,0,,Low,0,0,0,0,0,0,0,1,1,violent night,50057405.0,50057405.0,50057405.0,1.0,0,0,0,0,0,1,16,0,0,0,1
False,,"[14, 12, 35, 28]",1260649,en,Jumanji 3,The third film in the Jumanji reboot franchise. Plot TBA.,4.6394,,2026-12-11,Jumanji 3,False,0.0,0,"[{'iso_3166_1': 'US', 'name': 'United States of America'}]",2026,"[14, 12, 35, 28]",Jumanji 3,,,Sony Pictures Releasing,,,"Fantasy,Adventure,Comedy,Action",['US'],1,0,0,1,0,0,0,1,0,0,0,0,1,1,0,1,1,0,1,0,0,0,0,0,1,0,0,0,0,0,0,1,0,0,0,Fantasy,4,12,December,Winter,0,1,1,0,,,0,0,0,0,0,0,0,,Low,0,0,0,0,0,0,0,1,1,jumanji 3,0.0,,,0.0,0,1,0,0,1,1,16,0,0,0,1
False,/s4EPSbpbnf20oWq64lKRn28Yx7J.jpg,"[878, 28, 12]",1003596,en,Avengers: Doomsday,"The Avengers, Wakandans, Fantastic Four, Thunderbolts, and X-Men all fight against Doctor Doom. Plot TBA.",36.0533,/8HkIe2i4ScpCkcX9SzZ9IPasqWV.jpg,2026-12-18,Avengers: Doomsday,False,0.0,0,"[{'iso_3166_1': 'US', 'name': 'United States of America'}]",2026,"[878, 28, 12]",Avengers: Doomsday,,,Walt Disney Studios Motion Pictures,,,"Science Fiction,Action,Adventure",['US'],1,0,0,1,1,0,0,0,0,0,0,0,1,1,0,0,1,0,1,0,1,0,0,0,0,0,0,0,0,0,0,1,1,0,0,Science Fiction,3,12,December,Winter,0,1,1,1,Christmas,7.0,1,0,0,0,0,0,0,,Low,0,0,1,0,0,0,0,1,1,avengers,2619552260.0,858373000.0,654888065.0,4.0,0,0,1,0,0,1,16,0,0,0,1
False,/5ZCb6FaqXnsplFG4fDK8a3VFVz4.jpg,"[10751, 35, 12, 16]",1300926,en,The Angry Birds Movie 3,The third installment in The Angry Birds Movie franchise. Plot TBA.,2.7119,/aHQ8JznSRh2sTy0QR14rkY77IR1.jpg,2026-12-23,The Angry Birds Movie 3,False,0.0,0,"[{'iso_3166_1': 'FI', 'name': 'Finland'}, {'iso_3166_1': 'JP', 'name': 'Japan'}, {'iso_3166_1': 'US', 'name': 'United States of America'}, {'iso_3166_1': 'IN', 'name': 'India'}, {'iso_3166_1': 'HK', 'name': 'Hong Kong'}, {'iso_3166_1': 'GB', 'name': 'United Kingdom'}]",2026,"[10751, 35, 12, 16]",The Angry Birds Movie 3,,,Paramount Pictures,,,"Family,Comedy,Adventure,Animation","['GB', 'FI', 'HK', 'JP', 'US', 'IN']",1,1,0,1,0,0,0,0,1,0,0,0,1,1,0,1,0,0,1,0,0,0,0,1,0,1,0,0,0,0,0,0,0,0,1,Family,4,12,December,Winter,0,1,1,1,Christmas,2.0,1,0,0,0,0,0,0,,Low,0,0,0,0,0,0,0,1,1,angry birds,149176482.0,41667116.0,74588241.0,2.0,0,1,0,0,1,1,16,0,0,0,1
